[076月2026 16:52:11.860] [main/INFO] [Arclight/]: 

       ___           ___     __   /\
      /   | ________/ (_)__ / /  / /
     / /| |/ __/ __/ / / _ / _ \/__/
    / ___ / / / /_/ / / / / // / /
   /_/  |/_/  \__/_/_/\_ /_//_/ /
                     /__/     \/

    运行版本 诸王 / arclight-1.21.1-1.0.2-SNAPSHOT-0769551
    构建日期 2026-05-09 08:50:30

[076月2026 16:52:11.886] [main/INFO] [cpw.mods.modlauncher.Launcher/MODLAUNCHER]: ModLauncher running: args [--launchTarget, arclightserver, --fml.neoForgeVersion, 21.1.228, --fml.fmlVersion, 4.0.42, --fml.mcVersion, 1.21.1, --fml.neoFormVersion, 20240808.144430, nogui]
[076月2026 16:52:11.886] [main/INFO] [cpw.mods.modlauncher.Launcher/MODLAUNCHER]: JVM identified as Eclipse Adoptium OpenJDK 64-Bit Server VM 21.0.11+10-LTS
[076月2026 16:52:11.887] [main/INFO] [cpw.mods.modlauncher.Launcher/MODLAUNCHER]: ModLauncher 11.0.5+main.901c6ea8 starting: java version 21.0.11 by Eclipse Adoptium; OS Windows 10 arch amd64 version 10.0
[076月2026 16:52:11.902] [main/DEBUG] [cpw.mods.modlauncher.LaunchServiceHandler/MODLAUNCHER]: Found launch services [arclightserver,minecraft,forgeclient,forgeserverdev,forgeserveruserdev,forgejunitdev,forgeclientdev,forgeclientuserdev,forgeserver,forgejunituserdev,forgedatadev,forgedatauserdev,testharness]
[076月2026 16:52:11.912] [main/DEBUG] [cpw.mods.modlauncher.LaunchPluginHandler/MODLAUNCHER]: Found launch plugins: [mixin,arclight_implementer,slf4jfixer,runtime_enum_extender,accesstransformer,runtimedistcleaner]
[076月2026 16:52:11.919] [main/DEBUG] [cpw.mods.modlauncher.TransformationServicesHandler/MODLAUNCHER]: Discovering transformation services
[076月2026 16:52:11.921] [main/DEBUG] [net.neoforged.fml.loading.FMLPaths/CORE]: Path GAMEDIR is D:\Minecraft\PN Base V0.1\daemon\data\InstanceData\1.21.1 鸽子窝
[076月2026 16:52:11.921] [main/DEBUG] [net.neoforged.fml.loading.FMLPaths/CORE]: Path MODSDIR is D:\Minecraft\PN Base V0.1\daemon\data\InstanceData\1.21.1 鸽子窝\mods
[076月2026 16:52:11.921] [main/DEBUG] [net.neoforged.fml.loading.FMLPaths/CORE]: Path CONFIGDIR is D:\Minecraft\PN Base V0.1\daemon\data\InstanceData\1.21.1 鸽子窝\config
[076月2026 16:52:11.922] [main/DEBUG] [net.neoforged.fml.loading.FMLPaths/CORE]: Path FMLCONFIG is D:\Minecraft\PN Base V0.1\daemon\data\InstanceData\1.21.1 鸽子窝\config\fml.toml
[076月2026 16:52:11.953] [main/DEBUG] [cpw.mods.modlauncher.TransformationServicesHandler/MODLAUNCHER]: Found additional transformation services from discovery services: 
[076月2026 16:52:11.958] [main/INFO] [net.neoforged.fml.loading.ImmediateWindowHandler/]: ImmediateWindowProvider not loading because launch target is arclightserver
[076月2026 16:52:11.963] [main/DEBUG] [cpw.mods.modlauncher.TransformationServicesHandler/MODLAUNCHER]: Found transformer services : [mixin,fml]
[076月2026 16:52:11.963] [main/DEBUG] [cpw.mods.modlauncher.TransformationServicesHandler/MODLAUNCHER]: Transformation services loading
[076月2026 16:52:11.963] [main/DEBUG] [cpw.mods.modlauncher.TransformationServiceDecorator/MODLAUNCHER]: Loading service mixin
[076月2026 16:52:11.963] [main/DEBUG] [cpw.mods.modlauncher.TransformationServiceDecorator/MODLAUNCHER]: Loaded service mixin
[076月2026 16:52:11.963] [main/DEBUG] [cpw.mods.modlauncher.TransformationServiceDecorator/MODLAUNCHER]: Loading service fml
[076月2026 16:52:11.963] [main/DEBUG] [net.neoforged.fml.loading.FMLLoader/CORE]: FML 4.0.42 loading
[076月2026 16:52:11.963] [main/DEBUG] [net.neoforged.fml.loading.FMLLoader/CORE]: FML found ModLauncher version : 11.0.5+main.901c6ea8
[076月2026 16:52:11.964] [main/DEBUG] [net.neoforged.fml.loading.FMLLoader/CORE]: FML found AccessTransformer version : 10.0.1+139da711
[076月2026 16:52:11.964] [main/DEBUG] [net.neoforged.fml.loading.FMLLoader/CORE]: FML found EventBus version : null
[076月2026 16:52:11.964] [main/DEBUG] [net.neoforged.fml.loading.FMLLoader/CORE]: Found Runtime Dist Cleaner
[076月2026 16:52:11.964] [main/DEBUG] [cpw.mods.modlauncher.TransformationServiceDecorator/MODLAUNCHER]: Loaded service fml
[076月2026 16:52:11.964] [main/DEBUG] [cpw.mods.modlauncher.TransformationServicesHandler/MODLAUNCHER]: Configuring option handling for services
[076月2026 16:52:11.973] [main/DEBUG] [net.neoforged.fml.loading.FMLServiceProvider/CORE]: Received command line version data  : VersionInfo[neoForgeVersion=21.1.228, fmlVersion=4.0.42, mcVersion=1.21.1, neoFormVersion=20240808.144430]
[076月2026 16:52:11.973] [main/DEBUG] [cpw.mods.modlauncher.TransformationServicesHandler/MODLAUNCHER]: Transformation services initializing
[076月2026 16:52:11.974] [main/DEBUG] [cpw.mods.modlauncher.TransformationServiceDecorator/MODLAUNCHER]: Initializing transformation service mixin
[076月2026 16:52:11.982] [main/DEBUG] [mixin/]: MixinService [ModLauncher] was successfully booted in cpw.mods.cl.ModuleClassLoader@78b1cc93
[076月2026 16:52:11.989] [main/INFO] [mixin/]: SpongePowered MIXIN Subsystem Version=0.8.7 Source=union:/D:/Minecraft/PN%20Base%20V0.1/daemon/data/InstanceData/1.21.1%20鸽子窝/libraries/net/fabricmc/sponge-mixin/0.15.2+mixin.0.8.7/sponge-mixin-0.15.2+mixin.0.8.7.jar%23105!/ Service=ModLauncher Env=SERVER
[076月2026 16:52:11.992] [main/DEBUG] [mixin/]: Initialising Mixin Platform Manager
[076月2026 16:52:11.992] [main/DEBUG] [mixin/]: Adding mixin platform agents for container ModLauncher Root Container(ModLauncher:4f56a0a2)
[076月2026 16:52:11.992] [main/DEBUG] [mixin/]: Instancing new MixinPlatformAgentMinecraftForge for ModLauncher Root Container(ModLauncher:4f56a0a2)
[076月2026 16:52:11.993] [main/DEBUG] [mixin/]: MixinPlatformAgentMinecraftForge rejected container ModLauncher Root Container(ModLauncher:4f56a0a2)
[076月2026 16:52:11.994] [main/DEBUG] [mixin/]: Instancing new MixinPlatformAgentDefault for ModLauncher Root Container(ModLauncher:4f56a0a2)
[076月2026 16:52:11.994] [main/DEBUG] [mixin/]: MixinPlatformAgentDefault accepted container ModLauncher Root Container(ModLauncher:4f56a0a2)
[076月2026 16:52:11.996] [main/DEBUG] [cpw.mods.modlauncher.TransformationServiceDecorator/MODLAUNCHER]: Initialized transformation service mixin
[076月2026 16:52:11.996] [main/DEBUG] [cpw.mods.modlauncher.TransformationServiceDecorator/MODLAUNCHER]: Initializing transformation service fml
[076月2026 16:52:11.996] [main/DEBUG] [net.neoforged.fml.loading.FMLServiceProvider/CORE]: Setting up basic FML game directories
[076月2026 16:52:11.996] [main/DEBUG] [net.neoforged.fml.loading.FMLPaths/CORE]: Path GAMEDIR is D:\Minecraft\PN Base V0.1\daemon\data\InstanceData\1.21.1 鸽子窝
[076月2026 16:52:11.997] [main/DEBUG] [net.neoforged.fml.loading.FMLPaths/CORE]: Path MODSDIR is D:\Minecraft\PN Base V0.1\daemon\data\InstanceData\1.21.1 鸽子窝\mods
[076月2026 16:52:11.997] [main/DEBUG] [net.neoforged.fml.loading.FMLPaths/CORE]: Path CONFIGDIR is D:\Minecraft\PN Base V0.1\daemon\data\InstanceData\1.21.1 鸽子窝\config
[076月2026 16:52:11.997] [main/DEBUG] [net.neoforged.fml.loading.FMLPaths/CORE]: Path FMLCONFIG is D:\Minecraft\PN Base V0.1\daemon\data\InstanceData\1.21.1 鸽子窝\config\fml.toml
[076月2026 16:52:11.997] [main/DEBUG] [net.neoforged.fml.loading.FMLServiceProvider/CORE]: Loading configuration
[076月2026 16:52:12.000] [main/DEBUG] [net.neoforged.fml.loading.FMLServiceProvider/CORE]: Preparing launch handler
[076月2026 16:52:12.000] [main/DEBUG] [net.neoforged.fml.loading.FMLLoader/CORE]: Using arclightserver as launch service
[076月2026 16:52:12.002] [main/DEBUG] [cpw.mods.modlauncher.TransformationServiceDecorator/MODLAUNCHER]: Initialized transformation service fml
[076月2026 16:52:12.002] [main/DEBUG] [cpw.mods.modlauncher.TransformationServicesHandler/MODLAUNCHER]: Transformation services begin scanning
[076月2026 16:52:12.003] [main/DEBUG] [cpw.mods.modlauncher.TransformationServiceDecorator/MODLAUNCHER]: Beginning scan trigger - transformation service mixin
[076月2026 16:52:12.003] [main/DEBUG] [cpw.mods.modlauncher.TransformationServiceDecorator/MODLAUNCHER]: End scan trigger - transformation service mixin
[076月2026 16:52:12.003] [main/DEBUG] [cpw.mods.modlauncher.TransformationServiceDecorator/MODLAUNCHER]: Beginning scan trigger - transformation service fml
[076月2026 16:52:12.003] [main/DEBUG] [net.neoforged.fml.loading.FMLServiceProvider/CORE]: Initiating mod scan
[076月2026 16:52:12.013] [main/DEBUG] [net.neoforged.fml.util.ServiceLoaderUtil/CORE]: Found 5 implementations of IModFileCandidateLocator:
[076月2026 16:52:12.014] [main/DEBUG] [net.neoforged.fml.util.ServiceLoaderUtil/CORE]: 	    1000 - [built-in] net.neoforged.fml.loading.moddiscovery.locators.ProductionServerProvider from loader-4.0.42.jar
[076月2026 16:52:12.016] [main/DEBUG] [net.neoforged.fml.util.ServiceLoaderUtil/CORE]: 	    1000 - [built-in] net.neoforged.fml.loading.moddiscovery.locators.PathBasedLocator from loader-4.0.42.jar
[076月2026 16:52:12.017] [main/DEBUG] [net.neoforged.fml.util.ServiceLoaderUtil/CORE]: 	       0 - io.izzel.arclight.boot.neoforge.mod.ArclightLocator_Neoforge from arclight-neoforge-1.21.1-1.0.2-SNAPSHOT-0769551.jar
[076月2026 16:52:12.017] [main/DEBUG] [net.neoforged.fml.util.ServiceLoaderUtil/CORE]: 	       0 - net.neoforged.fml.loading.moddiscovery.locators.ModsFolderLocator from loader-4.0.42.jar
[076月2026 16:52:12.017] [main/DEBUG] [net.neoforged.fml.util.ServiceLoaderUtil/CORE]: 	       0 - net.neoforged.fml.loading.moddiscovery.locators.MavenDirectoryLocator from loader-4.0.42.jar
[076月2026 16:52:12.019] [main/DEBUG] [net.neoforged.fml.util.ServiceLoaderUtil/CORE]: Found 3 implementations of IModFileReader:
[076月2026 16:52:12.019] [main/DEBUG] [net.neoforged.fml.util.ServiceLoaderUtil/CORE]: 	    1000 - io.izzel.arclight.boot.neoforge.mod.ArclightModFileReader from arclight-neoforge-1.21.1-1.0.2-SNAPSHOT-0769551.jar
[076月2026 16:52:12.019] [main/DEBUG] [net.neoforged.fml.util.ServiceLoaderUtil/CORE]: 	       0 - net.neoforged.fml.loading.moddiscovery.readers.JarModsDotTomlModFileReader from loader-4.0.42.jar
[076月2026 16:52:12.019] [main/DEBUG] [net.neoforged.fml.util.ServiceLoaderUtil/CORE]: 	   -1000 - net.neoforged.fml.loading.moddiscovery.readers.NestedLibraryModReader from loader-4.0.42.jar
[076月2026 16:52:12.021] [main/DEBUG] [net.neoforged.fml.util.ServiceLoaderUtil/CORE]: Found 2 implementations of IDependencyLocator:
[076月2026 16:52:12.022] [main/DEBUG] [net.neoforged.fml.util.ServiceLoaderUtil/CORE]: 	       0 - net.neoforged.fml.loading.moddiscovery.locators.JarInJarDependencyLocator from loader-4.0.42.jar
[076月2026 16:52:12.022] [main/DEBUG] [net.neoforged.fml.util.ServiceLoaderUtil/CORE]: 	   -1000 - io.izzel.arclight.boot.neoforge.mod.ArclightJarInJarFilter from arclight-neoforge-1.21.1-1.0.2-SNAPSHOT-0769551.jar
[076月2026 16:52:12.206] [main/DEBUG] [net.neoforged.fml.loading.moddiscovery.ModFileInfo/LOADING]: Found valid mod file server-1.21.1-20240808.144430-srg.jar with {minecraft} mods - versions {1.21.1}
[076月2026 16:52:12.229] [main/DEBUG] [net.neoforged.fml.loading.moddiscovery.ModFileParser/LOADING]: Considering mod file candidate D:\Minecraft\PN Base V0.1\daemon\data\InstanceData\1.21.1 鸽子窝\libraries\net\neoforged\neoforge\21.1.228\neoforge-21.1.228-universal.jar
[076月2026 16:52:12.246] [main/DEBUG] [net.neoforged.fml.loading.moddiscovery.ModFileInfo/LOADING]: Found valid mod file neoforge-21.1.228-universal.jar with {neoforge} mods - versions {21.1.228}
[076月2026 16:52:12.276] [main/DEBUG] [net.neoforged.fml.loading.moddiscovery.ModFileParser/LOADING]: Considering mod file candidate D:\Minecraft\PN Base V0.1\daemon\data\InstanceData\1.21.1 鸽子窝\.arclight\mod_file\arclight-1.21.1-1.0.2-SNAPSHOT-0769551.jar
[076月2026 16:52:12.277] [main/DEBUG] [net.neoforged.fml.loading.moddiscovery.ModFileInfo/LOADING]: Found valid mod file arclight-1.21.1-1.0.2-SNAPSHOT-0769551.jar with {arclight} mods - versions {1.0.2-SNAPSHOT+0769551}
[076月2026 16:52:12.288] [main/DEBUG] [net.neoforged.fml.loading.moddiscovery.ModFileParser/LOADING]: Considering mod file candidate D:\Minecraft\PN Base V0.1\daemon\data\InstanceData\1.21.1 鸽子窝\mods\[火花服务器监测]spark-1.10.124-neoforge.jar
[076月2026 16:52:12.291] [main/DEBUG] [net.neoforged.fml.loading.moddiscovery.ModFileInfo/LOADING]: Found valid mod file [火花服务器监测]spark-1.10.124-neoforge.jar with {spark} mods - versions {1.10.124}
[076月2026 16:52:12.293] [main/DEBUG] [net.neoforged.fml.loading.moddiscovery.ModFileParser/LOADING]: Considering mod file candidate D:\Minecraft\PN Base V0.1\daemon\data\InstanceData\1.21.1 鸽子窝\mods\[简单备份服务器备份]SimpleBackups-1.21-4.0.30.jar
[076月2026 16:52:12.295] [main/DEBUG] [net.neoforged.fml.loading.moddiscovery.ModFileInfo/LOADING]: Found valid mod file [简单备份服务器备份]SimpleBackups-1.21-4.0.30.jar with {simplebackups} mods - versions {1.21-4.0.30}
[076月2026 16:52:12.298] [main/DEBUG] [net.neoforged.fml.loading.moddiscovery.ModListHandler/CORE]: Found mod coordinates from lists: []
[076月2026 16:52:12.409] [main/INFO] [net.neoforged.fml.loading.moddiscovery.locators.JarInJarDependencyLocator/]: Found 2 dependencies adding them to mods collection
[076月2026 16:52:12.411] [main/INFO] [net.neoforged.fml.loading.moddiscovery.ModDiscoverer/]: 
     Mod List:
		Name Version (Mod Id)

		Arclight Mod 1.0.2-SNAPSHOT+0769551 (arclight)
		Minecraft 1.21.1 (minecraft)
		NeoForge 21.1.228 (neoforge)
		Simple Backups 1.21-4.0.30 (simplebackups)
		spark 1.10.124 (spark)
[076月2026 16:52:12.412] [main/DEBUG] [net.neoforged.fml.loading.moddiscovery.ModFileInfo/LOADING]: Found valid mod file server-1.21.1-20240808.144430-srg.jar with {minecraft} mods - versions {1.21.1}
[076月2026 16:52:12.412] [main/DEBUG] [net.neoforged.fml.loading.moddiscovery.ModFile/LOADING]: Loading mod file D:\Minecraft\PN Base V0.1\daemon\data\InstanceData\1.21.1 鸽子窝\libraries\net\minecraft\server\1.21.1-20240808.144430\server-1.21.1-20240808.144430-srg.jar with languages [LanguageSpec[languageName=minecraft, acceptedVersions=1]]
[076月2026 16:52:12.414] [main/DEBUG] [net.neoforged.fml.loading.moddiscovery.ModFileParser/LOADING]: Considering mod file candidate D:\Minecraft\PN Base V0.1\daemon\data\InstanceData\1.21.1 鸽子窝\mods\[简单备份服务器备份]SimpleBackups-1.21-4.0.30.jar
[076月2026 16:52:12.415] [main/DEBUG] [net.neoforged.fml.loading.moddiscovery.ModFileInfo/LOADING]: Found valid mod file [简单备份服务器备份]SimpleBackups-1.21-4.0.30.jar with {simplebackups} mods - versions {1.21-4.0.30}
[076月2026 16:52:12.415] [main/DEBUG] [net.neoforged.fml.loading.moddiscovery.ModFile/LOADING]: Loading mod file D:\Minecraft\PN Base V0.1\daemon\data\InstanceData\1.21.1 鸽子窝\mods\[简单备份服务器备份]SimpleBackups-1.21-4.0.30.jar with languages [LanguageSpec[languageName=javafml, acceptedVersions=[4,)]]
[076月2026 16:52:12.415] [main/DEBUG] [net.neoforged.fml.loading.moddiscovery.ModFileParser/LOADING]: Considering mod file candidate D:\Minecraft\PN Base V0.1\daemon\data\InstanceData\1.21.1 鸽子窝\mods\[火花服务器监测]spark-1.10.124-neoforge.jar
[076月2026 16:52:12.417] [main/DEBUG] [net.neoforged.fml.loading.moddiscovery.ModFileInfo/LOADING]: Found valid mod file [火花服务器监测]spark-1.10.124-neoforge.jar with {spark} mods - versions {1.10.124}
[076月2026 16:52:12.417] [main/DEBUG] [net.neoforged.fml.loading.moddiscovery.ModFile/LOADING]: Loading mod file D:\Minecraft\PN Base V0.1\daemon\data\InstanceData\1.21.1 鸽子窝\mods\[火花服务器监测]spark-1.10.124-neoforge.jar with languages [LanguageSpec[languageName=javafml, acceptedVersions=[2,)]]
[076月2026 16:52:12.418] [main/DEBUG] [net.neoforged.fml.loading.moddiscovery.ModFileParser/LOADING]: Considering mod file candidate D:\Minecraft\PN Base V0.1\daemon\data\InstanceData\1.21.1 鸽子窝\libraries\net\neoforged\neoforge\21.1.228\neoforge-21.1.228-universal.jar
[076月2026 16:52:12.419] [main/DEBUG] [net.neoforged.fml.loading.moddiscovery.ModFileInfo/LOADING]: Found valid mod file neoforge-21.1.228-universal.jar with {neoforge} mods - versions {21.1.228}
[076月2026 16:52:12.419] [main/DEBUG] [net.neoforged.fml.loading.moddiscovery.ModFile/LOADING]: Loading mod file D:\Minecraft\PN Base V0.1\daemon\data\InstanceData\1.21.1 鸽子窝\libraries\net\neoforged\neoforge\21.1.228\neoforge-21.1.228-universal.jar with languages [LanguageSpec[languageName=javafml, acceptedVersions=[3,]]]
[076月2026 16:52:12.420] [main/DEBUG] [net.neoforged.fml.loading.moddiscovery.ModFile/LOADING]: Found mixin config MixinConfig[config=neoforge.mixins.json, requiredMods=[]]
[076月2026 16:52:12.420] [main/DEBUG] [net.neoforged.fml.loading.moddiscovery.ModFileParser/LOADING]: Considering mod file candidate D:\Minecraft\PN Base V0.1\daemon\data\InstanceData\1.21.1 鸽子窝\.arclight\mod_file\arclight-1.21.1-1.0.2-SNAPSHOT-0769551.jar
[076月2026 16:52:12.421] [main/DEBUG] [net.neoforged.fml.loading.moddiscovery.ModFileInfo/LOADING]: Found valid mod file arclight-1.21.1-1.0.2-SNAPSHOT-0769551.jar with {arclight} mods - versions {1.0.2-SNAPSHOT+0769551}
[076月2026 16:52:12.421] [main/DEBUG] [net.neoforged.fml.loading.moddiscovery.ModFile/LOADING]: Loading mod file D:\Minecraft\PN Base V0.1\daemon\data\InstanceData\1.21.1 鸽子窝\.arclight\mod_file\arclight-1.21.1-1.0.2-SNAPSHOT-0769551.jar with languages [LanguageSpec[languageName=javafml, acceptedVersions=[2,)]]
[076月2026 16:52:12.421] [main/DEBUG] [net.neoforged.fml.loading.moddiscovery.ModFile/LOADING]: Loading mod file  with languages []
[076月2026 16:52:12.422] [main/DEBUG] [cpw.mods.modlauncher.TransformationServiceDecorator/MODLAUNCHER]: End scan trigger - transformation service fml
[076月2026 16:52:12.433] [main/DEBUG] [net.neoforged.fml.util.ServiceLoaderUtil/CORE]: Found 3 implementations of IModLanguageLoader:
[076月2026 16:52:12.433] [main/DEBUG] [net.neoforged.fml.util.ServiceLoaderUtil/CORE]: 	net.neoforged.fml.javafmlmod.FMLJavaModLanguageProvider from loader-4.0.42.jar
[076月2026 16:52:12.433] [main/DEBUG] [net.neoforged.fml.util.ServiceLoaderUtil/CORE]: 	net.neoforged.fml.lowcodemod.LowCodeModLanguageProvider from loader-4.0.42.jar
[076月2026 16:52:12.433] [main/DEBUG] [net.neoforged.fml.util.ServiceLoaderUtil/CORE]: 	net.neoforged.fml.mclanguageprovider.MinecraftModLanguageProvider from loader-4.0.42.jar
[076月2026 16:52:12.433] [main/DEBUG] [net.neoforged.fml.loading.LanguageProviderLoader/CORE]: Found language provider javafml, version 4.0.42
[076月2026 16:52:12.434] [main/DEBUG] [net.neoforged.fml.loading.LanguageProviderLoader/CORE]: Found language provider lowcodefml, version 4.0.42
[076月2026 16:52:12.434] [main/DEBUG] [net.neoforged.fml.loading.LanguageProviderLoader/CORE]: Found language provider minecraft, version 4.0.42
[076月2026 16:52:12.438] [main/DEBUG] [net.neoforged.fml.loading.ModSorter/]: Configured system mods: [minecraft, neoforge]
[076月2026 16:52:12.438] [main/DEBUG] [net.neoforged.fml.loading.ModSorter/]: Found system mod: minecraft
[076月2026 16:52:12.438] [main/DEBUG] [net.neoforged.fml.loading.ModSorter/]: Found system mod: neoforge
[076月2026 16:52:12.440] [main/DEBUG] [net.neoforged.fml.loading.ModSorter/LOADING]: Found 3 mod requirements (3 mandatory, 0 optional)
[076月2026 16:52:12.441] [main/DEBUG] [net.neoforged.fml.loading.ModSorter/LOADING]: Found 0 mod requirements missing (0 mandatory, 0 optional)
[076月2026 16:52:12.570] [main/DEBUG] [mixin/]: Adding mixin platform agents for container net.neoforged.fml.loading.mixin.FMLMixinContainerHandle@181e72d3
[076月2026 16:52:12.570] [main/DEBUG] [mixin/]: Instancing new MixinPlatformAgentMinecraftForge for net.neoforged.fml.loading.mixin.FMLMixinContainerHandle@181e72d3
[076月2026 16:52:12.570] [main/DEBUG] [mixin/]: MixinPlatformAgentMinecraftForge rejected container net.neoforged.fml.loading.mixin.FMLMixinContainerHandle@181e72d3
[076月2026 16:52:12.570] [main/DEBUG] [mixin/]: Instancing new MixinPlatformAgentDefault for net.neoforged.fml.loading.mixin.FMLMixinContainerHandle@181e72d3
[076月2026 16:52:12.570] [main/DEBUG] [mixin/]: MixinPlatformAgentDefault accepted container net.neoforged.fml.loading.mixin.FMLMixinContainerHandle@181e72d3
[076月2026 16:52:12.570] [main/DEBUG] [mixin/]: Instancing new FMLMixinPlatformAgent for net.neoforged.fml.loading.mixin.FMLMixinContainerHandle@181e72d3
[076月2026 16:52:12.570] [main/DEBUG] [mixin/]: FMLMixinPlatformAgent accepted container net.neoforged.fml.loading.mixin.FMLMixinContainerHandle@181e72d3
[076月2026 16:52:12.581] [main/DEBUG] [cpw.mods.modlauncher.TransformationServicesHandler/MODLAUNCHER]: Transformation services loading transformers
[076月2026 16:52:12.582] [main/DEBUG] [cpw.mods.modlauncher.TransformationServiceDecorator/MODLAUNCHER]: Initializing transformers for transformation service mixin
[076月2026 16:52:12.582] [main/DEBUG] [cpw.mods.modlauncher.TransformationServiceDecorator/MODLAUNCHER]: Initialized transformers for transformation service mixin
[076月2026 16:52:12.582] [main/DEBUG] [cpw.mods.modlauncher.TransformationServiceDecorator/MODLAUNCHER]: Initializing transformers for transformation service fml
[076月2026 16:52:12.582] [main/DEBUG] [net.neoforged.fml.loading.FMLServiceProvider/LOADING]: Loading coremod transformers
[076月2026 16:52:12.583] [main/DEBUG] [net.neoforged.fml.loading.FMLServiceProvider/CORE]: Not loading coremod script-engine since no mod requested it
[076月2026 16:52:12.584] [main/DEBUG] [net.neoforged.fml.util.ServiceLoaderUtil/CORE]: Found 1 implementations of ICoreMod:
[076月2026 16:52:12.584] [main/DEBUG] [net.neoforged.fml.util.ServiceLoaderUtil/CORE]: 	net.neoforged.neoforge.coremods.NeoForgeCoreMod from neoforge-21.1.228-universal.jar > net.neoforged.neoforge-coremods-21.1.228.jar
[076月2026 16:52:12.594] [main/DEBUG] [net.neoforged.fml.loading.FMLServiceProvider/CORE]: Adding [Target[className=net.minecraft.world.level.biome.Biome, elementName=, elementDescriptor=, targetType=cpw.mods.modlauncher.api.TargetType@4c5204af]] transformer from core-mod net.neoforged.neoforge.coremods.NeoForgeCoreMod@49ec6a9f in neoforge-21.1.228-universal.jar > net.neoforged.neoforge-coremods-21.1.228.jar
[076月2026 16:52:12.594] [main/DEBUG] [net.neoforged.fml.loading.FMLServiceProvider/CORE]: Adding [Target[className=net.minecraft.world.level.levelgen.structure.Structure, elementName=, elementDescriptor=, targetType=cpw.mods.modlauncher.api.TargetType@4c5204af]] transformer from core-mod net.neoforged.neoforge.coremods.NeoForgeCoreMod@49ec6a9f in neoforge-21.1.228-universal.jar > net.neoforged.neoforge-coremods-21.1.228.jar
[076月2026 16:52:12.594] [main/DEBUG] [net.neoforged.fml.loading.FMLServiceProvider/CORE]: Adding [Target[className=net.minecraft.world.level.block.FlowerPotBlock, elementName=, elementDescriptor=, targetType=cpw.mods.modlauncher.api.TargetType@4c5204af]] transformer from core-mod net.neoforged.neoforge.coremods.NeoForgeCoreMod@49ec6a9f in neoforge-21.1.228-universal.jar > net.neoforged.neoforge-coremods-21.1.228.jar
[076月2026 16:52:12.595] [main/DEBUG] [net.neoforged.fml.loading.FMLServiceProvider/CORE]: Adding [Target[className=net/minecraft/world/entity/ai/village/VillageSiege, elementName=, elementDescriptor=, targetType=cpw.mods.modlauncher.api.TargetType@4c5204af], Target[className=net/minecraft/world/level/NaturalSpawner, elementName=, elementDescriptor=, targetType=cpw.mods.modlauncher.api.TargetType@4c5204af], Target[className=net/minecraft/world/level/levelgen/structure/structures/WoodlandMansionPieces$WoodlandMansionPiece, elementName=, elementDescriptor=, targetType=cpw.mods.modlauncher.api.TargetType@4c5204af], Target[className=net/minecraft/world/entity/monster/ZombieVillager, elementName=, elementDescriptor=, targetType=cpw.mods.modlauncher.api.TargetType@4c5204af], Target[className=net/minecraft/world/entity/monster/Spider, elementName=, elementDescriptor=, targetType=cpw.mods.modlauncher.api.TargetType@4c5204af], Target[className=net/minecraft/world/level/levelgen/PhantomSpawner, elementName=, elementDescriptor=, targetType=cpw.mods.modlauncher.api.TargetType@4c5204af], Target[className=net/minecraft/world/level/levelgen/structure/structures/OceanMonumentPieces$OceanMonumentPiece, elementName=, elementDescriptor=, targetType=cpw.mods.modlauncher.api.TargetType@4c5204af], Target[className=net/minecraft/world/entity/animal/horse/SkeletonTrapGoal, elementName=, elementDescriptor=, targetType=cpw.mods.modlauncher.api.TargetType@4c5204af], Target[className=net/minecraft/world/level/levelgen/structure/templatesystem/StructureTemplate, elementName=, elementDescriptor=, targetType=cpw.mods.modlauncher.api.TargetType@4c5204af], Target[className=net/minecraft/world/entity/animal/frog/Tadpole, elementName=, elementDescriptor=, targetType=cpw.mods.modlauncher.api.TargetType@4c5204af], Target[className=net/minecraft/world/entity/npc/Villager, elementName=, elementDescriptor=, targetType=cpw.mods.modlauncher.api.TargetType@4c5204af], Target[className=net/minecraft/world/level/levelgen/structure/structures/OceanRuinPieces$OceanRuinPiece, elementName=, elementDescriptor=, targetType=cpw.mods.modlauncher.api.TargetType@4c5204af], Target[className=net/minecraft/world/entity/monster/Zombie, elementName=, elementDescriptor=, targetType=cpw.mods.modlauncher.api.TargetType@4c5204af], Target[className=net/minecraft/world/entity/raid/Raid, elementName=, elementDescriptor=, targetType=cpw.mods.modlauncher.api.TargetType@4c5204af], Target[className=net/minecraft/world/level/levelgen/structure/structures/SwampHutPiece, elementName=, elementDescriptor=, targetType=cpw.mods.modlauncher.api.TargetType@4c5204af], Target[className=net/minecraft/server/commands/RaidCommand, elementName=, elementDescriptor=, targetType=cpw.mods.modlauncher.api.TargetType@4c5204af], Target[className=net/minecraft/world/entity/npc/CatSpawner, elementName=, elementDescriptor=, targetType=cpw.mods.modlauncher.api.TargetType@4c5204af], Target[className=net/minecraft/server/commands/SummonCommand, elementName=, elementDescriptor=, targetType=cpw.mods.modlauncher.api.TargetType@4c5204af], Target[className=net/minecraft/world/level/levelgen/PatrolSpawner, elementName=, elementDescriptor=, targetType=cpw.mods.modlauncher.api.TargetType@4c5204af], Target[className=net/minecraft/world/entity/monster/Evoker$EvokerSummonSpellGoal, elementName=, elementDescriptor=, targetType=cpw.mods.modlauncher.api.TargetType@4c5204af], Target[className=net/minecraft/world/entity/EntityType, elementName=, elementDescriptor=, targetType=cpw.mods.modlauncher.api.TargetType@4c5204af], Target[className=net/minecraft/world/entity/monster/Strider, elementName=, elementDescriptor=, targetType=cpw.mods.modlauncher.api.TargetType@4c5204af]] transformer from core-mod net.neoforged.neoforge.coremods.NeoForgeCoreMod@49ec6a9f in neoforge-21.1.228-universal.jar > net.neoforged.neoforge-coremods-21.1.228.jar
[076月2026 16:52:12.599] [main/DEBUG] [cpw.mods.modlauncher.TransformStore/MODLAUNCHER]: Adding transformer net.neoforged.neoforge.coremods.ReplaceFieldWithGetterAccess@73fb1d7f to Target : cpw.mods.modlauncher.api.TargetType@4c5204af {Lnet/minecraft/world/level/biome/Biome;} {} {V}
[076月2026 16:52:12.601] [main/DEBUG] [cpw.mods.modlauncher.TransformStore/MODLAUNCHER]: Adding transformer net.neoforged.neoforge.coremods.ReplaceFieldWithGetterAccess@49ede9c7 to Target : cpw.mods.modlauncher.api.TargetType@4c5204af {Lnet/minecraft/world/level/levelgen/structure/Structure;} {} {V}
[076月2026 16:52:12.601] [main/DEBUG] [cpw.mods.modlauncher.TransformStore/MODLAUNCHER]: Adding transformer net.neoforged.neoforge.coremods.ReplaceFieldWithGetterAccess@6ecdbab8 to Target : cpw.mods.modlauncher.api.TargetType@4c5204af {Lnet/minecraft/world/level/block/FlowerPotBlock;} {} {V}
[076月2026 16:52:12.601] [main/DEBUG] [cpw.mods.modlauncher.TransformStore/MODLAUNCHER]: Adding transformer net.neoforged.neoforge.coremods.MethodRedirector@3dd4a6fa to Target : cpw.mods.modlauncher.api.TargetType@4c5204af {Lnet/minecraft/world/entity/ai/village/VillageSiege;} {} {V}
[076月2026 16:52:12.601] [main/DEBUG] [cpw.mods.modlauncher.TransformStore/MODLAUNCHER]: Adding transformer net.neoforged.neoforge.coremods.MethodRedirector@3dd4a6fa to Target : cpw.mods.modlauncher.api.TargetType@4c5204af {Lnet/minecraft/world/level/NaturalSpawner;} {} {V}
[076月2026 16:52:12.601] [main/DEBUG] [cpw.mods.modlauncher.TransformStore/MODLAUNCHER]: Adding transformer net.neoforged.neoforge.coremods.MethodRedirector@3dd4a6fa to Target : cpw.mods.modlauncher.api.TargetType@4c5204af {Lnet/minecraft/world/level/levelgen/structure/structures/WoodlandMansionPieces$WoodlandMansionPiece;} {} {V}
[076月2026 16:52:12.601] [main/DEBUG] [cpw.mods.modlauncher.TransformStore/MODLAUNCHER]: Adding transformer net.neoforged.neoforge.coremods.MethodRedirector@3dd4a6fa to Target : cpw.mods.modlauncher.api.TargetType@4c5204af {Lnet/minecraft/world/entity/monster/ZombieVillager;} {} {V}
[076月2026 16:52:12.601] [main/DEBUG] [cpw.mods.modlauncher.TransformStore/MODLAUNCHER]: Adding transformer net.neoforged.neoforge.coremods.MethodRedirector@3dd4a6fa to Target : cpw.mods.modlauncher.api.TargetType@4c5204af {Lnet/minecraft/world/entity/monster/Spider;} {} {V}
[076月2026 16:52:12.601] [main/DEBUG] [cpw.mods.modlauncher.TransformStore/MODLAUNCHER]: Adding transformer net.neoforged.neoforge.coremods.MethodRedirector@3dd4a6fa to Target : cpw.mods.modlauncher.api.TargetType@4c5204af {Lnet/minecraft/world/level/levelgen/PhantomSpawner;} {} {V}
[076月2026 16:52:12.601] [main/DEBUG] [cpw.mods.modlauncher.TransformStore/MODLAUNCHER]: Adding transformer net.neoforged.neoforge.coremods.MethodRedirector@3dd4a6fa to Target : cpw.mods.modlauncher.api.TargetType@4c5204af {Lnet/minecraft/world/level/levelgen/structure/structures/OceanMonumentPieces$OceanMonumentPiece;} {} {V}
[076月2026 16:52:12.601] [main/DEBUG] [cpw.mods.modlauncher.TransformStore/MODLAUNCHER]: Adding transformer net.neoforged.neoforge.coremods.MethodRedirector@3dd4a6fa to Target : cpw.mods.modlauncher.api.TargetType@4c5204af {Lnet/minecraft/world/entity/animal/horse/SkeletonTrapGoal;} {} {V}
[076月2026 16:52:12.601] [main/DEBUG] [cpw.mods.modlauncher.TransformStore/MODLAUNCHER]: Adding transformer net.neoforged.neoforge.coremods.MethodRedirector@3dd4a6fa to Target : cpw.mods.modlauncher.api.TargetType@4c5204af {Lnet/minecraft/world/level/levelgen/structure/templatesystem/StructureTemplate;} {} {V}
[076月2026 16:52:12.601] [main/DEBUG] [cpw.mods.modlauncher.TransformStore/MODLAUNCHER]: Adding transformer net.neoforged.neoforge.coremods.MethodRedirector@3dd4a6fa to Target : cpw.mods.modlauncher.api.TargetType@4c5204af {Lnet/minecraft/world/entity/animal/frog/Tadpole;} {} {V}
[076月2026 16:52:12.601] [main/DEBUG] [cpw.mods.modlauncher.TransformStore/MODLAUNCHER]: Adding transformer net.neoforged.neoforge.coremods.MethodRedirector@3dd4a6fa to Target : cpw.mods.modlauncher.api.TargetType@4c5204af {Lnet/minecraft/world/entity/npc/Villager;} {} {V}
[076月2026 16:52:12.601] [main/DEBUG] [cpw.mods.modlauncher.TransformStore/MODLAUNCHER]: Adding transformer net.neoforged.neoforge.coremods.MethodRedirector@3dd4a6fa to Target : cpw.mods.modlauncher.api.TargetType@4c5204af {Lnet/minecraft/world/level/levelgen/structure/structures/OceanRuinPieces$OceanRuinPiece;} {} {V}
[076月2026 16:52:12.601] [main/DEBUG] [cpw.mods.modlauncher.TransformStore/MODLAUNCHER]: Adding transformer net.neoforged.neoforge.coremods.MethodRedirector@3dd4a6fa to Target : cpw.mods.modlauncher.api.TargetType@4c5204af {Lnet/minecraft/world/entity/monster/Zombie;} {} {V}
[076月2026 16:52:12.601] [main/DEBUG] [cpw.mods.modlauncher.TransformStore/MODLAUNCHER]: Adding transformer net.neoforged.neoforge.coremods.MethodRedirector@3dd4a6fa to Target : cpw.mods.modlauncher.api.TargetType@4c5204af {Lnet/minecraft/world/entity/raid/Raid;} {} {V}
[076月2026 16:52:12.601] [main/DEBUG] [cpw.mods.modlauncher.TransformStore/MODLAUNCHER]: Adding transformer net.neoforged.neoforge.coremods.MethodRedirector@3dd4a6fa to Target : cpw.mods.modlauncher.api.TargetType@4c5204af {Lnet/minecraft/world/level/levelgen/structure/structures/SwampHutPiece;} {} {V}
[076月2026 16:52:12.601] [main/DEBUG] [cpw.mods.modlauncher.TransformStore/MODLAUNCHER]: Adding transformer net.neoforged.neoforge.coremods.MethodRedirector@3dd4a6fa to Target : cpw.mods.modlauncher.api.TargetType@4c5204af {Lnet/minecraft/server/commands/RaidCommand;} {} {V}
[076月2026 16:52:12.601] [main/DEBUG] [cpw.mods.modlauncher.TransformStore/MODLAUNCHER]: Adding transformer net.neoforged.neoforge.coremods.MethodRedirector@3dd4a6fa to Target : cpw.mods.modlauncher.api.TargetType@4c5204af {Lnet/minecraft/world/entity/npc/CatSpawner;} {} {V}
[076月2026 16:52:12.601] [main/DEBUG] [cpw.mods.modlauncher.TransformStore/MODLAUNCHER]: Adding transformer net.neoforged.neoforge.coremods.MethodRedirector@3dd4a6fa to Target : cpw.mods.modlauncher.api.TargetType@4c5204af {Lnet/minecraft/server/commands/SummonCommand;} {} {V}
[076月2026 16:52:12.601] [main/DEBUG] [cpw.mods.modlauncher.TransformStore/MODLAUNCHER]: Adding transformer net.neoforged.neoforge.coremods.MethodRedirector@3dd4a6fa to Target : cpw.mods.modlauncher.api.TargetType@4c5204af {Lnet/minecraft/world/level/levelgen/PatrolSpawner;} {} {V}
[076月2026 16:52:12.601] [main/DEBUG] [cpw.mods.modlauncher.TransformStore/MODLAUNCHER]: Adding transformer net.neoforged.neoforge.coremods.MethodRedirector@3dd4a6fa to Target : cpw.mods.modlauncher.api.TargetType@4c5204af {Lnet/minecraft/world/entity/monster/Evoker$EvokerSummonSpellGoal;} {} {V}
[076月2026 16:52:12.601] [main/DEBUG] [cpw.mods.modlauncher.TransformStore/MODLAUNCHER]: Adding transformer net.neoforged.neoforge.coremods.MethodRedirector@3dd4a6fa to Target : cpw.mods.modlauncher.api.TargetType@4c5204af {Lnet/minecraft/world/entity/EntityType;} {} {V}
[076月2026 16:52:12.601] [main/DEBUG] [cpw.mods.modlauncher.TransformStore/MODLAUNCHER]: Adding transformer net.neoforged.neoforge.coremods.MethodRedirector@3dd4a6fa to Target : cpw.mods.modlauncher.api.TargetType@4c5204af {Lnet/minecraft/world/entity/monster/Strider;} {} {V}
[076月2026 16:52:12.601] [main/DEBUG] [cpw.mods.modlauncher.TransformationServiceDecorator/MODLAUNCHER]: Initialized transformers for transformation service fml
[076月2026 16:52:12.720] [main/DEBUG] [mixin/]: Processing prepare() for PlatformAgent[MixinPlatformAgentDefault:ModLauncher Root Container(ModLauncher:4f56a0a2)]
[076月2026 16:52:12.720] [main/DEBUG] [mixin/]: Processing prepare() for PlatformAgent[MixinPlatformAgentDefault:net.neoforged.fml.loading.mixin.FMLMixinContainerHandle@181e72d3]
[076月2026 16:52:12.721] [main/DEBUG] [mixin/]: Processing prepare() for PlatformAgent[FMLMixinPlatformAgent:null]
[076月2026 16:52:12.769] [main/DEBUG] [mixin/]: Processing launch tasks for PlatformAgent[MixinPlatformAgentDefault:ModLauncher Root Container(ModLauncher:4f56a0a2)]
[076月2026 16:52:12.769] [main/DEBUG] [mixin/]: Adding mixin platform agents for container SecureJarResource(mixin_synthetic)
[076月2026 16:52:12.769] [main/DEBUG] [mixin/]: Instancing new MixinPlatformAgentMinecraftForge for SecureJarResource(mixin_synthetic)
[076月2026 16:52:12.769] [main/DEBUG] [mixin/]: MixinPlatformAgentMinecraftForge rejected container SecureJarResource(mixin_synthetic)
[076月2026 16:52:12.769] [main/DEBUG] [mixin/]: Instancing new MixinPlatformAgentDefault for SecureJarResource(mixin_synthetic)
[076月2026 16:52:12.769] [main/DEBUG] [mixin/]: MixinPlatformAgentDefault accepted container SecureJarResource(mixin_synthetic)
[076月2026 16:52:12.769] [main/DEBUG] [mixin/]: Instancing new FMLMixinPlatformAgent for SecureJarResource(mixin_synthetic)
[076月2026 16:52:12.770] [main/DEBUG] [mixin/]: FMLMixinPlatformAgent rejected container SecureJarResource(mixin_synthetic)
[076月2026 16:52:12.770] [main/DEBUG] [mixin/]: Processing prepare() for PlatformAgent[MixinPlatformAgentDefault:SecureJarResource(mixin_synthetic)]
[076月2026 16:52:12.770] [main/DEBUG] [mixin/]: Adding mixin platform agents for container SecureJarResource(minecraft)
[076月2026 16:52:12.770] [main/DEBUG] [mixin/]: Instancing new MixinPlatformAgentMinecraftForge for SecureJarResource(minecraft)
[076月2026 16:52:12.770] [main/DEBUG] [mixin/]: MixinPlatformAgentMinecraftForge rejected container SecureJarResource(minecraft)
[076月2026 16:52:12.770] [main/DEBUG] [mixin/]: Instancing new MixinPlatformAgentDefault for SecureJarResource(minecraft)
[076月2026 16:52:12.770] [main/DEBUG] [mixin/]: MixinPlatformAgentDefault accepted container SecureJarResource(minecraft)
[076月2026 16:52:12.770] [main/DEBUG] [mixin/]: Instancing new FMLMixinPlatformAgent for SecureJarResource(minecraft)
[076月2026 16:52:12.770] [main/DEBUG] [mixin/]: FMLMixinPlatformAgent rejected container SecureJarResource(minecraft)
[076月2026 16:52:12.770] [main/DEBUG] [mixin/]: Processing prepare() for PlatformAgent[MixinPlatformAgentDefault:SecureJarResource(minecraft)]
[076月2026 16:52:12.770] [main/DEBUG] [mixin/]: Adding mixin platform agents for container SecureJarResource(simplebackups)
[076月2026 16:52:12.770] [main/DEBUG] [mixin/]: Instancing new MixinPlatformAgentMinecraftForge for SecureJarResource(simplebackups)
[076月2026 16:52:12.770] [main/DEBUG] [mixin/]: MixinPlatformAgentMinecraftForge rejected container SecureJarResource(simplebackups)
[076月2026 16:52:12.770] [main/DEBUG] [mixin/]: Instancing new MixinPlatformAgentDefault for SecureJarResource(simplebackups)
[076月2026 16:52:12.770] [main/DEBUG] [mixin/]: MixinPlatformAgentDefault accepted container SecureJarResource(simplebackups)
[076月2026 16:52:12.770] [main/DEBUG] [mixin/]: Instancing new FMLMixinPlatformAgent for SecureJarResource(simplebackups)
[076月2026 16:52:12.771] [main/DEBUG] [mixin/]: FMLMixinPlatformAgent rejected container SecureJarResource(simplebackups)
[076月2026 16:52:12.771] [main/DEBUG] [mixin/]: Processing prepare() for PlatformAgent[MixinPlatformAgentDefault:SecureJarResource(simplebackups)]
[076月2026 16:52:12.771] [main/DEBUG] [mixin/]: Adding mixin platform agents for container SecureJarResource(spark)
[076月2026 16:52:12.771] [main/DEBUG] [mixin/]: Instancing new MixinPlatformAgentMinecraftForge for SecureJarResource(spark)
[076月2026 16:52:12.771] [main/DEBUG] [mixin/]: MixinPlatformAgentMinecraftForge rejected container SecureJarResource(spark)
[076月2026 16:52:12.771] [main/DEBUG] [mixin/]: Instancing new MixinPlatformAgentDefault for SecureJarResource(spark)
[076月2026 16:52:12.771] [main/DEBUG] [mixin/]: MixinPlatformAgentDefault accepted container SecureJarResource(spark)
[076月2026 16:52:12.771] [main/DEBUG] [mixin/]: Instancing new FMLMixinPlatformAgent for SecureJarResource(spark)
[076月2026 16:52:12.771] [main/DEBUG] [mixin/]: FMLMixinPlatformAgent rejected container SecureJarResource(spark)
[076月2026 16:52:12.771] [main/DEBUG] [mixin/]: Processing prepare() for PlatformAgent[MixinPlatformAgentDefault:SecureJarResource(spark)]
[076月2026 16:52:12.771] [main/DEBUG] [mixin/]: Adding mixin platform agents for container SecureJarResource(neoforge)
[076月2026 16:52:12.771] [main/DEBUG] [mixin/]: Instancing new MixinPlatformAgentMinecraftForge for SecureJarResource(neoforge)
[076月2026 16:52:12.771] [main/DEBUG] [mixin/]: MixinPlatformAgentMinecraftForge rejected container SecureJarResource(neoforge)
[076月2026 16:52:12.771] [main/DEBUG] [mixin/]: Instancing new MixinPlatformAgentDefault for SecureJarResource(neoforge)
[076月2026 16:52:12.771] [main/DEBUG] [mixin/]: MixinPlatformAgentDefault accepted container SecureJarResource(neoforge)
[076月2026 16:52:12.771] [main/DEBUG] [mixin/]: Instancing new FMLMixinPlatformAgent for SecureJarResource(neoforge)
[076月2026 16:52:12.771] [main/DEBUG] [mixin/]: FMLMixinPlatformAgent rejected container SecureJarResource(neoforge)
[076月2026 16:52:12.771] [main/DEBUG] [mixin/]: Processing prepare() for PlatformAgent[MixinPlatformAgentDefault:SecureJarResource(neoforge)]
[076月2026 16:52:12.771] [main/DEBUG] [mixin/]: Adding mixin platform agents for container SecureJarResource(arclight)
[076月2026 16:52:12.771] [main/DEBUG] [mixin/]: Instancing new MixinPlatformAgentMinecraftForge for SecureJarResource(arclight)
[076月2026 16:52:12.772] [main/DEBUG] [mixin/]: MixinPlatformAgentMinecraftForge rejected container SecureJarResource(arclight)
[076月2026 16:52:12.772] [main/DEBUG] [mixin/]: Instancing new MixinPlatformAgentDefault for SecureJarResource(arclight)
[076月2026 16:52:12.772] [main/DEBUG] [mixin/]: MixinPlatformAgentDefault accepted container SecureJarResource(arclight)
[076月2026 16:52:12.772] [main/DEBUG] [mixin/]: Instancing new FMLMixinPlatformAgent for SecureJarResource(arclight)
[076月2026 16:52:12.772] [main/DEBUG] [mixin/]: FMLMixinPlatformAgent rejected container SecureJarResource(arclight)
[076月2026 16:52:12.772] [main/DEBUG] [mixin/]: Processing prepare() for PlatformAgent[MixinPlatformAgentDefault:SecureJarResource(arclight)]
[076月2026 16:52:12.772] [main/DEBUG] [mixin/]: Adding mixin platform agents for container SecureJarResource(mixinextras.neoforge)
[076月2026 16:52:12.772] [main/DEBUG] [mixin/]: Instancing new MixinPlatformAgentMinecraftForge for SecureJarResource(mixinextras.neoforge)
[076月2026 16:52:12.772] [main/DEBUG] [mixin/]: MixinPlatformAgentMinecraftForge rejected container SecureJarResource(mixinextras.neoforge)
[076月2026 16:52:12.772] [main/DEBUG] [mixin/]: Instancing new MixinPlatformAgentDefault for SecureJarResource(mixinextras.neoforge)
[076月2026 16:52:12.772] [main/DEBUG] [mixin/]: MixinPlatformAgentDefault accepted container SecureJarResource(mixinextras.neoforge)
[076月2026 16:52:12.772] [main/DEBUG] [mixin/]: Instancing new FMLMixinPlatformAgent for SecureJarResource(mixinextras.neoforge)
[076月2026 16:52:12.772] [main/DEBUG] [mixin/]: FMLMixinPlatformAgent rejected container SecureJarResource(mixinextras.neoforge)
[076月2026 16:52:12.773] [main/DEBUG] [mixin/]: Processing prepare() for PlatformAgent[MixinPlatformAgentDefault:SecureJarResource(mixinextras.neoforge)]
[076月2026 16:52:12.773] [main/DEBUG] [mixin/]: Registering mixin config: mixinextras.init.mixins.json source=SecureJarResource(mixinextras.neoforge)
[076月2026 16:52:12.775] [main/DEBUG] [mixin/]: inject() running with 9 agents
[076月2026 16:52:12.775] [main/DEBUG] [mixin/]: Processing inject() for PlatformAgent[MixinPlatformAgentDefault:ModLauncher Root Container(ModLauncher:4f56a0a2)]
[076月2026 16:52:12.775] [main/DEBUG] [mixin/]: Processing inject() for PlatformAgent[MixinPlatformAgentDefault:net.neoforged.fml.loading.mixin.FMLMixinContainerHandle@181e72d3]
[076月2026 16:52:12.776] [main/DEBUG] [mixin/]: Processing inject() for PlatformAgent[FMLMixinPlatformAgent:null]
[076月2026 16:52:12.776] [main/DEBUG] [mixin/]: Processing inject() for PlatformAgent[MixinPlatformAgentDefault:SecureJarResource(mixin_synthetic)]
[076月2026 16:52:12.776] [main/DEBUG] [mixin/]: Processing inject() for PlatformAgent[MixinPlatformAgentDefault:SecureJarResource(minecraft)]
[076月2026 16:52:12.776] [main/DEBUG] [mixin/]: Processing inject() for PlatformAgent[MixinPlatformAgentDefault:SecureJarResource(simplebackups)]
[076月2026 16:52:12.776] [main/DEBUG] [mixin/]: Processing inject() for PlatformAgent[MixinPlatformAgentDefault:SecureJarResource(spark)]
[076月2026 16:52:12.776] [main/DEBUG] [mixin/]: Processing inject() for PlatformAgent[MixinPlatformAgentDefault:SecureJarResource(neoforge)]
[076月2026 16:52:12.776] [main/DEBUG] [mixin/]: Processing inject() for PlatformAgent[MixinPlatformAgentDefault:SecureJarResource(arclight)]
[076月2026 16:52:12.776] [main/DEBUG] [mixin/]: Processing inject() for PlatformAgent[MixinPlatformAgentDefault:SecureJarResource(mixinextras.neoforge)]
[076月2026 16:52:12.816] [main/DEBUG] [mixin/]: Preparing mixins for MixinEnvironment[PREINIT]
[076月2026 16:52:12.821] [main/INFO] [mixin/]: Successfully loaded Mixin Connector [io.izzel.arclight.common.mod.ArclightConnector]
[076月2026 16:52:12.832] [main/DEBUG] [mixin/]: Registering new injector for @Inject with org.spongepowered.asm.mixin.injection.struct.CallbackInjectionInfo
[076月2026 16:52:12.834] [main/DEBUG] [mixin/]: Registering new injector for @ModifyArg with org.spongepowered.asm.mixin.injection.struct.ModifyArgInjectionInfo
[076月2026 16:52:12.836] [main/DEBUG] [mixin/]: Registering new injector for @ModifyArgs with org.spongepowered.asm.mixin.injection.struct.ModifyArgsInjectionInfo
[076月2026 16:52:12.837] [main/DEBUG] [mixin/]: Registering new injector for @Redirect with org.spongepowered.asm.mixin.injection.struct.RedirectInjectionInfo
[076月2026 16:52:12.839] [main/DEBUG] [mixin/]: Registering new injector for @ModifyVariable with org.spongepowered.asm.mixin.injection.struct.ModifyVariableInjectionInfo
[076月2026 16:52:12.840] [main/DEBUG] [mixin/]: Registering new injector for @ModifyConstant with org.spongepowered.asm.mixin.injection.struct.ModifyConstantInjectionInfo
[076月2026 16:52:12.841] [main/DEBUG] [mixin/]: Registering new injector for @Eject with io.izzel.arclight.mixin.injector.EjectorInfo
[076月2026 16:52:12.844] [main/DEBUG] [mixin/]: Registering new injector for @Decorate with io.izzel.arclight.mixin.injector.DecoratorInfo
[076月2026 16:52:12.848] [main/DEBUG] [mixin/]: Compatibility level JAVA_21 specified by mixins.arclight.core.json is higher than the maximum level supported by this version of mixin (JAVA_13).
[076月2026 16:52:12.852] [main/INFO] [mixin/]: Compatibility level set to JAVA_21
[076月2026 16:52:12.854] [main/DEBUG] [mixin/]: Checking for additional mixins for MixinEnvironment[PREINIT]
[076月2026 16:52:12.856] [main/INFO] [Arclight/]: 核心 Mixin 配置已加载
[076月2026 16:52:12.857] [main/INFO] [Arclight/]: 服务端优化 Mixin 配置已加载
[076月2026 16:52:12.862] [main/INFO] [cpw.mods.modlauncher.LaunchServiceHandler/MODLAUNCHER]: Launching target 'arclightserver' with arguments [nogui]
[076月2026 16:52:12.863] [main/DEBUG] [mixin/]: Preparing mixins for MixinEnvironment[DEFAULT]
[076月2026 16:52:12.863] [main/DEBUG] [mixin/]: Selecting config neoforge.mixins.json
[076月2026 16:52:12.868] [main/DEBUG] [mixin/]: Selecting config mixinextras.init.mixins.json
[076月2026 16:52:12.911] [main/DEBUG] [MixinExtras|Service/]: com.llamalad7.mixinextras.service.MixinExtrasServiceImpl(version=0.5.3) is taking over from null
[076月2026 16:52:12.942] [main/DEBUG] [mixin/]: Selecting config mixins.arclight.core.json
[076月2026 16:52:12.949] [main/DEBUG] [mixin/]: Selecting config mixins.arclight.bukkit.json
[076月2026 16:52:12.950] [main/DEBUG] [mixin/]: Selecting config mixins.arclight.neoforge.json
[076月2026 16:52:12.954] [main/DEBUG] [mixin/]: Selecting config mixins.arclight.impl.optimization.json
[076月2026 16:52:12.955] [main/DEBUG] [mixin/]: Preparing neoforge.mixins.json (2)
[076月2026 16:52:12.984] [main/DEBUG] [mixin/]: Preparing mixinextras.init.mixins.json (0)
[076月2026 16:52:12.984] [main/DEBUG] [mixin/]: Preparing mixins.arclight.core.json (555)
[076月2026 16:52:13.422] [main/DEBUG] [Implementer/ASYNC_CATCHER]: Injecting net/minecraft/world/entity/LivingEntity/addEffect(Lnet/minecraft/world/effect/MobEffectInstance;Lnet/minecraft/world/entity/Entity;)Z for reason effect add
[076月2026 16:52:13.500] [main/DEBUG] [Implementer/INVENTORY]: Implementing inventory for class net/minecraft/world/item/ItemStack
[076月2026 16:52:13.651] [main/DEBUG] [mixin/]: @Mixin target net/minecraft/world/level/block/ChestBlock$2$1 is public in mixins.arclight.core.json:world.level.block.ChestBlock2_1Mixin from mod (unknown) and should be specified in value
[076月2026 16:52:13.720] [main/DEBUG] [mixin/]: @Mixin target net/minecraft/world/level/block/entity/LecternBlockEntity$1 is public in mixins.arclight.core.json:world.level.block.entity.LecternTileEntity1Mixin from mod (unknown) and should be specified in value
[076月2026 16:52:13.769] [main/DEBUG] [mixin/]: Preparing mixins.arclight.bukkit.json (47)
[076月2026 16:52:13.802] [main/DEBUG] [mixin/]: Preparing mixins.arclight.neoforge.json (70)
[076月2026 16:52:13.805] [main/DEBUG] [Implementer/SWITCH_TABLE]: Candidate switch enum method <clinit>()V class io/izzel/arclight/common/mod/mixins/LoadIfModProcessor$1
[076月2026 16:52:13.820] [main/DEBUG] [mixin/]: Preparing mixins.arclight.impl.optimization.json (22)
[076月2026 16:52:13.831] [main/DEBUG] [mixin/]: Inner class io/izzel/arclight/common/mixin/core/commands/CommandSource1Mixin$1 in io/izzel/arclight/common/mixin/core/commands/CommandSource1Mixin on net/minecraft/commands/CommandSource$1 gets unique name net/minecraft/commands/CommandSource$1$Anonymous$d9295ac5a621456ea50e705240ad35f6
[076月2026 16:52:13.833] [main/DEBUG] [mixin/]: Inner class io/izzel/arclight/common/mixin/core/server/network/ServerCommonPacketListenerImplMixin$1 in io/izzel/arclight/common/mixin/core/server/network/ServerCommonPacketListenerImplMixin on net/minecraft/server/network/ServerCommonPacketListenerImpl gets unique name net/minecraft/server/network/ServerCommonPacketListenerImpl$Anonymous$2ebe5e79fcd947878e5ef773f90c7768
[076月2026 16:52:13.839] [main/DEBUG] [mixin/]: Inner class io/izzel/arclight/common/mixin/core/server/network/ServerGamePacketListenerImplMixin$1SyncChat in io/izzel/arclight/common/mixin/core/server/network/ServerGamePacketListenerImplMixin on net/minecraft/server/network/ServerGamePacketListenerImpl gets unique name net/minecraft/server/network/ServerGamePacketListenerImpl$1SyncChat$5d0b4ddb10dd4aebaf4f60fefc3d011e
[076月2026 16:52:13.842] [main/DEBUG] [mixin/]: Inner class io/izzel/arclight/common/mixin/core/server/network/ServerLoginPacketListenerImplMixin$1SyncPreLogin in io/izzel/arclight/common/mixin/core/server/network/ServerLoginPacketListenerImplMixin on net/minecraft/server/network/ServerLoginPacketListenerImpl gets unique name net/minecraft/server/network/ServerLoginPacketListenerImpl$1SyncPreLogin$55473f6bef974707afdaca12a284980e
[076月2026 16:52:13.843] [main/DEBUG] [mixin/]: Inner class io/izzel/arclight/common/mixin/core/network/chat/ComponentMixin$1Func in io/izzel/arclight/common/mixin/core/network/chat/ComponentMixin on net/minecraft/network/chat/Component gets unique name net/minecraft/network/chat/Component$1Func$d5697d5712c64e1d91510e9b80061b02
[076月2026 16:52:13.844] [main/DEBUG] [mixin/]: Inner class io/izzel/arclight/common/mixin/core/server/BootstrapMixin$1TrickSet in io/izzel/arclight/common/mixin/core/server/BootstrapMixin on net/minecraft/server/Bootstrap gets unique name net/minecraft/server/Bootstrap$1TrickSet$fc149e5455c64e8da125e463ee2d90ec
[076月2026 16:52:13.890] [main/DEBUG] [mixin/]: Inner class io/izzel/arclight/common/mixin/core/world/inventory/ContainerLevelAccessMixin$1Anonymous in io/izzel/arclight/common/mixin/core/world/inventory/ContainerLevelAccessMixin on net/minecraft/world/inventory/ContainerLevelAccess gets unique name net/minecraft/world/inventory/ContainerLevelAccess$1Anonymous$e3c40626b9164ec6a8e848ab412e2fef
[076月2026 16:52:13.900] [main/DEBUG] [mixin/]: Inner class io/izzel/arclight/common/mixin/core/world/level/block/piston/PistonBaseBlockMixin$1BlockList in io/izzel/arclight/common/mixin/core/world/level/block/piston/PistonBaseBlockMixin on net/minecraft/world/level/block/piston/PistonBaseBlock gets unique name net/minecraft/world/level/block/piston/PistonBaseBlock$1BlockList$c5db0eb3653c4f1b82f8776c5ec482b8
[076月2026 16:52:13.924] [main/DEBUG] [mixin/]: Prepared 692 mixins in 1.060 sec (1.5ms avg) (0ms load, 0ms transform, 0ms plugin)
[076月2026 16:52:13.929] [main/INFO] [MixinExtras|Service/]: Initializing MixinExtras via com.llamalad7.mixinextras.service.MixinExtrasServiceImpl(version=0.5.3).
[076月2026 16:52:13.929] [main/DEBUG] [mixin/]: Registering new injector for @SugarWrapper with com.llamalad7.mixinextras.sugar.impl.SugarWrapperInjectionInfo
[076月2026 16:52:13.930] [main/DEBUG] [mixin/]: Registering new injector for @FactoryRedirectWrapper with com.llamalad7.mixinextras.wrapper.factory.FactoryRedirectWrapperInjectionInfo
[076月2026 16:52:13.930] [main/DEBUG] [mixin/]: Registering new injector for @ExpressionInjectorWrapper with com.llamalad7.mixinextras.expression.impl.wrapper.ExpressionInjectorWrapperInjectionInfo
[076月2026 16:52:13.937] [main/DEBUG] [mixin/]: Mixing server.Main_ServerShutdownThreadMixin from mixins.arclight.core.json into net.minecraft.server.Main$1
[076月2026 16:52:13.967] [main/DEBUG] [mixin/]: Mixing world.storage.LevelStorageSource_LevelStorageAccessMixin from mixins.arclight.core.json into net.minecraft.world.level.storage.LevelStorageSource$LevelStorageAccess
[076月2026 16:52:13.983] [main/DEBUG] [io.netty.util.internal.logging.InternalLoggerFactory/]: Using SLF4J as the default logging framework
[076月2026 16:52:13.985] [main/DEBUG] [io.netty.util.ResourceLeakDetector/]: -Dio.netty.leakDetection.level: simple
[076月2026 16:52:13.985] [main/DEBUG] [io.netty.util.ResourceLeakDetector/]: -Dio.netty.leakDetection.targetRecords: 4
[076月2026 16:52:13.994] [main/DEBUG] [mixin/]: Mixing network.chat.ComponentMixin from mixins.arclight.core.json into net.minecraft.network.chat.Component
[076月2026 16:52:14.123] [main/DEBUG] [mixin/]: Mixing nbt.CompoundTagMixin from mixins.arclight.core.json into net.minecraft.nbt.CompoundTag
[076月2026 16:52:14.141] [main/DEBUG] [mixin/]: Mixing network.chat.StyleMixin from mixins.arclight.core.json into net.minecraft.network.chat.Style
[076月2026 16:52:14.180] [main/DEBUG] [mixin/]: Mixing CrashReportMixin from mixins.arclight.core.json into net.minecraft.CrashReport
[076月2026 16:52:14.188] [main/DEBUG] [mixin/]: mixins.arclight.core.json:CrashReportMixin from mod (unknown)->@Inject::arclight$additional(Ljava/lang/String;Ljava/lang/Throwable;Lorg/spongepowered/asm/mixin/injection/callback/CallbackInfo;)V doesn't use it's CallbackInfo
[076月2026 16:52:14.188] [main/DEBUG] [mixin/]: mixins.arclight.core.json:CrashReportMixin from mod (unknown)->@Inject::arclight$additional(Ljava/lang/String;Ljava/lang/Throwable;Lorg/spongepowered/asm/mixin/injection/callback/CallbackInfo;)V has 0 override(s) in child classes
[076月2026 16:52:14.188] [main/DEBUG] [mixin/]: mixins.arclight.core.json:CrashReportMixin from mod (unknown)->@Inject::arclight$additional(Ljava/lang/String;Ljava/lang/Throwable;Lorg/spongepowered/asm/mixin/injection/callback/CallbackInfo;)V won't be passed a CallbackInfo as a result
[076月2026 16:52:14.209] [main/DEBUG] [oshi.util.FileUtil/]: No oshi.properties file found from ClassLoader cpw.mods.modlauncher.TransformingClassLoader@534c6767
[076月2026 16:52:14.209] [main/DEBUG] [oshi.util.FileUtil/]: No oshi.properties file found from ClassLoader jdk.internal.loader.ClassLoaders$AppClassLoader@6bc7c054
[076月2026 16:52:14.217] [main/DEBUG] [com.sun.jna.Native/]: Looking in classpath from cpw.mods.cl.ModuleClassLoader@78b1cc93 for /com/sun/jna/win32-x86-64/jnidispatch.dll
[076月2026 16:52:14.218] [main/DEBUG] [com.sun.jna.Native/]: Found library resource at union:/D:/Minecraft/PN%20Base%20V0.1/daemon/data/InstanceData/1.21.1%20鸽子窝/libraries/net/java/dev/jna/jna/5.14.0/jna-5.14.0.jar%23144!/com/sun/jna/win32-x86-64/jnidispatch.dll
[076月2026 16:52:14.220] [main/DEBUG] [com.sun.jna.Native/]: Extracting library to C:\Users\CHENJI~1\AppData\Local\Temp\jna-1757514982\jna14115563504405042592.dll
[076月2026 16:52:14.222] [main/DEBUG] [com.sun.jna.Native/]: Trying C:\Users\CHENJI~1\AppData\Local\Temp\jna-1757514982\jna14115563504405042592.dll
[076月2026 16:52:14.224] [main/DEBUG] [com.sun.jna.Native/]: Found jnidispatch at C:\Users\CHENJI~1\AppData\Local\Temp\jna-1757514982\jna14115563504405042592.dll
[076月2026 16:52:14.241] [main/DEBUG] [com.sun.jna.internal.Cleaner/]: Starting CleanerThread
[076月2026 16:52:14.249] [main/DEBUG] [com.sun.jna.NativeLibrary/]: Looking for library 'kernel32'
[076月2026 16:52:14.249] [main/DEBUG] [com.sun.jna.NativeLibrary/]: Adding paths from jna.library.path: null
[076月2026 16:52:14.249] [main/DEBUG] [com.sun.jna.NativeLibrary/]: Trying kernel32.dll
[076月2026 16:52:14.249] [main/DEBUG] [com.sun.jna.NativeLibrary/]: Found library 'kernel32' at kernel32.dll
[076月2026 16:52:14.310] [main/DEBUG] [com.sun.jna.NativeLibrary/]: Looking for library 'Ole32'
[076月2026 16:52:14.310] [main/DEBUG] [com.sun.jna.NativeLibrary/]: Adding paths from jna.library.path: null
[076月2026 16:52:14.310] [main/DEBUG] [com.sun.jna.NativeLibrary/]: Trying Ole32.dll
[076月2026 16:52:14.311] [main/DEBUG] [com.sun.jna.NativeLibrary/]: Found library 'Ole32' at Ole32.dll
[076月2026 16:52:14.320] [main/DEBUG] [com.sun.jna.NativeLibrary/]: Looking for library 'OleAut32'
[076月2026 16:52:14.320] [main/DEBUG] [com.sun.jna.NativeLibrary/]: Adding paths from jna.library.path: null
[076月2026 16:52:14.320] [main/DEBUG] [com.sun.jna.NativeLibrary/]: Trying OleAut32.dll
[076月2026 16:52:14.320] [main/DEBUG] [com.sun.jna.NativeLibrary/]: Found library 'OleAut32' at OleAut32.dll
[076月2026 16:52:14.368] [main/DEBUG] [com.sun.jna.NativeLibrary/]: Looking for library 'Advapi32'
[076月2026 16:52:14.368] [main/DEBUG] [com.sun.jna.NativeLibrary/]: Adding paths from jna.library.path: null
[076月2026 16:52:14.368] [main/DEBUG] [com.sun.jna.NativeLibrary/]: Trying Advapi32.dll
[076月2026 16:52:14.368] [main/DEBUG] [com.sun.jna.NativeLibrary/]: Found library 'Advapi32' at Advapi32.dll
[076月2026 16:52:14.393] [main/DEBUG] [oshi.util.FileUtil/]: No oshi.architecture.properties file found from ClassLoader cpw.mods.modlauncher.TransformingClassLoader@534c6767
[076月2026 16:52:14.393] [main/DEBUG] [oshi.util.FileUtil/]: No oshi.architecture.properties file found from ClassLoader jdk.internal.loader.ClassLoaders$AppClassLoader@6bc7c054
[076月2026 16:52:14.435] [main/DEBUG] [com.sun.jna.NativeLibrary/]: Looking for library 'psapi'
[076月2026 16:52:14.435] [main/DEBUG] [com.sun.jna.NativeLibrary/]: Adding paths from jna.library.path: null
[076月2026 16:52:14.435] [main/DEBUG] [com.sun.jna.NativeLibrary/]: Trying psapi.dll
[076月2026 16:52:14.435] [main/DEBUG] [com.sun.jna.NativeLibrary/]: Found library 'psapi' at psapi.dll
[076月2026 16:52:14.447] [main/WARN] [oshi.driver.windows.perfmon.PerfmonDisabled/]: Invalid registry value type detected for PerfOS counters. Should be REG_DWORD. Ignoring: HKEY_LOCAL_MACHINE\SYSTEM\CurrentControlSet\Services\PerfOS\Performance\Disable Performance Counters.
[076月2026 16:52:14.449] [main/DEBUG] [com.sun.jna.NativeLibrary/]: Looking for library 'Pdh'
[076月2026 16:52:14.449] [main/DEBUG] [com.sun.jna.NativeLibrary/]: Adding paths from jna.library.path: null
[076月2026 16:52:14.449] [main/DEBUG] [com.sun.jna.NativeLibrary/]: Trying Pdh.dll
[076月2026 16:52:14.450] [main/DEBUG] [com.sun.jna.NativeLibrary/]: Found library 'Pdh' at Pdh.dll
[076月2026 16:52:14.584] [main/DEBUG] [mixin/]: Mixing server.BootstrapMixin from mixins.arclight.core.json into net.minecraft.server.Bootstrap
[076月2026 16:52:14.592] [main/DEBUG] [mixin/]: mixins.arclight.core.json:server.BootstrapMixin from mod (unknown)->@Inject::arclight$replaceWhitelist(Lorg/spongepowered/asm/mixin/injection/callback/CallbackInfo;)V doesn't use it's CallbackInfo
[076月2026 16:52:14.598] [main/DEBUG] [mixin/]: Mixing MappedRegistryAccessor from neoforge.mixins.json into net.minecraft.core.MappedRegistry
[076月2026 16:52:14.598] [main/DEBUG] [mixin/]: neoforge.mixins.json:MappedRegistryAccessor from mod neoforge: Class version 65 required is higher than the class version supported by the current version of Mixin (JAVA_16 supports class version 60)
[076月2026 16:52:14.632] [main/DEBUG] [mixin/]: Mixing world.effect.HealOrHarmMobEffectMixin from mixins.arclight.core.json into net.minecraft.world.effect.HealOrHarmMobEffect
[076月2026 16:52:14.636] [main/DEBUG] [mixin/]: mixins.arclight.core.json:world.effect.HealOrHarmMobEffectMixin from mod (unknown)->@Inject::arclight$healReason1(Lnet/minecraft/world/entity/LivingEntity;ILorg/spongepowered/asm/mixin/injection/callback/CallbackInfoReturnable;)V doesn't use it's CallbackInfoReturnable
[076月2026 16:52:14.636] [main/DEBUG] [mixin/]: mixins.arclight.core.json:world.effect.HealOrHarmMobEffectMixin from mod (unknown)->@Inject::arclight$healReason1(Lnet/minecraft/world/entity/LivingEntity;ILorg/spongepowered/asm/mixin/injection/callback/CallbackInfoReturnable;)V has 0 override(s) in child classes
[076月2026 16:52:14.636] [main/DEBUG] [mixin/]: mixins.arclight.core.json:world.effect.HealOrHarmMobEffectMixin from mod (unknown)->@Inject::arclight$healReason1(Lnet/minecraft/world/entity/LivingEntity;ILorg/spongepowered/asm/mixin/injection/callback/CallbackInfoReturnable;)V won't be passed a CallbackInfoReturnable as a result
[076月2026 16:52:14.636] [main/DEBUG] [mixin/]: mixins.arclight.core.json:world.effect.HealOrHarmMobEffectMixin from mod (unknown)->@Inject::arclight$healReason1(Lnet/minecraft/world/entity/Entity;Lnet/minecraft/world/entity/Entity;Lnet/minecraft/world/entity/LivingEntity;IDLorg/spongepowered/asm/mixin/injection/callback/CallbackInfo;)V doesn't use it's CallbackInfo
[076月2026 16:52:14.636] [main/DEBUG] [mixin/]: mixins.arclight.core.json:world.effect.HealOrHarmMobEffectMixin from mod (unknown)->@Inject::arclight$healReason1(Lnet/minecraft/world/entity/Entity;Lnet/minecraft/world/entity/Entity;Lnet/minecraft/world/entity/LivingEntity;IDLorg/spongepowered/asm/mixin/injection/callback/CallbackInfo;)V has 0 override(s) in child classes
[076月2026 16:52:14.636] [main/DEBUG] [mixin/]: mixins.arclight.core.json:world.effect.HealOrHarmMobEffectMixin from mod (unknown)->@Inject::arclight$healReason1(Lnet/minecraft/world/entity/Entity;Lnet/minecraft/world/entity/Entity;Lnet/minecraft/world/entity/LivingEntity;IDLorg/spongepowered/asm/mixin/injection/callback/CallbackInfo;)V won't be passed a CallbackInfo as a result
[076月2026 16:52:14.637] [main/DEBUG] [mixin/]: Mixing world.effect.RegenerationMobEffectMixin from mixins.arclight.core.json into net.minecraft.world.effect.RegenerationMobEffect
[076月2026 16:52:14.640] [main/DEBUG] [mixin/]: mixins.arclight.core.json:world.effect.RegenerationMobEffectMixin from mod (unknown)->@Inject::arclight$reason(Lnet/minecraft/world/entity/LivingEntity;ILorg/spongepowered/asm/mixin/injection/callback/CallbackInfoReturnable;)V doesn't use it's CallbackInfoReturnable
[076月2026 16:52:14.640] [main/DEBUG] [mixin/]: mixins.arclight.core.json:world.effect.RegenerationMobEffectMixin from mod (unknown)->@Inject::arclight$reason(Lnet/minecraft/world/entity/LivingEntity;ILorg/spongepowered/asm/mixin/injection/callback/CallbackInfoReturnable;)V has 0 override(s) in child classes
[076月2026 16:52:14.640] [main/DEBUG] [mixin/]: mixins.arclight.core.json:world.effect.RegenerationMobEffectMixin from mod (unknown)->@Inject::arclight$reason(Lnet/minecraft/world/entity/LivingEntity;ILorg/spongepowered/asm/mixin/injection/callback/CallbackInfoReturnable;)V won't be passed a CallbackInfoReturnable as a result
[076月2026 16:52:14.641] [main/DEBUG] [mixin/]: Mixing world.effect.HungerMobEffectMixin from mixins.arclight.core.json into net.minecraft.world.effect.HungerMobEffect
[076月2026 16:52:14.643] [main/DEBUG] [mixin/]: mixins.arclight.core.json:world.effect.HungerMobEffectMixin from mod (unknown)->@Inject::arclight$reason(Lnet/minecraft/world/entity/LivingEntity;ILorg/spongepowered/asm/mixin/injection/callback/CallbackInfoReturnable;)V doesn't use it's CallbackInfoReturnable
[076月2026 16:52:14.643] [main/DEBUG] [mixin/]: mixins.arclight.core.json:world.effect.HungerMobEffectMixin from mod (unknown)->@Inject::arclight$reason(Lnet/minecraft/world/entity/LivingEntity;ILorg/spongepowered/asm/mixin/injection/callback/CallbackInfoReturnable;)V has 0 override(s) in child classes
[076月2026 16:52:14.643] [main/DEBUG] [mixin/]: mixins.arclight.core.json:world.effect.HungerMobEffectMixin from mod (unknown)->@Inject::arclight$reason(Lnet/minecraft/world/entity/LivingEntity;ILorg/spongepowered/asm/mixin/injection/callback/CallbackInfoReturnable;)V won't be passed a CallbackInfoReturnable as a result
[076月2026 16:52:14.644] [main/DEBUG] [mixin/]: Mixing core.world.effect.PoisonMobEffectMixin_NeoForge from mixins.arclight.neoforge.json into net.minecraft.world.effect.PoisonMobEffect
[076月2026 16:52:14.646] [main/DEBUG] [mixin/]: Mixing world.effect.SaturationMobEffectMixin from mixins.arclight.core.json into net.minecraft.world.effect.SaturationMobEffect
[076月2026 16:52:14.690] [main/DEBUG] [mixin/]: Mixing world.level.block.FireBlockMixin from mixins.arclight.core.json into net.minecraft.world.level.block.FireBlock
[076月2026 16:52:14.700] [main/DEBUG] [mixin/]: Mixing core.world.level.block.FireBlockMixin_NeoForge from mixins.arclight.neoforge.json into net.minecraft.world.level.block.FireBlock
[076月2026 16:52:14.708] [main/DEBUG] [mixin/]: mixins.arclight.neoforge.json:core.world.level.block.FireBlockMixin_NeoForge from mod (unknown)->@Inject::arclight$blockBurn(Lnet/minecraft/world/level/Level;Lnet/minecraft/core/BlockPos;ILnet/minecraft/util/RandomSource;ILnet/minecraft/core/Direction;Lorg/spongepowered/asm/mixin/injection/callback/CallbackInfo;)V does use it's CallbackInfo
[076月2026 16:52:14.712] [main/DEBUG] [mixin/]: Mixing world.level.block.BaseFireBlockMixin from mixins.arclight.core.json into net.minecraft.world.level.block.BaseFireBlock
[076月2026 16:52:14.721] [main/DEBUG] [mixin/]: Mixing world.level.block.BlockMixin from mixins.arclight.core.json into net.minecraft.world.level.block.Block
[076月2026 16:52:14.726] [main/DEBUG] [mixin/]: Mixing core.world.level.block.BlockMixin_NeoForge from mixins.arclight.neoforge.json into net.minecraft.world.level.block.Block
[076月2026 16:52:14.734] [main/DEBUG] [mixin/]: mixins.arclight.core.json:world.level.block.BlockMixin from mod (unknown)->@Inject::arclight$reason(Lnet/minecraft/world/level/Level;Lnet/minecraft/world/entity/player/Player;Lnet/minecraft/core/BlockPos;Lnet/minecraft/world/level/block/state/BlockState;Lnet/minecraft/world/level/block/entity/BlockEntity;Lnet/minecraft/world/item/ItemStack;Lorg/spongepowered/asm/mixin/injection/callback/CallbackInfo;)V doesn't use it's CallbackInfo
[076月2026 16:52:14.735] [main/DEBUG] [mixin/]: mixins.arclight.core.json:world.level.block.BlockMixin from mod (unknown)->@Inject::arclight$reason(Lnet/minecraft/world/level/Level;Lnet/minecraft/world/entity/player/Player;Lnet/minecraft/core/BlockPos;Lnet/minecraft/world/level/block/state/BlockState;Lnet/minecraft/world/level/block/entity/BlockEntity;Lnet/minecraft/world/item/ItemStack;Lorg/spongepowered/asm/mixin/injection/callback/CallbackInfo;)V has 0 override(s) in child classes
[076月2026 16:52:14.735] [main/DEBUG] [mixin/]: mixins.arclight.core.json:world.level.block.BlockMixin from mod (unknown)->@Inject::arclight$reason(Lnet/minecraft/world/level/Level;Lnet/minecraft/world/entity/player/Player;Lnet/minecraft/core/BlockPos;Lnet/minecraft/world/level/block/state/BlockState;Lnet/minecraft/world/level/block/entity/BlockEntity;Lnet/minecraft/world/item/ItemStack;Lorg/spongepowered/asm/mixin/injection/callback/CallbackInfo;)V won't be passed a CallbackInfo as a result
[076月2026 16:52:14.735] [main/DEBUG] [mixin/]: mixins.arclight.core.json:world.level.block.BlockMixin from mod (unknown)->@Inject::arclight$handleBlockDrops(Lnet/minecraft/world/level/Level;Lnet/minecraft/world/entity/player/Player;Lnet/minecraft/core/BlockPos;Lnet/minecraft/world/level/block/state/BlockState;Lnet/minecraft/world/level/block/entity/BlockEntity;Lnet/minecraft/world/item/ItemStack;Lorg/spongepowered/asm/mixin/injection/callback/CallbackInfo;)V doesn't use it's CallbackInfo
[076月2026 16:52:14.735] [main/DEBUG] [mixin/]: mixins.arclight.core.json:world.level.block.BlockMixin from mod (unknown)->@Inject::arclight$handleBlockDrops(Lnet/minecraft/world/level/Level;Lnet/minecraft/world/entity/player/Player;Lnet/minecraft/core/BlockPos;Lnet/minecraft/world/level/block/state/BlockState;Lnet/minecraft/world/level/block/entity/BlockEntity;Lnet/minecraft/world/item/ItemStack;Lorg/spongepowered/asm/mixin/injection/callback/CallbackInfo;)V has 0 override(s) in child classes
[076月2026 16:52:14.735] [main/DEBUG] [mixin/]: mixins.arclight.core.json:world.level.block.BlockMixin from mod (unknown)->@Inject::arclight$handleBlockDrops(Lnet/minecraft/world/level/Level;Lnet/minecraft/world/entity/player/Player;Lnet/minecraft/core/BlockPos;Lnet/minecraft/world/level/block/state/BlockState;Lnet/minecraft/world/level/block/entity/BlockEntity;Lnet/minecraft/world/item/ItemStack;Lorg/spongepowered/asm/mixin/injection/callback/CallbackInfo;)V won't be passed a CallbackInfo as a result
[076月2026 16:52:14.742] [main/DEBUG] [mixin/]: Mixing world.level.block.state.BlockBehaviourMixin from mixins.arclight.core.json into net.minecraft.world.level.block.state.BlockBehaviour
[076月2026 16:52:14.743] [main/DEBUG] [mixin/]: Mixing core.world.level.block.state.BlockBehaviourMixin_NeoForge from mixins.arclight.neoforge.json into net.minecraft.world.level.block.state.BlockBehaviour
[076月2026 16:52:14.748] [main/DEBUG] [Implementer/ASYNC_CATCHER]: Injecting net/minecraft/world/level/block/state/BlockBehaviour/onPlace(Lnet/minecraft/world/level/block/state/BlockState;Lnet/minecraft/world/level/Level;Lnet/minecraft/core/BlockPos;Lnet/minecraft/world/level/block/state/BlockState;Z)V for reason block place
[076月2026 16:52:14.748] [main/DEBUG] [Implementer/ASYNC_CATCHER]: Injecting net/minecraft/world/level/block/state/BlockBehaviour/onRemove(Lnet/minecraft/world/level/block/state/BlockState;Lnet/minecraft/world/level/Level;Lnet/minecraft/core/BlockPos;Lnet/minecraft/world/level/block/state/BlockState;Z)V for reason block remove
[076月2026 16:52:14.752] [main/DEBUG] [mixin/]: Mixing world.level.BlockGetterMixin from mixins.arclight.core.json into net.minecraft.world.level.BlockGetter
[076月2026 16:52:14.757] [main/DEBUG] [mixin/]: Mixing world.level.block.state.BlockBehaviour_BlockStateBaseMixin from mixins.arclight.core.json into net.minecraft.world.level.block.state.BlockBehaviour$BlockStateBase
[076月2026 16:52:14.758] [main/DEBUG] [mixin/]: mixins.arclight.core.json:world.level.block.state.BlockBehaviour_BlockStateBaseMixin from mod (unknown)->@Inject::arclight$captureBlockCollide(Lnet/minecraft/world/level/Level;Lnet/minecraft/core/BlockPos;Lnet/minecraft/world/entity/Entity;Lorg/spongepowered/asm/mixin/injection/callback/CallbackInfo;)V doesn't use it's CallbackInfo
[076月2026 16:52:14.758] [main/DEBUG] [mixin/]: mixins.arclight.core.json:world.level.block.state.BlockBehaviour_BlockStateBaseMixin from mod (unknown)->@Inject::arclight$captureBlockCollide(Lnet/minecraft/world/level/Level;Lnet/minecraft/core/BlockPos;Lnet/minecraft/world/entity/Entity;Lorg/spongepowered/asm/mixin/injection/callback/CallbackInfo;)V has 0 override(s) in child classes
[076月2026 16:52:14.758] [main/DEBUG] [mixin/]: mixins.arclight.core.json:world.level.block.state.BlockBehaviour_BlockStateBaseMixin from mod (unknown)->@Inject::arclight$captureBlockCollide(Lnet/minecraft/world/level/Level;Lnet/minecraft/core/BlockPos;Lnet/minecraft/world/entity/Entity;Lorg/spongepowered/asm/mixin/injection/callback/CallbackInfo;)V won't be passed a CallbackInfo as a result
[076月2026 16:52:14.758] [main/DEBUG] [mixin/]: mixins.arclight.core.json:world.level.block.state.BlockBehaviour_BlockStateBaseMixin from mod (unknown)->@Inject::arclight$resetBlockCollide(Lnet/minecraft/world/level/Level;Lnet/minecraft/core/BlockPos;Lnet/minecraft/world/entity/Entity;Lorg/spongepowered/asm/mixin/injection/callback/CallbackInfo;)V doesn't use it's CallbackInfo
[076月2026 16:52:14.758] [main/DEBUG] [mixin/]: mixins.arclight.core.json:world.level.block.state.BlockBehaviour_BlockStateBaseMixin from mod (unknown)->@Inject::arclight$resetBlockCollide(Lnet/minecraft/world/level/Level;Lnet/minecraft/core/BlockPos;Lnet/minecraft/world/entity/Entity;Lorg/spongepowered/asm/mixin/injection/callback/CallbackInfo;)V has 0 override(s) in child classes
[076月2026 16:52:14.758] [main/DEBUG] [mixin/]: mixins.arclight.core.json:world.level.block.state.BlockBehaviour_BlockStateBaseMixin from mod (unknown)->@Inject::arclight$resetBlockCollide(Lnet/minecraft/world/level/Level;Lnet/minecraft/core/BlockPos;Lnet/minecraft/world/entity/Entity;Lorg/spongepowered/asm/mixin/injection/callback/CallbackInfo;)V won't be passed a CallbackInfo as a result
[076月2026 16:52:14.769] [main/DEBUG] [mixin/]: Mixing world.level.LevelAccessorMixin from mixins.arclight.core.json into net.minecraft.world.level.LevelAccessor
[076月2026 16:52:14.776] [main/DEBUG] [mixin/]: Mixing world.level.LevelWriterMixin from mixins.arclight.core.json into net.minecraft.world.level.LevelWriter
[076月2026 16:52:14.781] [main/DEBUG] [mixin/]: Mixing world.entity.EntityMixin from mixins.arclight.core.json into net.minecraft.world.entity.Entity
[076月2026 16:52:14.805] [main/DEBUG] [mixin/]: Mixing core.world.entity.EntityMixin_NeoForge from mixins.arclight.neoforge.json into net.minecraft.world.entity.Entity
[076月2026 16:52:14.808] [main/DEBUG] [mixin/]: Mixing EntityMixin_Optimize from mixins.arclight.impl.optimization.json into net.minecraft.world.entity.Entity
[076月2026 16:52:14.810] [main/DEBUG] [mixin/]: Mixing activationrange.EntityMixin_ActivationRange from mixins.arclight.impl.optimization.json into net.minecraft.world.entity.Entity
[076月2026 16:52:14.846] [main/DEBUG] [mixin/]: mixins.arclight.core.json:world.entity.EntityMixin from mod (unknown)->@Inject::arclight$killed(Lorg/spongepowered/asm/mixin/injection/callback/CallbackInfo;)V doesn't use it's CallbackInfo
[076月2026 16:52:14.848] [main/DEBUG] [mixin/]: mixins.arclight.core.json:world.entity.EntityMixin from mod (unknown)->@Inject::arclight$killed(Lorg/spongepowered/asm/mixin/injection/callback/CallbackInfo;)V has 0 override(s) in child classes
[076月2026 16:52:14.848] [main/DEBUG] [mixin/]: mixins.arclight.core.json:world.entity.EntityMixin from mod (unknown)->@Inject::arclight$killed(Lorg/spongepowered/asm/mixin/injection/callback/CallbackInfo;)V won't be passed a CallbackInfo as a result
[076月2026 16:52:14.848] [main/DEBUG] [mixin/]: mixins.arclight.core.json:world.entity.EntityMixin from mod (unknown)->@Inject::arclight$outOfWorld(Lorg/spongepowered/asm/mixin/injection/callback/CallbackInfo;)V doesn't use it's CallbackInfo
[076月2026 16:52:14.850] [main/DEBUG] [mixin/]: mixins.arclight.core.json:world.entity.EntityMixin from mod (unknown)->@Inject::arclight$outOfWorld(Lorg/spongepowered/asm/mixin/injection/callback/CallbackInfo;)V has 0 override(s) in child classes
[076月2026 16:52:14.850] [main/DEBUG] [mixin/]: mixins.arclight.core.json:world.entity.EntityMixin from mod (unknown)->@Inject::arclight$outOfWorld(Lorg/spongepowered/asm/mixin/injection/callback/CallbackInfo;)V won't be passed a CallbackInfo as a result
[076月2026 16:52:14.850] [main/DEBUG] [mixin/]: mixins.arclight.core.json:world.entity.EntityMixin from mod (unknown)->@Inject::arclight$removeEvent(Lnet/minecraft/world/entity/Entity$RemovalReason;Lorg/spongepowered/asm/mixin/injection/callback/CallbackInfo;)V doesn't use it's CallbackInfo
[076月2026 16:52:14.851] [main/DEBUG] [mixin/]: mixins.arclight.core.json:world.entity.EntityMixin from mod (unknown)->@Inject::arclight$removeEvent(Lnet/minecraft/world/entity/Entity$RemovalReason;Lorg/spongepowered/asm/mixin/injection/callback/CallbackInfo;)V has 0 override(s) in child classes
[076月2026 16:52:14.851] [main/DEBUG] [mixin/]: mixins.arclight.core.json:world.entity.EntityMixin from mod (unknown)->@Inject::arclight$removeEvent(Lnet/minecraft/world/entity/Entity$RemovalReason;Lorg/spongepowered/asm/mixin/injection/callback/CallbackInfo;)V won't be passed a CallbackInfo as a result
[076月2026 16:52:14.851] [main/DEBUG] [mixin/]: mixins.arclight.core.json:world.entity.EntityMixin from mod (unknown)->@Inject::arclight$useBukkitMaxAir(Lorg/spongepowered/asm/mixin/injection/callback/CallbackInfoReturnable;)V does use it's CallbackInfoReturnable
[076月2026 16:52:14.851] [main/DEBUG] [mixin/]: mixins.arclight.core.json:world.entity.EntityMixin from mod (unknown)->@Inject::arclight$setPose$EntityPoseChangeEvent(Lnet/minecraft/world/entity/Pose;Lorg/spongepowered/asm/mixin/injection/callback/CallbackInfo;)V does use it's CallbackInfo
[076月2026 16:52:14.851] [main/DEBUG] [mixin/]: mixins.arclight.core.json:world.entity.EntityMixin from mod (unknown)->@Inject::arclight$infCheck(FFLorg/spongepowered/asm/mixin/injection/callback/CallbackInfo;)V does use it's CallbackInfo
[076月2026 16:52:14.852] [main/DEBUG] [mixin/]: mixins.arclight.core.json:world.entity.EntityMixin from mod (unknown)->@Inject::arclight$resetBlockWalk(Lnet/minecraft/world/entity/MoverType;Lnet/minecraft/world/phys/Vec3;Lorg/spongepowered/asm/mixin/injection/callback/CallbackInfo;)V doesn't use it's CallbackInfo
[076月2026 16:52:14.853] [main/DEBUG] [mixin/]: mixins.arclight.core.json:world.entity.EntityMixin from mod (unknown)->@Inject::arclight$resetBlockWalk(Lnet/minecraft/world/entity/MoverType;Lnet/minecraft/world/phys/Vec3;Lorg/spongepowered/asm/mixin/injection/callback/CallbackInfo;)V has 0 override(s) in child classes
[076月2026 16:52:14.853] [main/DEBUG] [mixin/]: mixins.arclight.core.json:world.entity.EntityMixin from mod (unknown)->@Inject::arclight$resetBlockWalk(Lnet/minecraft/world/entity/MoverType;Lnet/minecraft/world/phys/Vec3;Lorg/spongepowered/asm/mixin/injection/callback/CallbackInfo;)V won't be passed a CallbackInfo as a result
[076月2026 16:52:14.853] [main/DEBUG] [mixin/]: mixins.arclight.core.json:world.entity.EntityMixin from mod (unknown)->@Inject::arclight$move$blockCollide(Lnet/minecraft/world/entity/MoverType;Lnet/minecraft/world/phys/Vec3;Lorg/spongepowered/asm/mixin/injection/callback/CallbackInfo;)V doesn't use it's CallbackInfo
[076月2026 16:52:14.855] [main/DEBUG] [mixin/]: mixins.arclight.core.json:world.entity.EntityMixin from mod (unknown)->@Inject::arclight$move$blockCollide(Lnet/minecraft/world/entity/MoverType;Lnet/minecraft/world/phys/Vec3;Lorg/spongepowered/asm/mixin/injection/callback/CallbackInfo;)V has 0 override(s) in child classes
[076月2026 16:52:14.855] [main/DEBUG] [mixin/]: mixins.arclight.core.json:world.entity.EntityMixin from mod (unknown)->@Inject::arclight$move$blockCollide(Lnet/minecraft/world/entity/MoverType;Lnet/minecraft/world/phys/Vec3;Lorg/spongepowered/asm/mixin/injection/callback/CallbackInfo;)V won't be passed a CallbackInfo as a result
[076月2026 16:52:14.855] [main/DEBUG] [mixin/]: mixins.arclight.core.json:world.entity.EntityMixin from mod (unknown)->@Inject::arclight$loadChunk(DDDFFLorg/spongepowered/asm/mixin/injection/callback/CallbackInfo;)V doesn't use it's CallbackInfo
[076月2026 16:52:14.857] [main/DEBUG] [mixin/]: mixins.arclight.core.json:world.entity.EntityMixin from mod (unknown)->@Inject::arclight$loadChunk(DDDFFLorg/spongepowered/asm/mixin/injection/callback/CallbackInfo;)V has 0 override(s) in child classes
[076月2026 16:52:14.857] [main/DEBUG] [mixin/]: mixins.arclight.core.json:world.entity.EntityMixin from mod (unknown)->@Inject::arclight$loadChunk(DDDFFLorg/spongepowered/asm/mixin/injection/callback/CallbackInfo;)V won't be passed a CallbackInfo as a result
[076月2026 16:52:14.857] [main/DEBUG] [mixin/]: mixins.arclight.core.json:world.entity.EntityMixin from mod (unknown)->@Inject::arclight$writeUnlessRemoved$persistCheck(Lnet/minecraft/nbt/CompoundTag;Lorg/spongepowered/asm/mixin/injection/callback/CallbackInfoReturnable;)V does use it's CallbackInfoReturnable
[076月2026 16:52:14.857] [main/DEBUG] [mixin/]: mixins.arclight.core.json:world.entity.EntityMixin from mod (unknown)->@Inject::arclight$writeWithoutTypeId$InfiniteValueCheck(Lnet/minecraft/nbt/CompoundTag;Lorg/spongepowered/asm/mixin/injection/callback/CallbackInfoReturnable;)V doesn't use it's CallbackInfoReturnable
[076月2026 16:52:14.858] [main/DEBUG] [mixin/]: mixins.arclight.core.json:world.entity.EntityMixin from mod (unknown)->@Inject::arclight$writeWithoutTypeId$InfiniteValueCheck(Lnet/minecraft/nbt/CompoundTag;Lorg/spongepowered/asm/mixin/injection/callback/CallbackInfoReturnable;)V has 0 override(s) in child classes
[076月2026 16:52:14.858] [main/DEBUG] [mixin/]: mixins.arclight.core.json:world.entity.EntityMixin from mod (unknown)->@Inject::arclight$writeWithoutTypeId$InfiniteValueCheck(Lnet/minecraft/nbt/CompoundTag;Lorg/spongepowered/asm/mixin/injection/callback/CallbackInfoReturnable;)V won't be passed a CallbackInfoReturnable as a result
[076月2026 16:52:14.858] [main/DEBUG] [mixin/]: mixins.arclight.core.json:world.entity.EntityMixin from mod (unknown)->@Inject::arclight$writeWithoutTypeId$CraftBukkitNBT(Lnet/minecraft/nbt/CompoundTag;Lorg/spongepowered/asm/mixin/injection/callback/CallbackInfoReturnable;)V doesn't use it's CallbackInfoReturnable
[076月2026 16:52:14.860] [main/DEBUG] [mixin/]: mixins.arclight.core.json:world.entity.EntityMixin from mod (unknown)->@Inject::arclight$writeWithoutTypeId$CraftBukkitNBT(Lnet/minecraft/nbt/CompoundTag;Lorg/spongepowered/asm/mixin/injection/callback/CallbackInfoReturnable;)V has 0 override(s) in child classes
[076月2026 16:52:14.860] [main/DEBUG] [mixin/]: mixins.arclight.core.json:world.entity.EntityMixin from mod (unknown)->@Inject::arclight$writeWithoutTypeId$CraftBukkitNBT(Lnet/minecraft/nbt/CompoundTag;Lorg/spongepowered/asm/mixin/injection/callback/CallbackInfoReturnable;)V won't be passed a CallbackInfoReturnable as a result
[076月2026 16:52:14.860] [main/DEBUG] [mixin/]: mixins.arclight.core.json:world.entity.EntityMixin from mod (unknown)->@Inject::arclight$writeWithoutTypeId$StoreBukkitValues(Lnet/minecraft/nbt/CompoundTag;Lorg/spongepowered/asm/mixin/injection/callback/CallbackInfoReturnable;)V doesn't use it's CallbackInfoReturnable
[076月2026 16:52:14.861] [main/DEBUG] [mixin/]: mixins.arclight.core.json:world.entity.EntityMixin from mod (unknown)->@Inject::arclight$writeWithoutTypeId$StoreBukkitValues(Lnet/minecraft/nbt/CompoundTag;Lorg/spongepowered/asm/mixin/injection/callback/CallbackInfoReturnable;)V has 0 override(s) in child classes
[076月2026 16:52:14.861] [main/DEBUG] [mixin/]: mixins.arclight.core.json:world.entity.EntityMixin from mod (unknown)->@Inject::arclight$writeWithoutTypeId$StoreBukkitValues(Lnet/minecraft/nbt/CompoundTag;Lorg/spongepowered/asm/mixin/injection/callback/CallbackInfoReturnable;)V won't be passed a CallbackInfoReturnable as a result
[076月2026 16:52:14.861] [main/DEBUG] [mixin/]: mixins.arclight.core.json:world.entity.EntityMixin from mod (unknown)->@Inject::arclight$read$ReadBukkitValues(Lnet/minecraft/nbt/CompoundTag;Lorg/spongepowered/asm/mixin/injection/callback/CallbackInfo;)V doesn't use it's CallbackInfo
[076月2026 16:52:14.862] [main/DEBUG] [mixin/]: mixins.arclight.core.json:world.entity.EntityMixin from mod (unknown)->@Inject::arclight$read$ReadBukkitValues(Lnet/minecraft/nbt/CompoundTag;Lorg/spongepowered/asm/mixin/injection/callback/CallbackInfo;)V has 0 override(s) in child classes
[076月2026 16:52:14.862] [main/DEBUG] [mixin/]: mixins.arclight.core.json:world.entity.EntityMixin from mod (unknown)->@Inject::arclight$read$ReadBukkitValues(Lnet/minecraft/nbt/CompoundTag;Lorg/spongepowered/asm/mixin/injection/callback/CallbackInfo;)V won't be passed a CallbackInfo as a result
[076月2026 16:52:14.862] [main/DEBUG] [mixin/]: mixins.arclight.core.json:world.entity.EntityMixin from mod (unknown)->@Inject::arclight$preventVisible(ZLorg/spongepowered/asm/mixin/injection/callback/CallbackInfo;)V does use it's CallbackInfo
[076月2026 16:52:14.863] [main/DEBUG] [mixin/]: mixins.arclight.core.json:world.entity.EntityMixin from mod (unknown)->@Inject::arclight$unleashEvent(Lnet/minecraft/world/entity/player/Player;Lnet/minecraft/world/InteractionHand;Lorg/spongepowered/asm/mixin/injection/callback/CallbackInfoReturnable;)V does use it's CallbackInfoReturnable
[076月2026 16:52:14.863] [main/DEBUG] [mixin/]: mixins.arclight.core.json:world.entity.EntityMixin from mod (unknown)->@Inject::arclight$leashEvent(Lnet/minecraft/world/entity/player/Player;Lnet/minecraft/world/InteractionHand;Lorg/spongepowered/asm/mixin/injection/callback/CallbackInfoReturnable;)V does use it's CallbackInfoReturnable
[076月2026 16:52:14.863] [main/DEBUG] [mixin/]: mixins.arclight.core.json:world.entity.EntityMixin from mod (unknown)->@Inject::arclight$startRiding(Lnet/minecraft/world/entity/Entity;ZLorg/spongepowered/asm/mixin/injection/callback/CallbackInfoReturnable;)V does use it's CallbackInfoReturnable
[076月2026 16:52:14.863] [main/DEBUG] [mixin/]: mixins.arclight.core.json:world.entity.EntityMixin from mod (unknown)->@Inject::arclight$stopRiding(Lorg/spongepowered/asm/mixin/injection/callback/CallbackInfo;Lnet/minecraft/world/entity/Entity;)V doesn't use it's CallbackInfo
[076月2026 16:52:14.864] [main/DEBUG] [mixin/]: mixins.arclight.core.json:world.entity.EntityMixin from mod (unknown)->@Inject::arclight$stopRiding(Lorg/spongepowered/asm/mixin/injection/callback/CallbackInfo;Lnet/minecraft/world/entity/Entity;)V has 0 override(s) in child classes
[076月2026 16:52:14.864] [main/DEBUG] [mixin/]: mixins.arclight.core.json:world.entity.EntityMixin from mod (unknown)->@Inject::arclight$stopRiding(Lorg/spongepowered/asm/mixin/injection/callback/CallbackInfo;Lnet/minecraft/world/entity/Entity;)V won't be passed a CallbackInfo as a result
[076月2026 16:52:14.864] [main/DEBUG] [mixin/]: mixins.arclight.core.json:world.entity.EntityMixin from mod (unknown)->@Inject::arclight$dismountEvent(Lnet/minecraft/world/entity/Entity;Lorg/spongepowered/asm/mixin/injection/callback/CallbackInfo;)V does use it's CallbackInfo
[076月2026 16:52:14.865] [main/DEBUG] [mixin/]: mixins.arclight.core.json:world.entity.EntityMixin from mod (unknown)->@Inject::arclight$setSwimming$EntityToggleSwimEvent(ZLorg/spongepowered/asm/mixin/injection/callback/CallbackInfo;)V does use it's CallbackInfo
[076月2026 16:52:14.865] [main/DEBUG] [mixin/]: mixins.arclight.core.json:world.entity.EntityMixin from mod (unknown)->@Inject::arclight$setAir$EntityAirChangeEvent(ILorg/spongepowered/asm/mixin/injection/callback/CallbackInfo;)V does use it's CallbackInfo
[076月2026 16:52:14.865] [main/DEBUG] [mixin/]: mixins.arclight.core.json:world.entity.EntityMixin from mod (unknown)->@Inject::arclight$dropLeashChangeDim(Lorg/spongepowered/asm/mixin/injection/callback/CallbackInfo;)V doesn't use it's CallbackInfo
[076月2026 16:52:14.867] [main/DEBUG] [mixin/]: mixins.arclight.core.json:world.entity.EntityMixin from mod (unknown)->@Inject::arclight$dropLeashChangeDim(Lorg/spongepowered/asm/mixin/injection/callback/CallbackInfo;)V has 0 override(s) in child classes
[076月2026 16:52:14.867] [main/DEBUG] [mixin/]: mixins.arclight.core.json:world.entity.EntityMixin from mod (unknown)->@Inject::arclight$dropLeashChangeDim(Lorg/spongepowered/asm/mixin/injection/callback/CallbackInfo;)V won't be passed a CallbackInfo as a result
[076月2026 16:52:14.867] [main/DEBUG] [mixin/]: mixins.arclight.core.json:world.entity.EntityMixin from mod (unknown)->@Inject::arclight$forwardHandle(Lnet/minecraft/world/entity/Entity;Lorg/spongepowered/asm/mixin/injection/callback/CallbackInfo;)V doesn't use it's CallbackInfo
[076月2026 16:52:14.869] [main/DEBUG] [mixin/]: mixins.arclight.core.json:world.entity.EntityMixin from mod (unknown)->@Inject::arclight$forwardHandle(Lnet/minecraft/world/entity/Entity;Lorg/spongepowered/asm/mixin/injection/callback/CallbackInfo;)V has 0 override(s) in child classes
[076月2026 16:52:14.869] [main/DEBUG] [mixin/]: mixins.arclight.core.json:world.entity.EntityMixin from mod (unknown)->@Inject::arclight$forwardHandle(Lnet/minecraft/world/entity/Entity;Lorg/spongepowered/asm/mixin/injection/callback/CallbackInfo;)V won't be passed a CallbackInfo as a result
[076月2026 16:52:14.869] [main/DEBUG] [mixin/]: mixins.arclight.impl.optimization.json:EntityMixin_Optimize from mod (unknown)->@Inject::arclight$emptyPassenger(Lorg/spongepowered/asm/mixin/injection/callback/CallbackInfoReturnable;)V does use it's CallbackInfoReturnable
[076月2026 16:52:14.869] [main/DEBUG] [mixin/]: mixins.arclight.impl.optimization.json:activationrange.EntityMixin_ActivationRange from mod (unknown)->@Inject::arclight$init(Lnet/minecraft/world/entity/EntityType;Lnet/minecraft/world/level/Level;Lorg/spongepowered/asm/mixin/injection/callback/CallbackInfo;)V doesn't use it's CallbackInfo
[076月2026 16:52:14.869] [main/DEBUG] [mixin/]: mixins.arclight.impl.optimization.json:activationrange.EntityMixin_ActivationRange from mod (unknown)->@Inject::arclight$init(Lnet/minecraft/world/entity/EntityType;Lnet/minecraft/world/level/Level;Lorg/spongepowered/asm/mixin/injection/callback/CallbackInfo;)V has 0 override(s) in child classes
[076月2026 16:52:14.869] [main/DEBUG] [mixin/]: mixins.arclight.impl.optimization.json:activationrange.EntityMixin_ActivationRange from mod (unknown)->@Inject::arclight$init(Lnet/minecraft/world/entity/EntityType;Lnet/minecraft/world/level/Level;Lorg/spongepowered/asm/mixin/injection/callback/CallbackInfo;)V won't be passed a CallbackInfo as a result
[076月2026 16:52:14.882] [main/DEBUG] [mixin/]: Mixing world.level.entity.EntityAccessMixin from mixins.arclight.core.json into net.minecraft.world.level.entity.EntityAccess
[076月2026 16:52:14.883] [main/DEBUG] [mixin/]: Mixing commands.CommandSourceMixin from mixins.arclight.core.json into net.minecraft.commands.CommandSource
[076月2026 16:52:14.888] [main/DEBUG] [mixin/]: Mixing world.entity.player.PlayerMixin from mixins.arclight.core.json into net.minecraft.world.entity.player.Player
[076月2026 16:52:14.890] [main/DEBUG] [mixin/]: Renaming synthetic method lambda$respawnEntityOnShoulder$0(Lnet/minecraft/world/entity/Entity;)Ljava/lang/Boolean; to md93a37e$lambda$respawnEntityOnShoulder$0$0 in mixins.arclight.core.json:world.entity.player.PlayerMixin from mod (unknown)
[076月2026 16:52:14.907] [main/DEBUG] [mixin/]: Mixing core.world.entity.player.PlayerMixin_NeoForge from mixins.arclight.neoforge.json into net.minecraft.world.entity.player.Player
[076月2026 16:52:14.938] [main/DEBUG] [mixin/]: mixins.arclight.core.json:world.entity.player.PlayerMixin from mod (unknown)->@Inject::arclight$init(Lorg/spongepowered/asm/mixin/injection/callback/CallbackInfo;)V doesn't use it's CallbackInfo
[076月2026 16:52:14.938] [main/DEBUG] [mixin/]: mixins.arclight.core.json:world.entity.player.PlayerMixin from mod (unknown)->@Inject::arclight$init(Lorg/spongepowered/asm/mixin/injection/callback/CallbackInfo;)V has 1 override(s) in child classes
[076月2026 16:52:14.938] [main/DEBUG] [mixin/]: mixins.arclight.core.json:world.entity.player.PlayerMixin from mod (unknown)->@Inject::arclight$init(Lorg/spongepowered/asm/mixin/injection/callback/CallbackInfo;)V won't be passed a CallbackInfo as a result
[076月2026 16:52:14.938] [main/DEBUG] [mixin/]: mixins.arclight.core.json:world.entity.player.PlayerMixin from mod (unknown)->@Inject::arclight$turtleHelmet(Lorg/spongepowered/asm/mixin/injection/callback/CallbackInfo;)V doesn't use it's CallbackInfo
[076月2026 16:52:14.939] [main/DEBUG] [mixin/]: mixins.arclight.core.json:world.entity.player.PlayerMixin from mod (unknown)->@Inject::arclight$turtleHelmet(Lorg/spongepowered/asm/mixin/injection/callback/CallbackInfo;)V has 0 override(s) in child classes
[076月2026 16:52:14.939] [main/DEBUG] [mixin/]: mixins.arclight.core.json:world.entity.player.PlayerMixin from mod (unknown)->@Inject::arclight$turtleHelmet(Lorg/spongepowered/asm/mixin/injection/callback/CallbackInfo;)V won't be passed a CallbackInfo as a result
[076月2026 16:52:14.939] [main/DEBUG] [mixin/]: mixins.arclight.core.json:world.entity.player.PlayerMixin from mod (unknown)->@Inject::arclight$healByRegen(Lorg/spongepowered/asm/mixin/injection/callback/CallbackInfo;)V doesn't use it's CallbackInfo
[076月2026 16:52:14.939] [main/DEBUG] [mixin/]: mixins.arclight.core.json:world.entity.player.PlayerMixin from mod (unknown)->@Inject::arclight$healByRegen(Lorg/spongepowered/asm/mixin/injection/callback/CallbackInfo;)V has 0 override(s) in child classes
[076月2026 16:52:14.939] [main/DEBUG] [mixin/]: mixins.arclight.core.json:world.entity.player.PlayerMixin from mod (unknown)->@Inject::arclight$healByRegen(Lorg/spongepowered/asm/mixin/injection/callback/CallbackInfo;)V won't be passed a CallbackInfo as a result
[076月2026 16:52:14.939] [main/DEBUG] [mixin/]: mixins.arclight.core.json:world.entity.player.PlayerMixin from mod (unknown)->@Inject::arclight$playerDropItem(Lnet/minecraft/world/item/ItemStack;ZZLorg/spongepowered/asm/mixin/injection/callback/CallbackInfoReturnable;DLnet/minecraft/world/entity/item/ItemEntity;)V does use it's CallbackInfoReturnable
[076月2026 16:52:14.941] [main/DEBUG] [mixin/]: mixins.arclight.core.json:world.entity.player.PlayerMixin from mod (unknown)->@Inject::arclight$foodExhaust(Lnet/minecraft/world/entity/Entity;Lorg/spongepowered/asm/mixin/injection/callback/CallbackInfo;)V doesn't use it's CallbackInfo
[076月2026 16:52:14.941] [main/DEBUG] [mixin/]: mixins.arclight.core.json:world.entity.player.PlayerMixin from mod (unknown)->@Inject::arclight$foodExhaust(Lnet/minecraft/world/entity/Entity;Lorg/spongepowered/asm/mixin/injection/callback/CallbackInfo;)V has 0 override(s) in child classes
[076月2026 16:52:14.941] [main/DEBUG] [mixin/]: mixins.arclight.core.json:world.entity.player.PlayerMixin from mod (unknown)->@Inject::arclight$foodExhaust(Lnet/minecraft/world/entity/Entity;Lorg/spongepowered/asm/mixin/injection/callback/CallbackInfo;)V won't be passed a CallbackInfo as a result
[076月2026 16:52:14.941] [main/DEBUG] [mixin/]: mixins.arclight.core.json:world.entity.player.PlayerMixin from mod (unknown)->@Inject::arclight$updateInv(Lnet/minecraft/world/entity/Entity;Lorg/spongepowered/asm/mixin/injection/callback/CallbackInfo;)V doesn't use it's CallbackInfo
[076月2026 16:52:14.941] [main/DEBUG] [mixin/]: mixins.arclight.core.json:world.entity.player.PlayerMixin from mod (unknown)->@Inject::arclight$updateInv(Lnet/minecraft/world/entity/Entity;Lorg/spongepowered/asm/mixin/injection/callback/CallbackInfo;)V has 0 override(s) in child classes
[076月2026 16:52:14.941] [main/DEBUG] [mixin/]: mixins.arclight.core.json:world.entity.player.PlayerMixin from mod (unknown)->@Inject::arclight$updateInv(Lnet/minecraft/world/entity/Entity;Lorg/spongepowered/asm/mixin/injection/callback/CallbackInfo;)V won't be passed a CallbackInfo as a result
[076月2026 16:52:14.941] [main/DEBUG] [mixin/]: mixins.arclight.core.json:world.entity.player.PlayerMixin from mod (unknown)->@Inject::arclight$updateInv(Lnet/minecraft/world/entity/Entity;Lorg/spongepowered/asm/mixin/injection/callback/CallbackInfo;)V doesn't use it's CallbackInfo
[076月2026 16:52:14.941] [main/DEBUG] [mixin/]: mixins.arclight.core.json:world.entity.player.PlayerMixin from mod (unknown)->@Inject::arclight$updateInv(Lnet/minecraft/world/entity/Entity;Lorg/spongepowered/asm/mixin/injection/callback/CallbackInfo;)V has 0 override(s) in child classes
[076月2026 16:52:14.941] [main/DEBUG] [mixin/]: mixins.arclight.core.json:world.entity.player.PlayerMixin from mod (unknown)->@Inject::arclight$updateInv(Lnet/minecraft/world/entity/Entity;Lorg/spongepowered/asm/mixin/injection/callback/CallbackInfo;)V won't be passed a CallbackInfo as a result
[076月2026 16:52:14.941] [main/DEBUG] [mixin/]: mixins.arclight.core.json:world.entity.player.PlayerMixin from mod (unknown)->@Inject::arclight$updateInv(Lnet/minecraft/world/entity/Entity;Lorg/spongepowered/asm/mixin/injection/callback/CallbackInfo;)V doesn't use it's CallbackInfo
[076月2026 16:52:14.941] [main/DEBUG] [mixin/]: mixins.arclight.core.json:world.entity.player.PlayerMixin from mod (unknown)->@Inject::arclight$updateInv(Lnet/minecraft/world/entity/Entity;Lorg/spongepowered/asm/mixin/injection/callback/CallbackInfo;)V has 0 override(s) in child classes
[076月2026 16:52:14.941] [main/DEBUG] [mixin/]: mixins.arclight.core.json:world.entity.player.PlayerMixin from mod (unknown)->@Inject::arclight$updateInv(Lnet/minecraft/world/entity/Entity;Lorg/spongepowered/asm/mixin/injection/callback/CallbackInfo;)V won't be passed a CallbackInfo as a result
[076月2026 16:52:14.941] [main/DEBUG] [mixin/]: mixins.arclight.core.json:world.entity.player.PlayerMixin from mod (unknown)->@Inject::arclight$updateInv(Lnet/minecraft/world/entity/Entity;Lorg/spongepowered/asm/mixin/injection/callback/CallbackInfo;)V doesn't use it's CallbackInfo
[076月2026 16:52:14.942] [main/DEBUG] [mixin/]: mixins.arclight.core.json:world.entity.player.PlayerMixin from mod (unknown)->@Inject::arclight$updateInv(Lnet/minecraft/world/entity/Entity;Lorg/spongepowered/asm/mixin/injection/callback/CallbackInfo;)V has 0 override(s) in child classes
[076月2026 16:52:14.942] [main/DEBUG] [mixin/]: mixins.arclight.core.json:world.entity.player.PlayerMixin from mod (unknown)->@Inject::arclight$updateInv(Lnet/minecraft/world/entity/Entity;Lorg/spongepowered/asm/mixin/injection/callback/CallbackInfo;)V won't be passed a CallbackInfo as a result
[076月2026 16:52:14.942] [main/DEBUG] [mixin/]: mixins.arclight.core.json:world.entity.player.PlayerMixin from mod (unknown)->@Inject::arclight$updateInv(Lnet/minecraft/world/entity/Entity;Lorg/spongepowered/asm/mixin/injection/callback/CallbackInfo;)V doesn't use it's CallbackInfo
[076月2026 16:52:14.942] [main/DEBUG] [mixin/]: mixins.arclight.core.json:world.entity.player.PlayerMixin from mod (unknown)->@Inject::arclight$updateInv(Lnet/minecraft/world/entity/Entity;Lorg/spongepowered/asm/mixin/injection/callback/CallbackInfo;)V has 0 override(s) in child classes
[076月2026 16:52:14.942] [main/DEBUG] [mixin/]: mixins.arclight.core.json:world.entity.player.PlayerMixin from mod (unknown)->@Inject::arclight$updateInv(Lnet/minecraft/world/entity/Entity;Lorg/spongepowered/asm/mixin/injection/callback/CallbackInfo;)V won't be passed a CallbackInfo as a result
[076月2026 16:52:14.942] [main/DEBUG] [mixin/]: mixins.arclight.core.json:world.entity.player.PlayerMixin from mod (unknown)->@Inject::arclight$updateInv(Lnet/minecraft/world/entity/Entity;Lorg/spongepowered/asm/mixin/injection/callback/CallbackInfo;)V doesn't use it's CallbackInfo
[076月2026 16:52:14.942] [main/DEBUG] [mixin/]: mixins.arclight.core.json:world.entity.player.PlayerMixin from mod (unknown)->@Inject::arclight$updateInv(Lnet/minecraft/world/entity/Entity;Lorg/spongepowered/asm/mixin/injection/callback/CallbackInfo;)V has 0 override(s) in child classes
[076月2026 16:52:14.942] [main/DEBUG] [mixin/]: mixins.arclight.core.json:world.entity.player.PlayerMixin from mod (unknown)->@Inject::arclight$updateInv(Lnet/minecraft/world/entity/Entity;Lorg/spongepowered/asm/mixin/injection/callback/CallbackInfo;)V won't be passed a CallbackInfo as a result
[076月2026 16:52:14.942] [main/DEBUG] [mixin/]: mixins.arclight.core.json:world.entity.player.PlayerMixin from mod (unknown)->@Inject::arclight$eatStack(Lnet/minecraft/world/level/Level;Lnet/minecraft/world/item/ItemStack;Lnet/minecraft/world/food/FoodProperties;Lorg/spongepowered/asm/mixin/injection/callback/CallbackInfoReturnable;)V doesn't use it's CallbackInfoReturnable
[076月2026 16:52:14.942] [main/DEBUG] [mixin/]: mixins.arclight.core.json:world.entity.player.PlayerMixin from mod (unknown)->@Inject::arclight$eatStack(Lnet/minecraft/world/level/Level;Lnet/minecraft/world/item/ItemStack;Lnet/minecraft/world/food/FoodProperties;Lorg/spongepowered/asm/mixin/injection/callback/CallbackInfoReturnable;)V has 0 override(s) in child classes
[076月2026 16:52:14.942] [main/DEBUG] [mixin/]: mixins.arclight.core.json:world.entity.player.PlayerMixin from mod (unknown)->@Inject::arclight$eatStack(Lnet/minecraft/world/level/Level;Lnet/minecraft/world/item/ItemStack;Lnet/minecraft/world/food/FoodProperties;Lorg/spongepowered/asm/mixin/injection/callback/CallbackInfoReturnable;)V won't be passed a CallbackInfoReturnable as a result
[076月2026 16:52:14.942] [main/DEBUG] [mixin/]: mixins.arclight.core.json:world.entity.player.PlayerMixin from mod (unknown)->@Inject::arclight$wakeup(ZZLorg/spongepowered/asm/mixin/injection/callback/CallbackInfo;)V doesn't use it's CallbackInfo
[076月2026 16:52:14.942] [main/DEBUG] [mixin/]: mixins.arclight.core.json:world.entity.player.PlayerMixin from mod (unknown)->@Inject::arclight$wakeup(ZZLorg/spongepowered/asm/mixin/injection/callback/CallbackInfo;)V has 0 override(s) in child classes
[076月2026 16:52:14.942] [main/DEBUG] [mixin/]: mixins.arclight.core.json:world.entity.player.PlayerMixin from mod (unknown)->@Inject::arclight$wakeup(ZZLorg/spongepowered/asm/mixin/injection/callback/CallbackInfo;)V won't be passed a CallbackInfo as a result
[076月2026 16:52:14.942] [main/DEBUG] [mixin/]: mixins.arclight.core.json:world.entity.player.PlayerMixin from mod (unknown)->@Inject::arclight$startGlidingEvent(Lorg/spongepowered/asm/mixin/injection/callback/CallbackInfo;)V does use it's CallbackInfo
[076月2026 16:52:14.942] [main/DEBUG] [mixin/]: mixins.arclight.core.json:world.entity.player.PlayerMixin from mod (unknown)->@Inject::arclight$stopGlidingEvent(Lorg/spongepowered/asm/mixin/injection/callback/CallbackInfo;)V does use it's CallbackInfo
[076月2026 16:52:14.942] [main/DEBUG] [mixin/]: mixins.arclight.neoforge.json:core.world.entity.player.PlayerMixin_NeoForge from mod (unknown)->@Inject::arclight$onPlayerAttack(Lnet/minecraft/world/damagesource/DamageSource;FLorg/spongepowered/asm/mixin/injection/callback/CallbackInfoReturnable;)V does use it's CallbackInfoReturnable
[076月2026 16:52:14.942] [main/DEBUG] [mixin/]: mixins.arclight.neoforge.json:core.world.entity.player.PlayerMixin_NeoForge from mod (unknown)->@Inject::arclight$onPlayerAttackTarget(Lnet/minecraft/world/entity/Entity;Lorg/spongepowered/asm/mixin/injection/callback/CallbackInfo;)V does use it's CallbackInfo
[076月2026 16:52:14.944] [main/DEBUG] [mixin/]: mixins.arclight.neoforge.json:core.world.entity.player.PlayerMixin_NeoForge from mod (unknown)->@Inject::arclight$neoforge$popEntityDamageEvent(Lnet/minecraft/world/damagesource/DamageSource;FLorg/spongepowered/asm/mixin/injection/callback/CallbackInfo;)V doesn't use it's CallbackInfo
[076月2026 16:52:14.944] [main/DEBUG] [mixin/]: mixins.arclight.neoforge.json:core.world.entity.player.PlayerMixin_NeoForge from mod (unknown)->@Inject::arclight$neoforge$popEntityDamageEvent(Lnet/minecraft/world/damagesource/DamageSource;FLorg/spongepowered/asm/mixin/injection/callback/CallbackInfo;)V has 0 override(s) in child classes
[076月2026 16:52:14.944] [main/DEBUG] [mixin/]: mixins.arclight.neoforge.json:core.world.entity.player.PlayerMixin_NeoForge from mod (unknown)->@Inject::arclight$neoforge$popEntityDamageEvent(Lnet/minecraft/world/damagesource/DamageSource;FLorg/spongepowered/asm/mixin/injection/callback/CallbackInfo;)V won't be passed a CallbackInfo as a result
[076月2026 16:52:14.959] [main/DEBUG] [mixin/]: Mixing world.entity.LivingEntityMixin from mixins.arclight.core.json into net.minecraft.world.entity.LivingEntity
[076月2026 16:52:14.962] [main/DEBUG] [mixin/]: Renaming synthetic method lambda$arclight$fireEntityDamageEvent$7(Ljava/lang/Double;)Ljava/lang/Double; to md93a37e$lambda$arclight$fireEntityDamageEvent$7$0 in mixins.arclight.core.json:world.entity.LivingEntityMixin from mod (unknown)
[076月2026 16:52:14.963] [main/DEBUG] [mixin/]: Renaming synthetic method lambda$arclight$fireEntityDamageEvent$6(Lnet/minecraft/world/damagesource/DamageSource;Ljava/lang/Double;)Ljava/lang/Double; to md93a37e$lambda$arclight$fireEntityDamageEvent$6$1 in mixins.arclight.core.json:world.entity.LivingEntityMixin from mod (unknown)
[076月2026 16:52:14.963] [main/DEBUG] [mixin/]: Renaming synthetic method lambda$arclight$fireEntityDamageEvent$5(Lnet/minecraft/world/damagesource/DamageSource;Ljava/lang/Double;)Ljava/lang/Double; to md93a37e$lambda$arclight$fireEntityDamageEvent$5$2 in mixins.arclight.core.json:world.entity.LivingEntityMixin from mod (unknown)
[076月2026 16:52:14.963] [main/DEBUG] [mixin/]: Renaming synthetic method lambda$arclight$fireEntityDamageEvent$4(Lnet/minecraft/world/damagesource/DamageSource;Ljava/lang/Double;)Ljava/lang/Double; to md93a37e$lambda$arclight$fireEntityDamageEvent$4$3 in mixins.arclight.core.json:world.entity.LivingEntityMixin from mod (unknown)
[076月2026 16:52:14.963] [main/DEBUG] [mixin/]: Renaming synthetic method lambda$arclight$fireEntityDamageEvent$3(Lnet/minecraft/world/damagesource/DamageSource;Ljava/lang/Double;)Ljava/lang/Double; to md93a37e$lambda$arclight$fireEntityDamageEvent$3$4 in mixins.arclight.core.json:world.entity.LivingEntityMixin from mod (unknown)
[076月2026 16:52:14.963] [main/DEBUG] [mixin/]: Renaming synthetic method lambda$arclight$fireEntityDamageEvent$2(Lnet/minecraft/world/damagesource/DamageSource;Ljava/lang/Double;)Ljava/lang/Double; to md93a37e$lambda$arclight$fireEntityDamageEvent$2$5 in mixins.arclight.core.json:world.entity.LivingEntityMixin from mod (unknown)
[076月2026 16:52:14.963] [main/DEBUG] [mixin/]: Renaming synthetic method lambda$arclight$fireEntityDamageEvent$1(Lnet/minecraft/world/damagesource/DamageSource;Ljava/lang/Double;)Ljava/lang/Double; to md93a37e$lambda$arclight$fireEntityDamageEvent$1$6 in mixins.arclight.core.json:world.entity.LivingEntityMixin from mod (unknown)
[076月2026 16:52:14.963] [main/DEBUG] [mixin/]: Renaming synthetic method lambda$arclight$clearReason$0(Lorg/bukkit/event/entity/EntityPotionEffectEvent$Cause;Lnet/minecraft/world/effect/MobEffectInstance;)Z to md93a37e$lambda$arclight$clearReason$0$7 in mixins.arclight.core.json:world.entity.LivingEntityMixin from mod (unknown)
[076月2026 16:52:14.990] [main/DEBUG] [mixin/]: Mixing core.world.entity.LivingEntityMixin_NeoForge from mixins.arclight.neoforge.json into net.minecraft.world.entity.LivingEntity
[076月2026 16:52:14.992] [main/DEBUG] [mixin/]: Mixing activationrange.entity.LivingEntityMixin_ActivationRange from mixins.arclight.impl.optimization.json into net.minecraft.world.entity.LivingEntity
[076月2026 16:52:15.030] [main/DEBUG] [mixin/]: mixins.arclight.core.json:world.entity.LivingEntityMixin from mod (unknown)->@Inject::arclight$init(Lnet/minecraft/world/entity/EntityType;Lnet/minecraft/world/level/Level;Lorg/spongepowered/asm/mixin/injection/callback/CallbackInfo;)V doesn't use it's CallbackInfo
[076月2026 16:52:15.031] [main/DEBUG] [mixin/]: mixins.arclight.core.json:world.entity.LivingEntityMixin from mod (unknown)->@Inject::arclight$init(Lnet/minecraft/world/entity/EntityType;Lnet/minecraft/world/level/Level;Lorg/spongepowered/asm/mixin/injection/callback/CallbackInfo;)V has 0 override(s) in child classes
[076月2026 16:52:15.031] [main/DEBUG] [mixin/]: mixins.arclight.core.json:world.entity.LivingEntityMixin from mod (unknown)->@Inject::arclight$init(Lnet/minecraft/world/entity/EntityType;Lnet/minecraft/world/level/Level;Lorg/spongepowered/asm/mixin/injection/callback/CallbackInfo;)V won't be passed a CallbackInfo as a result
[076月2026 16:52:15.031] [main/DEBUG] [mixin/]: mixins.arclight.core.json:world.entity.LivingEntityMixin from mod (unknown)->@Inject::arclight$startTicking(Lorg/spongepowered/asm/mixin/injection/callback/CallbackInfo;)V doesn't use it's CallbackInfo
[076月2026 16:52:15.032] [main/DEBUG] [mixin/]: mixins.arclight.core.json:world.entity.LivingEntityMixin from mod (unknown)->@Inject::arclight$startTicking(Lorg/spongepowered/asm/mixin/injection/callback/CallbackInfo;)V has 0 override(s) in child classes
[076月2026 16:52:15.032] [main/DEBUG] [mixin/]: mixins.arclight.core.json:world.entity.LivingEntityMixin from mod (unknown)->@Inject::arclight$startTicking(Lorg/spongepowered/asm/mixin/injection/callback/CallbackInfo;)V won't be passed a CallbackInfo as a result
[076月2026 16:52:15.032] [main/DEBUG] [mixin/]: mixins.arclight.core.json:world.entity.LivingEntityMixin from mod (unknown)->@Inject::arclight$pendingEffects(Lorg/spongepowered/asm/mixin/injection/callback/CallbackInfo;)V doesn't use it's CallbackInfo
[076月2026 16:52:15.033] [main/DEBUG] [mixin/]: mixins.arclight.core.json:world.entity.LivingEntityMixin from mod (unknown)->@Inject::arclight$pendingEffects(Lorg/spongepowered/asm/mixin/injection/callback/CallbackInfo;)V has 0 override(s) in child classes
[076月2026 16:52:15.033] [main/DEBUG] [mixin/]: mixins.arclight.core.json:world.entity.LivingEntityMixin from mod (unknown)->@Inject::arclight$pendingEffects(Lorg/spongepowered/asm/mixin/injection/callback/CallbackInfo;)V won't be passed a CallbackInfo as a result
[076月2026 16:52:15.033] [main/DEBUG] [mixin/]: mixins.arclight.core.json:world.entity.LivingEntityMixin from mod (unknown)->@Inject::arclight$clearActive(Lnet/minecraft/core/Holder;Lorg/spongepowered/asm/mixin/injection/callback/CallbackInfoReturnable;)V does use it's CallbackInfoReturnable
[076月2026 16:52:15.033] [main/DEBUG] [mixin/]: mixins.arclight.core.json:world.entity.LivingEntityMixin from mod (unknown)->@Inject::arclight$beginOnDeathMobEffects(Lnet/minecraft/world/entity/Entity$RemovalReason;Lorg/spongepowered/asm/mixin/injection/callback/CallbackInfo;)V does use it's CallbackInfo
[076月2026 16:52:15.033] [main/DEBUG] [mixin/]: mixins.arclight.core.json:world.entity.LivingEntityMixin from mod (unknown)->@Inject::arclight$endOnDeathMobEffects(Lorg/spongepowered/asm/mixin/injection/callback/CallbackInfo;)V doesn't use it's CallbackInfo
[076月2026 16:52:15.034] [main/DEBUG] [mixin/]: mixins.arclight.core.json:world.entity.LivingEntityMixin from mod (unknown)->@Inject::arclight$endOnDeathMobEffects(Lorg/spongepowered/asm/mixin/injection/callback/CallbackInfo;)V has 0 override(s) in child classes
[076月2026 16:52:15.034] [main/DEBUG] [mixin/]: mixins.arclight.core.json:world.entity.LivingEntityMixin from mod (unknown)->@Inject::arclight$endOnDeathMobEffects(Lorg/spongepowered/asm/mixin/injection/callback/CallbackInfo;)V won't be passed a CallbackInfo as a result
[076月2026 16:52:15.034] [main/DEBUG] [mixin/]: mixins.arclight.core.json:world.entity.LivingEntityMixin from mod (unknown)->@Inject::arclight$readMaxHealth(Lnet/minecraft/nbt/CompoundTag;Lorg/spongepowered/asm/mixin/injection/callback/CallbackInfo;)V doesn't use it's CallbackInfo
[076月2026 16:52:15.034] [main/DEBUG] [mixin/]: mixins.arclight.core.json:world.entity.LivingEntityMixin from mod (unknown)->@Inject::arclight$readMaxHealth(Lnet/minecraft/nbt/CompoundTag;Lorg/spongepowered/asm/mixin/injection/callback/CallbackInfo;)V has 0 override(s) in child classes
[076月2026 16:52:15.034] [main/DEBUG] [mixin/]: mixins.arclight.core.json:world.entity.LivingEntityMixin from mod (unknown)->@Inject::arclight$readMaxHealth(Lnet/minecraft/nbt/CompoundTag;Lorg/spongepowered/asm/mixin/injection/callback/CallbackInfo;)V won't be passed a CallbackInfo as a result
[076月2026 16:52:15.035] [main/DEBUG] [mixin/]: mixins.arclight.core.json:world.entity.LivingEntityMixin from mod (unknown)->@Inject::arclight$scaledHealth(Lorg/spongepowered/asm/mixin/injection/callback/CallbackInfoReturnable;)V does use it's CallbackInfoReturnable
[076月2026 16:52:15.035] [main/DEBUG] [mixin/]: mixins.arclight.core.json:world.entity.LivingEntityMixin from mod (unknown)->@Inject::arclight$setScaled(FLorg/spongepowered/asm/mixin/injection/callback/CallbackInfo;)V does use it's CallbackInfo
[076月2026 16:52:15.035] [main/DEBUG] [mixin/]: mixins.arclight.core.json:world.entity.LivingEntityMixin from mod (unknown)->@Inject::arclight$shieldKnockback(Lnet/minecraft/world/entity/LivingEntity;Lorg/spongepowered/asm/mixin/injection/callback/CallbackInfo;)V doesn't use it's CallbackInfo
[076月2026 16:52:15.035] [main/DEBUG] [mixin/]: mixins.arclight.core.json:world.entity.LivingEntityMixin from mod (unknown)->@Inject::arclight$shieldKnockback(Lnet/minecraft/world/entity/LivingEntity;Lorg/spongepowered/asm/mixin/injection/callback/CallbackInfo;)V has 0 override(s) in child classes
[076月2026 16:52:15.035] [main/DEBUG] [mixin/]: mixins.arclight.core.json:world.entity.LivingEntityMixin from mod (unknown)->@Inject::arclight$shieldKnockback(Lnet/minecraft/world/entity/LivingEntity;Lorg/spongepowered/asm/mixin/injection/callback/CallbackInfo;)V won't be passed a CallbackInfo as a result
[076月2026 16:52:15.035] [main/DEBUG] [mixin/]: mixins.arclight.core.json:world.entity.LivingEntityMixin from mod (unknown)->@Inject::arclight$resetDamageResult(Lnet/minecraft/world/damagesource/DamageSource;FLorg/spongepowered/asm/mixin/injection/callback/CallbackInfoReturnable;)V doesn't use it's CallbackInfoReturnable
[076月2026 16:52:15.036] [main/DEBUG] [mixin/]: mixins.arclight.core.json:world.entity.LivingEntityMixin from mod (unknown)->@Inject::arclight$resetDamageResult(Lnet/minecraft/world/damagesource/DamageSource;FLorg/spongepowered/asm/mixin/injection/callback/CallbackInfoReturnable;)V has 0 override(s) in child classes
[076月2026 16:52:15.036] [main/DEBUG] [mixin/]: mixins.arclight.core.json:world.entity.LivingEntityMixin from mod (unknown)->@Inject::arclight$resetDamageResult(Lnet/minecraft/world/damagesource/DamageSource;FLorg/spongepowered/asm/mixin/injection/callback/CallbackInfoReturnable;)V won't be passed a CallbackInfoReturnable as a result
[076月2026 16:52:15.036] [main/DEBUG] [mixin/]: mixins.arclight.core.json:world.entity.LivingEntityMixin from mod (unknown)->@Inject::arclight$setDamageResult(Lnet/minecraft/world/damagesource/DamageSource;FLorg/spongepowered/asm/mixin/injection/callback/CallbackInfo;)V doesn't use it's CallbackInfo
[076月2026 16:52:15.037] [main/DEBUG] [mixin/]: mixins.arclight.core.json:world.entity.LivingEntityMixin from mod (unknown)->@Inject::arclight$setDamageResult(Lnet/minecraft/world/damagesource/DamageSource;FLorg/spongepowered/asm/mixin/injection/callback/CallbackInfo;)V has 0 override(s) in child classes
[076月2026 16:52:15.037] [main/DEBUG] [mixin/]: mixins.arclight.core.json:world.entity.LivingEntityMixin from mod (unknown)->@Inject::arclight$setDamageResult(Lnet/minecraft/world/damagesource/DamageSource;FLorg/spongepowered/asm/mixin/injection/callback/CallbackInfo;)V won't be passed a CallbackInfo as a result
[076月2026 16:52:15.037] [main/DEBUG] [mixin/]: mixins.arclight.core.json:world.entity.LivingEntityMixin from mod (unknown)->@Inject::arclight$knockbackCause(Lnet/minecraft/world/damagesource/DamageSource;FLorg/spongepowered/asm/mixin/injection/callback/CallbackInfoReturnable;)V doesn't use it's CallbackInfoReturnable
[076月2026 16:52:15.037] [main/DEBUG] [mixin/]: mixins.arclight.core.json:world.entity.LivingEntityMixin from mod (unknown)->@Inject::arclight$knockbackCause(Lnet/minecraft/world/damagesource/DamageSource;FLorg/spongepowered/asm/mixin/injection/callback/CallbackInfoReturnable;)V has 0 override(s) in child classes
[076月2026 16:52:15.037] [main/DEBUG] [mixin/]: mixins.arclight.core.json:world.entity.LivingEntityMixin from mod (unknown)->@Inject::arclight$knockbackCause(Lnet/minecraft/world/damagesource/DamageSource;FLorg/spongepowered/asm/mixin/injection/callback/CallbackInfoReturnable;)V won't be passed a CallbackInfoReturnable as a result
[076月2026 16:52:15.037] [main/DEBUG] [mixin/]: mixins.arclight.core.json:world.entity.LivingEntityMixin from mod (unknown)->@Inject::arclight$resetReason(FLorg/spongepowered/asm/mixin/injection/callback/CallbackInfo;)V doesn't use it's CallbackInfo
[076月2026 16:52:15.038] [main/DEBUG] [mixin/]: mixins.arclight.core.json:world.entity.LivingEntityMixin from mod (unknown)->@Inject::arclight$resetReason(FLorg/spongepowered/asm/mixin/injection/callback/CallbackInfo;)V has 0 override(s) in child classes
[076月2026 16:52:15.038] [main/DEBUG] [mixin/]: mixins.arclight.core.json:world.entity.LivingEntityMixin from mod (unknown)->@Inject::arclight$resetReason(FLorg/spongepowered/asm/mixin/injection/callback/CallbackInfo;)V won't be passed a CallbackInfo as a result
[076月2026 16:52:15.038] [main/DEBUG] [mixin/]: mixins.arclight.core.json:world.entity.LivingEntityMixin from mod (unknown)->@Inject::arclight$resetReason(FLorg/spongepowered/asm/mixin/injection/callback/CallbackInfo;)V doesn't use it's CallbackInfo
[076月2026 16:52:15.038] [main/DEBUG] [mixin/]: mixins.arclight.core.json:world.entity.LivingEntityMixin from mod (unknown)->@Inject::arclight$resetReason(FLorg/spongepowered/asm/mixin/injection/callback/CallbackInfo;)V has 0 override(s) in child classes
[076月2026 16:52:15.038] [main/DEBUG] [mixin/]: mixins.arclight.core.json:world.entity.LivingEntityMixin from mod (unknown)->@Inject::arclight$resetReason(FLorg/spongepowered/asm/mixin/injection/callback/CallbackInfo;)V won't be passed a CallbackInfo as a result
[076月2026 16:52:15.039] [main/DEBUG] [mixin/]: mixins.arclight.core.json:world.entity.LivingEntityMixin from mod (unknown)->@Inject::arclight$witherRoseDrop(Lnet/minecraft/world/entity/LivingEntity;Lorg/spongepowered/asm/mixin/injection/callback/CallbackInfo;ZLnet/minecraft/world/entity/item/ItemEntity;)V does use it's CallbackInfo
[076月2026 16:52:15.039] [main/DEBUG] [mixin/]: mixins.arclight.core.json:world.entity.LivingEntityMixin from mod (unknown)->@Inject::arclight$foodEffectCause(Lnet/minecraft/world/food/FoodProperties;Lorg/spongepowered/asm/mixin/injection/callback/CallbackInfo;)V doesn't use it's CallbackInfo
[076月2026 16:52:15.040] [main/DEBUG] [mixin/]: mixins.arclight.core.json:world.entity.LivingEntityMixin from mod (unknown)->@Inject::arclight$foodEffectCause(Lnet/minecraft/world/food/FoodProperties;Lorg/spongepowered/asm/mixin/injection/callback/CallbackInfo;)V has 0 override(s) in child classes
[076月2026 16:52:15.040] [main/DEBUG] [mixin/]: mixins.arclight.core.json:world.entity.LivingEntityMixin from mod (unknown)->@Inject::arclight$foodEffectCause(Lnet/minecraft/world/food/FoodProperties;Lorg/spongepowered/asm/mixin/injection/callback/CallbackInfo;)V won't be passed a CallbackInfo as a result
[076月2026 16:52:15.040] [main/DEBUG] [mixin/]: mixins.arclight.core.json:world.entity.LivingEntityMixin from mod (unknown)->@Inject::arclight$onArrowChange(ILorg/spongepowered/asm/mixin/injection/callback/CallbackInfo;)V does use it's CallbackInfo
[076月2026 16:52:15.040] [main/DEBUG] [mixin/]: mixins.arclight.core.json:world.entity.LivingEntityMixin from mod (unknown)->@Inject::arclight$killedCause(Lorg/spongepowered/asm/mixin/injection/callback/CallbackInfo;)V doesn't use it's CallbackInfo
[076月2026 16:52:15.041] [main/DEBUG] [mixin/]: mixins.arclight.core.json:world.entity.LivingEntityMixin from mod (unknown)->@Inject::arclight$killedCause(Lorg/spongepowered/asm/mixin/injection/callback/CallbackInfo;)V has 0 override(s) in child classes
[076月2026 16:52:15.041] [main/DEBUG] [mixin/]: mixins.arclight.core.json:world.entity.LivingEntityMixin from mod (unknown)->@Inject::arclight$killedCause(Lorg/spongepowered/asm/mixin/injection/callback/CallbackInfo;)V won't be passed a CallbackInfo as a result
[076月2026 16:52:15.041] [main/DEBUG] [mixin/]: mixins.arclight.neoforge.json:core.world.entity.LivingEntityMixin_NeoForge from mod (unknown)->@Inject::arclight$dropLast(Lnet/minecraft/server/level/ServerLevel;Lnet/minecraft/world/damagesource/DamageSource;Lorg/spongepowered/asm/mixin/injection/callback/CallbackInfo;)V doesn't use it's CallbackInfo
[076月2026 16:52:15.041] [main/DEBUG] [mixin/]: mixins.arclight.neoforge.json:core.world.entity.LivingEntityMixin_NeoForge from mod (unknown)->@Inject::arclight$dropLast(Lnet/minecraft/server/level/ServerLevel;Lnet/minecraft/world/damagesource/DamageSource;Lorg/spongepowered/asm/mixin/injection/callback/CallbackInfo;)V has 0 override(s) in child classes
[076月2026 16:52:15.041] [main/DEBUG] [mixin/]: mixins.arclight.neoforge.json:core.world.entity.LivingEntityMixin_NeoForge from mod (unknown)->@Inject::arclight$dropLast(Lnet/minecraft/server/level/ServerLevel;Lnet/minecraft/world/damagesource/DamageSource;Lorg/spongepowered/asm/mixin/injection/callback/CallbackInfo;)V won't be passed a CallbackInfo as a result
[076月2026 16:52:15.043] [main/DEBUG] [mixin/]: mixins.arclight.neoforge.json:core.world.entity.LivingEntityMixin_NeoForge from mod (unknown)->@Inject::arclight$vanilla$popEntityDamageEvent(Lnet/minecraft/world/damagesource/DamageSource;FLorg/spongepowered/asm/mixin/injection/callback/CallbackInfo;)V doesn't use it's CallbackInfo
[076月2026 16:52:15.043] [main/DEBUG] [mixin/]: mixins.arclight.neoforge.json:core.world.entity.LivingEntityMixin_NeoForge from mod (unknown)->@Inject::arclight$vanilla$popEntityDamageEvent(Lnet/minecraft/world/damagesource/DamageSource;FLorg/spongepowered/asm/mixin/injection/callback/CallbackInfo;)V has 0 override(s) in child classes
[076月2026 16:52:15.043] [main/DEBUG] [mixin/]: mixins.arclight.neoforge.json:core.world.entity.LivingEntityMixin_NeoForge from mod (unknown)->@Inject::arclight$vanilla$popEntityDamageEvent(Lnet/minecraft/world/damagesource/DamageSource;FLorg/spongepowered/asm/mixin/injection/callback/CallbackInfo;)V won't be passed a CallbackInfo as a result
[076月2026 16:52:15.048] [main/DEBUG] [Implementer/ASYNC_CATCHER]: Injecting net/minecraft/world/entity/LivingEntity/addEffect(Lnet/minecraft/world/effect/MobEffectInstance;Lnet/minecraft/world/entity/Entity;)Z for reason effect add
[076月2026 16:52:15.066] [main/DEBUG] [mixin/]: Mixing world.entity.item.ItemEntityMixin from mixins.arclight.core.json into net.minecraft.world.entity.item.ItemEntity
[076月2026 16:52:15.069] [main/DEBUG] [mixin/]: Mixing core.world.entity.item.ItemEntityMixin_NeoForge from mixins.arclight.neoforge.json into net.minecraft.world.entity.item.ItemEntity
[076月2026 16:52:15.069] [main/DEBUG] [mixin/]: Mixing optimization.general.activationrange.entity.ItemEntityMixin_ActivationRange_NeoForge from mixins.arclight.neoforge.json into net.minecraft.world.entity.item.ItemEntity
[076月2026 16:52:15.070] [main/DEBUG] [mixin/]: Mixing activationrange.entity.ItemEntityMixin_ActivationRange from mixins.arclight.impl.optimization.json into net.minecraft.world.entity.item.ItemEntity
[076月2026 16:52:15.071] [main/DEBUG] [mixin/]: Mixing realtime.ItemEntityMixin_Realtime from mixins.arclight.impl.optimization.json into net.minecraft.world.entity.item.ItemEntity
[076月2026 16:52:15.077] [main/DEBUG] [mixin/]: mixins.arclight.core.json:world.entity.item.ItemEntityMixin from mod (unknown)->@Inject::arclight$itemMerge(Lnet/minecraft/world/entity/item/ItemEntity;Lnet/minecraft/world/item/ItemStack;Lnet/minecraft/world/entity/item/ItemEntity;Lnet/minecraft/world/item/ItemStack;Lorg/spongepowered/asm/mixin/injection/callback/CallbackInfo;)V does use it's CallbackInfo
[076月2026 16:52:15.077] [main/DEBUG] [mixin/]: mixins.arclight.core.json:world.entity.item.ItemEntityMixin from mod (unknown)->@Inject::arclight$itemMergeCause(Lnet/minecraft/world/entity/item/ItemEntity;Lnet/minecraft/world/item/ItemStack;Lnet/minecraft/world/entity/item/ItemEntity;Lnet/minecraft/world/item/ItemStack;Lorg/spongepowered/asm/mixin/injection/callback/CallbackInfo;)V doesn't use it's CallbackInfo
[076月2026 16:52:15.077] [main/DEBUG] [mixin/]: mixins.arclight.core.json:world.entity.item.ItemEntityMixin from mod (unknown)->@Inject::arclight$damageNonLiving(Lnet/minecraft/world/damagesource/DamageSource;FLorg/spongepowered/asm/mixin/injection/callback/CallbackInfoReturnable;)V does use it's CallbackInfoReturnable
[076月2026 16:52:15.077] [main/DEBUG] [mixin/]: mixins.arclight.core.json:world.entity.item.ItemEntityMixin from mod (unknown)->@Inject::arclight$dead(Lnet/minecraft/world/damagesource/DamageSource;FLorg/spongepowered/asm/mixin/injection/callback/CallbackInfoReturnable;)V doesn't use it's CallbackInfoReturnable
[076月2026 16:52:15.077] [main/DEBUG] [mixin/]: mixins.arclight.core.json:world.entity.item.ItemEntityMixin from mod (unknown)->@Inject::arclight$dead(Lnet/minecraft/world/damagesource/DamageSource;FLorg/spongepowered/asm/mixin/injection/callback/CallbackInfoReturnable;)V has 0 override(s) in child classes
[076月2026 16:52:15.077] [main/DEBUG] [mixin/]: mixins.arclight.core.json:world.entity.item.ItemEntityMixin from mod (unknown)->@Inject::arclight$dead(Lnet/minecraft/world/damagesource/DamageSource;FLorg/spongepowered/asm/mixin/injection/callback/CallbackInfoReturnable;)V won't be passed a CallbackInfoReturnable as a result
[076月2026 16:52:15.077] [main/DEBUG] [mixin/]: mixins.arclight.core.json:world.entity.item.ItemEntityMixin from mod (unknown)->@Inject::arclight$discardReason(Lnet/minecraft/world/entity/player/Player;Lorg/spongepowered/asm/mixin/injection/callback/CallbackInfo;)V doesn't use it's CallbackInfo
[076月2026 16:52:15.077] [main/DEBUG] [mixin/]: mixins.arclight.core.json:world.entity.item.ItemEntityMixin from mod (unknown)->@Inject::arclight$discardReason(Lnet/minecraft/world/entity/player/Player;Lorg/spongepowered/asm/mixin/injection/callback/CallbackInfo;)V has 0 override(s) in child classes
[076月2026 16:52:15.077] [main/DEBUG] [mixin/]: mixins.arclight.core.json:world.entity.item.ItemEntityMixin from mod (unknown)->@Inject::arclight$discardReason(Lnet/minecraft/world/entity/player/Player;Lorg/spongepowered/asm/mixin/injection/callback/CallbackInfo;)V won't be passed a CallbackInfo as a result
[076月2026 16:52:15.078] [main/DEBUG] [mixin/]: mixins.arclight.core.json:world.entity.item.ItemEntityMixin from mod (unknown)->@Inject::arclight$markDirty(Lnet/minecraft/world/item/ItemStack;Lorg/spongepowered/asm/mixin/injection/callback/CallbackInfo;)V doesn't use it's CallbackInfo
[076月2026 16:52:15.078] [main/DEBUG] [mixin/]: mixins.arclight.core.json:world.entity.item.ItemEntityMixin from mod (unknown)->@Inject::arclight$markDirty(Lnet/minecraft/world/item/ItemStack;Lorg/spongepowered/asm/mixin/injection/callback/CallbackInfo;)V has 0 override(s) in child classes
[076月2026 16:52:15.078] [main/DEBUG] [mixin/]: mixins.arclight.core.json:world.entity.item.ItemEntityMixin from mod (unknown)->@Inject::arclight$markDirty(Lnet/minecraft/world/item/ItemStack;Lorg/spongepowered/asm/mixin/injection/callback/CallbackInfo;)V won't be passed a CallbackInfo as a result
[076月2026 16:52:15.078] [main/DEBUG] [mixin/]: mixins.arclight.neoforge.json:optimization.general.activationrange.entity.ItemEntityMixin_ActivationRange_NeoForge from mod (unknown)->@Inject::activationRange$init(Lnet/minecraft/world/entity/EntityType;Lnet/minecraft/world/level/Level;Lorg/spongepowered/asm/mixin/injection/callback/CallbackInfo;)V doesn't use it's CallbackInfo
[076月2026 16:52:15.078] [main/DEBUG] [mixin/]: mixins.arclight.neoforge.json:optimization.general.activationrange.entity.ItemEntityMixin_ActivationRange_NeoForge from mod (unknown)->@Inject::activationRange$init(Lnet/minecraft/world/entity/EntityType;Lnet/minecraft/world/level/Level;Lorg/spongepowered/asm/mixin/injection/callback/CallbackInfo;)V has 0 override(s) in child classes
[076月2026 16:52:15.078] [main/DEBUG] [mixin/]: mixins.arclight.neoforge.json:optimization.general.activationrange.entity.ItemEntityMixin_ActivationRange_NeoForge from mod (unknown)->@Inject::activationRange$init(Lnet/minecraft/world/entity/EntityType;Lnet/minecraft/world/level/Level;Lorg/spongepowered/asm/mixin/injection/callback/CallbackInfo;)V won't be passed a CallbackInfo as a result
[076月2026 16:52:15.078] [main/DEBUG] [mixin/]: mixins.arclight.neoforge.json:optimization.general.activationrange.entity.ItemEntityMixin_ActivationRange_NeoForge from mod (unknown)->@Inject::activationRange$init(Lnet/minecraft/world/level/Level;DDDLnet/minecraft/world/item/ItemStack;Lorg/spongepowered/asm/mixin/injection/callback/CallbackInfo;)V doesn't use it's CallbackInfo
[076月2026 16:52:15.078] [main/DEBUG] [mixin/]: mixins.arclight.neoforge.json:optimization.general.activationrange.entity.ItemEntityMixin_ActivationRange_NeoForge from mod (unknown)->@Inject::activationRange$init(Lnet/minecraft/world/level/Level;DDDLnet/minecraft/world/item/ItemStack;Lorg/spongepowered/asm/mixin/injection/callback/CallbackInfo;)V has 0 override(s) in child classes
[076月2026 16:52:15.078] [main/DEBUG] [mixin/]: mixins.arclight.neoforge.json:optimization.general.activationrange.entity.ItemEntityMixin_ActivationRange_NeoForge from mod (unknown)->@Inject::activationRange$init(Lnet/minecraft/world/level/Level;DDDLnet/minecraft/world/item/ItemStack;Lorg/spongepowered/asm/mixin/injection/callback/CallbackInfo;)V won't be passed a CallbackInfo as a result
[076月2026 16:52:15.078] [main/DEBUG] [mixin/]: mixins.arclight.impl.optimization.json:realtime.ItemEntityMixin_Realtime from mod (unknown)->@Inject::arclight$useWallTime(Lorg/spongepowered/asm/mixin/injection/callback/CallbackInfo;)V doesn't use it's CallbackInfo
[076月2026 16:52:15.078] [main/DEBUG] [mixin/]: mixins.arclight.impl.optimization.json:realtime.ItemEntityMixin_Realtime from mod (unknown)->@Inject::arclight$useWallTime(Lorg/spongepowered/asm/mixin/injection/callback/CallbackInfo;)V has 0 override(s) in child classes
[076月2026 16:52:15.078] [main/DEBUG] [mixin/]: mixins.arclight.impl.optimization.json:realtime.ItemEntityMixin_Realtime from mod (unknown)->@Inject::arclight$useWallTime(Lorg/spongepowered/asm/mixin/injection/callback/CallbackInfo;)V won't be passed a CallbackInfo as a result
[076月2026 16:52:15.081] [main/DEBUG] [mixin/]: Mixing world.level.LevelMixin from mixins.arclight.core.json into net.minecraft.world.level.Level
[076月2026 16:52:15.090] [main/DEBUG] [mixin/]: Mixing core.world.level.LevelMixin_NeoForge from mixins.arclight.neoforge.json into net.minecraft.world.level.Level
[076月2026 16:52:15.102] [main/DEBUG] [mixin/]: mixins.arclight.core.json:world.level.LevelMixin from mod (unknown)->@Inject::arclight$preInit(Lnet/minecraft/world/level/storage/WritableLevelData;Lnet/minecraft/resources/ResourceKey;Lnet/minecraft/core/RegistryAccess;Lnet/minecraft/core/Holder;Ljava/util/function/Supplier;ZZJILorg/spongepowered/asm/mixin/injection/callback/CallbackInfo;)V doesn't use it's CallbackInfo
[076月2026 16:52:15.102] [main/DEBUG] [mixin/]: mixins.arclight.core.json:world.level.LevelMixin from mod (unknown)->@Inject::arclight$preInit(Lnet/minecraft/world/level/storage/WritableLevelData;Lnet/minecraft/resources/ResourceKey;Lnet/minecraft/core/RegistryAccess;Lnet/minecraft/core/Holder;Ljava/util/function/Supplier;ZZJILorg/spongepowered/asm/mixin/injection/callback/CallbackInfo;)V has 0 override(s) in child classes
[076月2026 16:52:15.102] [main/DEBUG] [mixin/]: mixins.arclight.core.json:world.level.LevelMixin from mod (unknown)->@Inject::arclight$preInit(Lnet/minecraft/world/level/storage/WritableLevelData;Lnet/minecraft/resources/ResourceKey;Lnet/minecraft/core/RegistryAccess;Lnet/minecraft/core/Holder;Ljava/util/function/Supplier;ZZJILorg/spongepowered/asm/mixin/injection/callback/CallbackInfo;)V won't be passed a CallbackInfo as a result
[076月2026 16:52:15.102] [main/DEBUG] [mixin/]: mixins.arclight.core.json:world.level.LevelMixin from mod (unknown)->@Inject::arclight$hooks(Lnet/minecraft/core/BlockPos;Lnet/minecraft/world/level/block/state/BlockState;IILorg/spongepowered/asm/mixin/injection/callback/CallbackInfoReturnable;)V does use it's CallbackInfoReturnable
[076月2026 16:52:15.102] [main/DEBUG] [mixin/]: mixins.arclight.neoforge.json:core.world.level.LevelMixin_NeoForge from mod (unknown)->@Inject::arclight$callBlockPhysics(Lnet/minecraft/core/BlockPos;Lnet/minecraft/world/level/chunk/LevelChunk;Lnet/minecraft/world/level/block/state/BlockState;Lnet/minecraft/world/level/block/state/BlockState;IILorg/spongepowered/asm/mixin/injection/callback/CallbackInfo;)V does use it's CallbackInfo
[076月2026 16:52:15.102] [main/DEBUG] [mixin/]: mixins.arclight.neoforge.json:core.world.level.LevelMixin_NeoForge from mod (unknown)->@Inject::arclight$preventPoiUpdate(Lnet/minecraft/core/BlockPos;Lnet/minecraft/world/level/chunk/LevelChunk;Lnet/minecraft/world/level/block/state/BlockState;Lnet/minecraft/world/level/block/state/BlockState;IILorg/spongepowered/asm/mixin/injection/callback/CallbackInfo;)V does use it's CallbackInfo
[076月2026 16:52:15.102] [main/DEBUG] [mixin/]: mixins.arclight.core.json:world.level.LevelMixin from mod (unknown)->@Inject::arclight$init(Lnet/minecraft/world/level/storage/WritableLevelData;Lnet/minecraft/resources/ResourceKey;Lnet/minecraft/core/RegistryAccess;Lnet/minecraft/core/Holder;Ljava/util/function/Supplier;ZZJILorg/spongepowered/asm/mixin/injection/callback/CallbackInfo;)V doesn't use it's CallbackInfo
[076月2026 16:52:15.102] [main/DEBUG] [mixin/]: mixins.arclight.core.json:world.level.LevelMixin from mod (unknown)->@Inject::arclight$init(Lnet/minecraft/world/level/storage/WritableLevelData;Lnet/minecraft/resources/ResourceKey;Lnet/minecraft/core/RegistryAccess;Lnet/minecraft/core/Holder;Ljava/util/function/Supplier;ZZJILorg/spongepowered/asm/mixin/injection/callback/CallbackInfo;)V has 0 override(s) in child classes
[076月2026 16:52:15.102] [main/DEBUG] [mixin/]: mixins.arclight.core.json:world.level.LevelMixin from mod (unknown)->@Inject::arclight$init(Lnet/minecraft/world/level/storage/WritableLevelData;Lnet/minecraft/resources/ResourceKey;Lnet/minecraft/core/RegistryAccess;Lnet/minecraft/core/Holder;Ljava/util/function/Supplier;ZZJILorg/spongepowered/asm/mixin/injection/callback/CallbackInfo;)V won't be passed a CallbackInfo as a result
[076月2026 16:52:15.108] [main/DEBUG] [mixin/]: Mixing server.level.ServerLevelMixin from mixins.arclight.core.json into net.minecraft.server.level.ServerLevel
[076月2026 16:52:15.109] [main/DEBUG] [mixin/]: Renaming synthetic method lambda$arclight$limitBreakVisibility$0(Lio/izzel/arclight/common/bridge/core/server/level/ServerPlayerBridge;Lnet/minecraft/server/level/ServerPlayer;)Z to md93a37e$lambda$arclight$limitBreakVisibility$0$0 in mixins.arclight.core.json:server.level.ServerLevelMixin from mod (unknown)
[076月2026 16:52:15.126] [main/DEBUG] [mixin/]: Mixing activationrange.ServerLevelMixin_ActivationRange from mixins.arclight.impl.optimization.json into net.minecraft.server.level.ServerLevel
[076月2026 16:52:15.145] [main/DEBUG] [mixin/]: mixins.arclight.core.json:server.level.ServerLevelMixin from mod (unknown)->@Inject::arclight$init(Lnet/minecraft/server/MinecraftServer;Ljava/util/concurrent/Executor;Lnet/minecraft/world/level/storage/LevelStorageSource$LevelStorageAccess;Lnet/minecraft/world/level/storage/ServerLevelData;Lnet/minecraft/resources/ResourceKey;Lnet/minecraft/world/level/dimension/LevelStem;Lnet/minecraft/server/level/progress/ChunkProgressListener;ZJLjava/util/List;ZLnet/minecraft/world/RandomSequences;Lorg/spongepowered/asm/mixin/injection/callback/CallbackInfo;)V doesn't use it's CallbackInfo
[076月2026 16:52:15.145] [main/DEBUG] [mixin/]: mixins.arclight.core.json:server.level.ServerLevelMixin from mod (unknown)->@Inject::arclight$init(Lnet/minecraft/server/MinecraftServer;Ljava/util/concurrent/Executor;Lnet/minecraft/world/level/storage/LevelStorageSource$LevelStorageAccess;Lnet/minecraft/world/level/storage/ServerLevelData;Lnet/minecraft/resources/ResourceKey;Lnet/minecraft/world/level/dimension/LevelStem;Lnet/minecraft/server/level/progress/ChunkProgressListener;ZJLjava/util/List;ZLnet/minecraft/world/RandomSequences;Lorg/spongepowered/asm/mixin/injection/callback/CallbackInfo;)V has 0 override(s) in child classes
[076月2026 16:52:15.145] [main/DEBUG] [mixin/]: mixins.arclight.core.json:server.level.ServerLevelMixin from mod (unknown)->@Inject::arclight$init(Lnet/minecraft/server/MinecraftServer;Ljava/util/concurrent/Executor;Lnet/minecraft/world/level/storage/LevelStorageSource$LevelStorageAccess;Lnet/minecraft/world/level/storage/ServerLevelData;Lnet/minecraft/resources/ResourceKey;Lnet/minecraft/world/level/dimension/LevelStem;Lnet/minecraft/server/level/progress/ChunkProgressListener;ZJLjava/util/List;ZLnet/minecraft/world/RandomSequences;Lorg/spongepowered/asm/mixin/injection/callback/CallbackInfo;)V won't be passed a CallbackInfo as a result
[076月2026 16:52:15.145] [main/DEBUG] [mixin/]: mixins.arclight.core.json:server.level.ServerLevelMixin from mod (unknown)->@Inject::arclight$savePdc(Lorg/spongepowered/asm/mixin/injection/callback/CallbackInfo;)V doesn't use it's CallbackInfo
[076月2026 16:52:15.145] [main/DEBUG] [mixin/]: mixins.arclight.core.json:server.level.ServerLevelMixin from mod (unknown)->@Inject::arclight$savePdc(Lorg/spongepowered/asm/mixin/injection/callback/CallbackInfo;)V has 0 override(s) in child classes
[076月2026 16:52:15.145] [main/DEBUG] [mixin/]: mixins.arclight.core.json:server.level.ServerLevelMixin from mod (unknown)->@Inject::arclight$savePdc(Lorg/spongepowered/asm/mixin/injection/callback/CallbackInfo;)V won't be passed a CallbackInfo as a result
[076月2026 16:52:15.145] [main/DEBUG] [mixin/]: mixins.arclight.core.json:server.level.ServerLevelMixin from mod (unknown)->@Inject::arclight$gameEventEvent(Lnet/minecraft/core/Holder;Lnet/minecraft/world/phys/Vec3;Lnet/minecraft/world/level/gameevent/GameEvent$Context;Lorg/spongepowered/asm/mixin/injection/callback/CallbackInfo;)V does use it's CallbackInfo
[076月2026 16:52:15.145] [main/DEBUG] [mixin/]: mixins.arclight.core.json:server.level.ServerLevelMixin from mod (unknown)->@Inject::arclight$tickPortal(Lnet/minecraft/world/entity/Entity;Lorg/spongepowered/asm/mixin/injection/callback/CallbackInfo;)V doesn't use it's CallbackInfo
[076月2026 16:52:15.145] [main/DEBUG] [mixin/]: mixins.arclight.core.json:server.level.ServerLevelMixin from mod (unknown)->@Inject::arclight$tickPortal(Lnet/minecraft/world/entity/Entity;Lorg/spongepowered/asm/mixin/injection/callback/CallbackInfo;)V has 0 override(s) in child classes
[076月2026 16:52:15.145] [main/DEBUG] [mixin/]: mixins.arclight.core.json:server.level.ServerLevelMixin from mod (unknown)->@Inject::arclight$tickPortal(Lnet/minecraft/world/entity/Entity;Lorg/spongepowered/asm/mixin/injection/callback/CallbackInfo;)V won't be passed a CallbackInfo as a result
[076月2026 16:52:15.145] [main/DEBUG] [mixin/]: mixins.arclight.core.json:server.level.ServerLevelMixin from mod (unknown)->@Inject::arclight$tickPortalPassenger(Lnet/minecraft/world/entity/Entity;Lnet/minecraft/world/entity/Entity;Lorg/spongepowered/asm/mixin/injection/callback/CallbackInfo;)V doesn't use it's CallbackInfo
[076月2026 16:52:15.145] [main/DEBUG] [mixin/]: mixins.arclight.core.json:server.level.ServerLevelMixin from mod (unknown)->@Inject::arclight$tickPortalPassenger(Lnet/minecraft/world/entity/Entity;Lnet/minecraft/world/entity/Entity;Lorg/spongepowered/asm/mixin/injection/callback/CallbackInfo;)V has 0 override(s) in child classes
[076月2026 16:52:15.145] [main/DEBUG] [mixin/]: mixins.arclight.core.json:server.level.ServerLevelMixin from mod (unknown)->@Inject::arclight$tickPortalPassenger(Lnet/minecraft/world/entity/Entity;Lnet/minecraft/world/entity/Entity;Lorg/spongepowered/asm/mixin/injection/callback/CallbackInfo;)V won't be passed a CallbackInfo as a result
[076月2026 16:52:15.145] [main/DEBUG] [mixin/]: mixins.arclight.core.json:server.level.ServerLevelMixin from mod (unknown)->@Inject::arclight$spawnReasonForSkeletonHorse(Lnet/minecraft/world/level/chunk/LevelChunk;ILorg/spongepowered/asm/mixin/injection/callback/CallbackInfo;)V doesn't use it's CallbackInfo
[076月2026 16:52:15.146] [main/DEBUG] [mixin/]: mixins.arclight.core.json:server.level.ServerLevelMixin from mod (unknown)->@Inject::arclight$spawnReasonForSkeletonHorse(Lnet/minecraft/world/level/chunk/LevelChunk;ILorg/spongepowered/asm/mixin/injection/callback/CallbackInfo;)V has 0 override(s) in child classes
[076月2026 16:52:15.146] [main/DEBUG] [mixin/]: mixins.arclight.core.json:server.level.ServerLevelMixin from mod (unknown)->@Inject::arclight$spawnReasonForSkeletonHorse(Lnet/minecraft/world/level/chunk/LevelChunk;ILorg/spongepowered/asm/mixin/injection/callback/CallbackInfo;)V won't be passed a CallbackInfo as a result
[076月2026 16:52:15.146] [main/DEBUG] [mixin/]: mixins.arclight.core.json:server.level.ServerLevelMixin from mod (unknown)->@Inject::arclight$worldSaveEvent(Lnet/minecraft/util/ProgressListener;ZZLorg/spongepowered/asm/mixin/injection/callback/CallbackInfo;)V doesn't use it's CallbackInfo
[076月2026 16:52:15.146] [main/DEBUG] [mixin/]: mixins.arclight.core.json:server.level.ServerLevelMixin from mod (unknown)->@Inject::arclight$worldSaveEvent(Lnet/minecraft/util/ProgressListener;ZZLorg/spongepowered/asm/mixin/injection/callback/CallbackInfo;)V has 0 override(s) in child classes
[076月2026 16:52:15.146] [main/DEBUG] [mixin/]: mixins.arclight.core.json:server.level.ServerLevelMixin from mod (unknown)->@Inject::arclight$worldSaveEvent(Lnet/minecraft/util/ProgressListener;ZZLorg/spongepowered/asm/mixin/injection/callback/CallbackInfo;)V won't be passed a CallbackInfo as a result
[076月2026 16:52:15.146] [main/DEBUG] [mixin/]: mixins.arclight.core.json:server.level.ServerLevelMixin from mod (unknown)->@Inject::arclight$saveLevelDat(Lnet/minecraft/util/ProgressListener;ZZLorg/spongepowered/asm/mixin/injection/callback/CallbackInfo;)V doesn't use it's CallbackInfo
[076月2026 16:52:15.146] [main/DEBUG] [mixin/]: mixins.arclight.core.json:server.level.ServerLevelMixin from mod (unknown)->@Inject::arclight$saveLevelDat(Lnet/minecraft/util/ProgressListener;ZZLorg/spongepowered/asm/mixin/injection/callback/CallbackInfo;)V has 0 override(s) in child classes
[076月2026 16:52:15.146] [main/DEBUG] [mixin/]: mixins.arclight.core.json:server.level.ServerLevelMixin from mod (unknown)->@Inject::arclight$saveLevelDat(Lnet/minecraft/util/ProgressListener;ZZLorg/spongepowered/asm/mixin/injection/callback/CallbackInfo;)V won't be passed a CallbackInfo as a result
[076月2026 16:52:15.146] [main/DEBUG] [mixin/]: mixins.arclight.core.json:server.level.ServerLevelMixin from mod (unknown)->@Inject::arclight$closeOnChunkUnloading(Lnet/minecraft/world/level/chunk/LevelChunk;Lorg/spongepowered/asm/mixin/injection/callback/CallbackInfo;)V doesn't use it's CallbackInfo
[076月2026 16:52:15.146] [main/DEBUG] [mixin/]: mixins.arclight.core.json:server.level.ServerLevelMixin from mod (unknown)->@Inject::arclight$closeOnChunkUnloading(Lnet/minecraft/world/level/chunk/LevelChunk;Lorg/spongepowered/asm/mixin/injection/callback/CallbackInfo;)V has 0 override(s) in child classes
[076月2026 16:52:15.146] [main/DEBUG] [mixin/]: mixins.arclight.core.json:server.level.ServerLevelMixin from mod (unknown)->@Inject::arclight$closeOnChunkUnloading(Lnet/minecraft/world/level/chunk/LevelChunk;Lorg/spongepowered/asm/mixin/injection/callback/CallbackInfo;)V won't be passed a CallbackInfo as a result
[076月2026 16:52:15.146] [main/DEBUG] [mixin/]: mixins.arclight.core.json:server.level.ServerLevelMixin from mod (unknown)->@Inject::arclight$addEntityEvent(Lnet/minecraft/world/entity/Entity;Lorg/spongepowered/asm/mixin/injection/callback/CallbackInfoReturnable;)V does use it's CallbackInfoReturnable
[076月2026 16:52:15.146] [main/DEBUG] [mixin/]: mixins.arclight.core.json:server.level.ServerLevelMixin from mod (unknown)->@Inject::arclight$resetReason(Lnet/minecraft/world/entity/Entity;Lorg/spongepowered/asm/mixin/injection/callback/CallbackInfoReturnable;)V doesn't use it's CallbackInfoReturnable
[076月2026 16:52:15.146] [main/DEBUG] [mixin/]: mixins.arclight.core.json:server.level.ServerLevelMixin from mod (unknown)->@Inject::arclight$resetReason(Lnet/minecraft/world/entity/Entity;Lorg/spongepowered/asm/mixin/injection/callback/CallbackInfoReturnable;)V has 0 override(s) in child classes
[076月2026 16:52:15.146] [main/DEBUG] [mixin/]: mixins.arclight.core.json:server.level.ServerLevelMixin from mod (unknown)->@Inject::arclight$resetReason(Lnet/minecraft/world/entity/Entity;Lorg/spongepowered/asm/mixin/injection/callback/CallbackInfoReturnable;)V won't be passed a CallbackInfoReturnable as a result
[076月2026 16:52:15.146] [main/DEBUG] [mixin/]: mixins.arclight.core.json:server.level.ServerLevelMixin from mod (unknown)->@Inject::arclight$resetReason(Lnet/minecraft/world/entity/Entity;Lorg/spongepowered/asm/mixin/injection/callback/CallbackInfoReturnable;)V doesn't use it's CallbackInfoReturnable
[076月2026 16:52:15.146] [main/DEBUG] [mixin/]: mixins.arclight.core.json:server.level.ServerLevelMixin from mod (unknown)->@Inject::arclight$resetReason(Lnet/minecraft/world/entity/Entity;Lorg/spongepowered/asm/mixin/injection/callback/CallbackInfoReturnable;)V has 0 override(s) in child classes
[076月2026 16:52:15.146] [main/DEBUG] [mixin/]: mixins.arclight.core.json:server.level.ServerLevelMixin from mod (unknown)->@Inject::arclight$resetReason(Lnet/minecraft/world/entity/Entity;Lorg/spongepowered/asm/mixin/injection/callback/CallbackInfoReturnable;)V won't be passed a CallbackInfoReturnable as a result
[076月2026 16:52:15.146] [main/DEBUG] [mixin/]: mixins.arclight.core.json:server.level.ServerLevelMixin from mod (unknown)->@Inject::arclight$resetReason(Lnet/minecraft/world/entity/Entity;Lorg/spongepowered/asm/mixin/injection/callback/CallbackInfoReturnable;)V doesn't use it's CallbackInfoReturnable
[076月2026 16:52:15.146] [main/DEBUG] [mixin/]: mixins.arclight.core.json:server.level.ServerLevelMixin from mod (unknown)->@Inject::arclight$resetReason(Lnet/minecraft/world/entity/Entity;Lorg/spongepowered/asm/mixin/injection/callback/CallbackInfoReturnable;)V has 0 override(s) in child classes
[076月2026 16:52:15.146] [main/DEBUG] [mixin/]: mixins.arclight.core.json:server.level.ServerLevelMixin from mod (unknown)->@Inject::arclight$resetReason(Lnet/minecraft/world/entity/Entity;Lorg/spongepowered/asm/mixin/injection/callback/CallbackInfoReturnable;)V won't be passed a CallbackInfoReturnable as a result
[076月2026 16:52:15.146] [main/DEBUG] [mixin/]: mixins.arclight.core.json:server.level.ServerLevelMixin from mod (unknown)->@Inject::arclight$ignoreSpawnOnTeleport(Lnet/minecraft/world/entity/Entity;Lorg/spongepowered/asm/mixin/injection/callback/CallbackInfo;)V doesn't use it's CallbackInfo
[076月2026 16:52:15.146] [main/DEBUG] [mixin/]: mixins.arclight.core.json:server.level.ServerLevelMixin from mod (unknown)->@Inject::arclight$ignoreSpawnOnTeleport(Lnet/minecraft/world/entity/Entity;Lorg/spongepowered/asm/mixin/injection/callback/CallbackInfo;)V has 0 override(s) in child classes
[076月2026 16:52:15.146] [main/DEBUG] [mixin/]: mixins.arclight.core.json:server.level.ServerLevelMixin from mod (unknown)->@Inject::arclight$ignoreSpawnOnTeleport(Lnet/minecraft/world/entity/Entity;Lorg/spongepowered/asm/mixin/injection/callback/CallbackInfo;)V won't be passed a CallbackInfo as a result
[076月2026 16:52:15.146] [main/DEBUG] [mixin/]: mixins.arclight.core.json:server.level.ServerLevelMixin from mod (unknown)->@Inject::arclight$unsetIgnoreSpawnOnTeleport(Lnet/minecraft/world/entity/Entity;Lorg/spongepowered/asm/mixin/injection/callback/CallbackInfo;)V doesn't use it's CallbackInfo
[076月2026 16:52:15.146] [main/DEBUG] [mixin/]: mixins.arclight.core.json:server.level.ServerLevelMixin from mod (unknown)->@Inject::arclight$unsetIgnoreSpawnOnTeleport(Lnet/minecraft/world/entity/Entity;Lorg/spongepowered/asm/mixin/injection/callback/CallbackInfo;)V has 0 override(s) in child classes
[076月2026 16:52:15.146] [main/DEBUG] [mixin/]: mixins.arclight.core.json:server.level.ServerLevelMixin from mod (unknown)->@Inject::arclight$unsetIgnoreSpawnOnTeleport(Lnet/minecraft/world/entity/Entity;Lorg/spongepowered/asm/mixin/injection/callback/CallbackInfo;)V won't be passed a CallbackInfo as a result
[076月2026 16:52:15.147] [main/DEBUG] [mixin/]: mixins.arclight.core.json:server.level.ServerLevelMixin from mod (unknown)->@Inject::arclight$mapSetId(Lnet/minecraft/world/level/saveddata/maps/MapId;Lorg/spongepowered/asm/mixin/injection/callback/CallbackInfoReturnable;)V does use it's CallbackInfoReturnable
[076月2026 16:52:15.147] [main/DEBUG] [mixin/]: mixins.arclight.core.json:server.level.ServerLevelMixin from mod (unknown)->@Inject::arclight$mapSetId(Lnet/minecraft/world/level/saveddata/maps/MapId;Lnet/minecraft/world/level/saveddata/maps/MapItemSavedData;Lorg/spongepowered/asm/mixin/injection/callback/CallbackInfo;)V doesn't use it's CallbackInfo
[076月2026 16:52:15.147] [main/DEBUG] [mixin/]: mixins.arclight.core.json:server.level.ServerLevelMixin from mod (unknown)->@Inject::arclight$mapSetId(Lnet/minecraft/world/level/saveddata/maps/MapId;Lnet/minecraft/world/level/saveddata/maps/MapItemSavedData;Lorg/spongepowered/asm/mixin/injection/callback/CallbackInfo;)V has 0 override(s) in child classes
[076月2026 16:52:15.147] [main/DEBUG] [mixin/]: mixins.arclight.core.json:server.level.ServerLevelMixin from mod (unknown)->@Inject::arclight$mapSetId(Lnet/minecraft/world/level/saveddata/maps/MapId;Lnet/minecraft/world/level/saveddata/maps/MapItemSavedData;Lorg/spongepowered/asm/mixin/injection/callback/CallbackInfo;)V won't be passed a CallbackInfo as a result
[076月2026 16:52:15.147] [main/DEBUG] [mixin/]: mixins.arclight.core.json:server.level.ServerLevelMixin from mod (unknown)->@Inject::arclight$returnIfPopulate(Lnet/minecraft/core/BlockPos;Lnet/minecraft/world/level/block/Block;Lorg/spongepowered/asm/mixin/injection/callback/CallbackInfo;)V does use it's CallbackInfo
[076月2026 16:52:15.147] [main/DEBUG] [mixin/]: mixins.arclight.impl.optimization.json:activationrange.ServerLevelMixin_ActivationRange from mod (unknown)->@Inject::activationRange$activateEntity(Ljava/util/function/BooleanSupplier;Lorg/spongepowered/asm/mixin/injection/callback/CallbackInfo;)V doesn't use it's CallbackInfo
[076月2026 16:52:15.147] [main/DEBUG] [mixin/]: mixins.arclight.impl.optimization.json:activationrange.ServerLevelMixin_ActivationRange from mod (unknown)->@Inject::activationRange$activateEntity(Ljava/util/function/BooleanSupplier;Lorg/spongepowered/asm/mixin/injection/callback/CallbackInfo;)V has 0 override(s) in child classes
[076月2026 16:52:15.147] [main/DEBUG] [mixin/]: mixins.arclight.impl.optimization.json:activationrange.ServerLevelMixin_ActivationRange from mod (unknown)->@Inject::activationRange$activateEntity(Ljava/util/function/BooleanSupplier;Lorg/spongepowered/asm/mixin/injection/callback/CallbackInfo;)V won't be passed a CallbackInfo as a result
[076月2026 16:52:15.147] [main/DEBUG] [mixin/]: mixins.arclight.impl.optimization.json:activationrange.ServerLevelMixin_ActivationRange from mod (unknown)->@Inject::activationRange$inactiveTick(Lnet/minecraft/world/entity/Entity;Lorg/spongepowered/asm/mixin/injection/callback/CallbackInfo;)V does use it's CallbackInfo
[076月2026 16:52:15.149] [main/DEBUG] [Implementer/ASYNC_CATCHER]: Injecting net/minecraft/server/level/ServerLevel/addEntity(Lnet/minecraft/world/entity/Entity;)Z for reason entity add
[076月2026 16:52:15.149] [main/DEBUG] [Implementer/ASYNC_CATCHER]: Bridge method net/minecraft/server/level/ServerLevel/addEntity$asyncCatcher$0(Lnet/minecraft/world/entity/Entity;)Z created
[076月2026 16:52:15.149] [main/DEBUG] [Implementer/ASYNC_CATCHER]: Injecting net/minecraft/server/level/ServerLevel/getEntities()Lnet/minecraft/world/level/entity/LevelEntityGetter; for reason chunk entity get
[076月2026 16:52:15.157] [main/DEBUG] [mixin/]: Mixing world.level.ServerLevelAccessorMixin from mixins.arclight.core.json into net.minecraft.world.level.ServerLevelAccessor
[076月2026 16:52:15.181] [main/DEBUG] [mixin/]: Mixing ShapesMixin from mixins.arclight.impl.optimization.json into net.minecraft.world.phys.shapes.Shapes
[076月2026 16:52:15.183] [main/DEBUG] [mixin/]: mixins.arclight.impl.optimization.json:ShapesMixin from mod (unknown)->@Inject::arclight$optimizedMerger(ILit/unimi/dsi/fastutil/doubles/DoubleList;Lit/unimi/dsi/fastutil/doubles/DoubleList;ZZLorg/spongepowered/asm/mixin/injection/callback/CallbackInfoReturnable;)V does use it's CallbackInfoReturnable
[076月2026 16:52:15.267] [main/DEBUG] [mixin/]: Mixing world.level.block.SpreadingSnowyDirtBlockMixin from mixins.arclight.core.json into net.minecraft.world.level.block.SpreadingSnowyDirtBlock
[076月2026 16:52:15.268] [main/DEBUG] [mixin/]: mixins.arclight.core.json:world.level.block.SpreadingSnowyDirtBlockMixin from mod (unknown)->@Inject::arclight$blockFade(Lnet/minecraft/world/level/block/state/BlockState;Lnet/minecraft/server/level/ServerLevel;Lnet/minecraft/core/BlockPos;Lnet/minecraft/util/RandomSource;Lorg/spongepowered/asm/mixin/injection/callback/CallbackInfo;)V does use it's CallbackInfo
[076月2026 16:52:15.269] [main/DEBUG] [mixin/]: Mixing world.level.block.SaplingBlockMixin from mixins.arclight.core.json into net.minecraft.world.level.block.SaplingBlock
[076月2026 16:52:15.270] [main/DEBUG] [mixin/]: Mixing world.level.block.BushBlockMixin from mixins.arclight.core.json into net.minecraft.world.level.block.BushBlock
[076月2026 16:52:15.273] [main/DEBUG] [mixin/]: Mixing world.level.block.LiquidBlockMixin from mixins.arclight.core.json into net.minecraft.world.level.block.LiquidBlock
[076月2026 16:52:15.275] [main/DEBUG] [mixin/]: mixins.arclight.core.json:world.level.block.LiquidBlockMixin from mod (unknown)->@Inject::arclight$fizz(Lnet/minecraft/world/level/LevelAccessor;Lnet/minecraft/core/BlockPos;Lorg/spongepowered/asm/mixin/injection/callback/CallbackInfo;)V does use it's CallbackInfo
[076月2026 16:52:15.276] [main/DEBUG] [mixin/]: Mixing world.level.block.FallingBlockMixin from mixins.arclight.core.json into net.minecraft.world.level.block.FallingBlock
[076月2026 16:52:15.279] [main/DEBUG] [mixin/]: Mixing world.level.block.LeavesBlockMixin from mixins.arclight.core.json into net.minecraft.world.level.block.LeavesBlock
[076月2026 16:52:15.280] [main/DEBUG] [mixin/]: mixins.arclight.core.json:world.level.block.LeavesBlockMixin from mod (unknown)->@Inject::arclight$leavesDecay(Lnet/minecraft/world/level/block/state/BlockState;Lnet/minecraft/server/level/ServerLevel;Lnet/minecraft/core/BlockPos;Lnet/minecraft/util/RandomSource;Lorg/spongepowered/asm/mixin/injection/callback/CallbackInfo;)V does use it's CallbackInfo
[076月2026 16:52:15.281] [main/DEBUG] [mixin/]: Mixing world.level.block.SpongeBlockMixin from mixins.arclight.core.json into net.minecraft.world.level.block.SpongeBlock
[076月2026 16:52:15.281] [main/DEBUG] [mixin/]: Renaming synthetic method lambda$removeWaterBreadthFirstSearch$1(Lnet/minecraft/core/BlockPos;Lorg/bukkit/craftbukkit/v1_21_R1/util/BlockStateListPopulator;Lnet/minecraft/core/BlockPos;)Z to md93a37e$lambda$removeWaterBreadthFirstSearch$1$0 in mixins.arclight.core.json:world.level.block.SpongeBlockMixin from mod (unknown)
[076月2026 16:52:15.282] [main/DEBUG] [mixin/]: Renaming synthetic method lambda$removeWaterBreadthFirstSearch$0(Lnet/minecraft/core/BlockPos;Ljava/util/function/Consumer;)V to md93a37e$lambda$removeWaterBreadthFirstSearch$0$1 in mixins.arclight.core.json:world.level.block.SpongeBlockMixin from mod (unknown)
[076月2026 16:52:15.287] [main/DEBUG] [mixin/]: Mixing world.level.block.DispenserBlockMixin from mixins.arclight.core.json into net.minecraft.world.level.block.DispenserBlock
[076月2026 16:52:15.287] [main/DEBUG] [mixin/]: mixins.arclight.core.json:world.level.block.DispenserBlockMixin from mod (unknown)->@Inject::arclight$reset(Lnet/minecraft/server/level/ServerLevel;Lnet/minecraft/world/level/block/state/BlockState;Lnet/minecraft/core/BlockPos;Lorg/spongepowered/asm/mixin/injection/callback/CallbackInfo;)V doesn't use it's CallbackInfo
[076月2026 16:52:15.287] [main/DEBUG] [mixin/]: mixins.arclight.core.json:world.level.block.DispenserBlockMixin from mod (unknown)->@Inject::arclight$reset(Lnet/minecraft/server/level/ServerLevel;Lnet/minecraft/world/level/block/state/BlockState;Lnet/minecraft/core/BlockPos;Lorg/spongepowered/asm/mixin/injection/callback/CallbackInfo;)V has 0 override(s) in child classes
[076月2026 16:52:15.287] [main/DEBUG] [mixin/]: mixins.arclight.core.json:world.level.block.DispenserBlockMixin from mod (unknown)->@Inject::arclight$reset(Lnet/minecraft/server/level/ServerLevel;Lnet/minecraft/world/level/block/state/BlockState;Lnet/minecraft/core/BlockPos;Lorg/spongepowered/asm/mixin/injection/callback/CallbackInfo;)V won't be passed a CallbackInfo as a result
[076月2026 16:52:15.288] [main/DEBUG] [mixin/]: Mixing world.level.block.NoteBlockMixin from mixins.arclight.core.json into net.minecraft.world.level.block.NoteBlock
[076月2026 16:52:15.290] [main/DEBUG] [mixin/]: mixins.arclight.core.json:world.level.block.NoteBlockMixin from mod (unknown)->@Inject::arclight$notePlay(Lnet/minecraft/world/entity/Entity;Lnet/minecraft/world/level/block/state/BlockState;Lnet/minecraft/world/level/Level;Lnet/minecraft/core/BlockPos;Lorg/spongepowered/asm/mixin/injection/callback/CallbackInfo;)V does use it's CallbackInfo
[076月2026 16:52:15.291] [main/DEBUG] [mixin/]: Mixing world.level.block.PoweredRailBlockMixin from mixins.arclight.core.json into net.minecraft.world.level.block.PoweredRailBlock
[076月2026 16:52:15.292] [main/DEBUG] [mixin/]: mixins.arclight.core.json:world.level.block.PoweredRailBlockMixin from mod (unknown)->@Inject::arclight$blockRedstone(Lnet/minecraft/world/level/block/state/BlockState;Lnet/minecraft/world/level/Level;Lnet/minecraft/core/BlockPos;Lnet/minecraft/world/level/block/Block;Lorg/spongepowered/asm/mixin/injection/callback/CallbackInfo;Z)V does use it's CallbackInfo
[076月2026 16:52:15.294] [main/DEBUG] [mixin/]: Mixing world.level.block.DetectorRailBlockMixin from mixins.arclight.core.json into net.minecraft.world.level.block.DetectorRailBlock
[076月2026 16:52:15.298] [main/DEBUG] [mixin/]: Mixing world.level.block.DoublePlantBlockMixin from mixins.arclight.core.json into net.minecraft.world.level.block.DoublePlantBlock
[076月2026 16:52:15.298] [main/DEBUG] [mixin/]: mixins.arclight.core.json:world.level.block.DoublePlantBlockMixin from mod (unknown)->@Inject::arclight$blockPhysics(Lnet/minecraft/world/level/Level;Lnet/minecraft/core/BlockPos;Lnet/minecraft/world/level/block/state/BlockState;Lnet/minecraft/world/entity/player/Player;Lorg/spongepowered/asm/mixin/injection/callback/CallbackInfo;)V does use it's CallbackInfo
[076月2026 16:52:15.301] [main/DEBUG] [mixin/]: Mixing world.level.block.WitherRoseBlockMixin from mixins.arclight.core.json into net.minecraft.world.level.block.WitherRoseBlock
[076月2026 16:52:15.302] [main/DEBUG] [mixin/]: mixins.arclight.core.json:world.level.block.WitherRoseBlockMixin from mod (unknown)->@Inject::arclight$cause(Lnet/minecraft/world/level/block/state/BlockState;Lnet/minecraft/world/level/Level;Lnet/minecraft/core/BlockPos;Lnet/minecraft/world/entity/Entity;Lorg/spongepowered/asm/mixin/injection/callback/CallbackInfo;)V doesn't use it's CallbackInfo
[076月2026 16:52:15.302] [main/DEBUG] [mixin/]: mixins.arclight.core.json:world.level.block.WitherRoseBlockMixin from mod (unknown)->@Inject::arclight$cause(Lnet/minecraft/world/level/block/state/BlockState;Lnet/minecraft/world/level/Level;Lnet/minecraft/core/BlockPos;Lnet/minecraft/world/entity/Entity;Lorg/spongepowered/asm/mixin/injection/callback/CallbackInfo;)V has 0 override(s) in child classes
[076月2026 16:52:15.302] [main/DEBUG] [mixin/]: mixins.arclight.core.json:world.level.block.WitherRoseBlockMixin from mod (unknown)->@Inject::arclight$cause(Lnet/minecraft/world/level/block/state/BlockState;Lnet/minecraft/world/level/Level;Lnet/minecraft/core/BlockPos;Lnet/minecraft/world/entity/Entity;Lorg/spongepowered/asm/mixin/injection/callback/CallbackInfo;)V won't be passed a CallbackInfo as a result
[076月2026 16:52:15.304] [main/DEBUG] [mixin/]: Mixing world.level.block.MushroomBlockMixin from mixins.arclight.core.json into net.minecraft.world.level.block.MushroomBlock
[076月2026 16:52:15.305] [main/DEBUG] [mixin/]: mixins.arclight.core.json:world.level.block.MushroomBlockMixin from mod (unknown)->@Inject::arclight$captureTree(Lnet/minecraft/server/level/ServerLevel;Lnet/minecraft/core/BlockPos;Lnet/minecraft/world/level/block/state/BlockState;Lnet/minecraft/util/RandomSource;Lorg/spongepowered/asm/mixin/injection/callback/CallbackInfoReturnable;)V doesn't use it's CallbackInfoReturnable
[076月2026 16:52:15.305] [main/DEBUG] [mixin/]: mixins.arclight.core.json:world.level.block.MushroomBlockMixin from mod (unknown)->@Inject::arclight$captureTree(Lnet/minecraft/server/level/ServerLevel;Lnet/minecraft/core/BlockPos;Lnet/minecraft/world/level/block/state/BlockState;Lnet/minecraft/util/RandomSource;Lorg/spongepowered/asm/mixin/injection/callback/CallbackInfoReturnable;)V has 0 override(s) in child classes
[076月2026 16:52:15.305] [main/DEBUG] [mixin/]: mixins.arclight.core.json:world.level.block.MushroomBlockMixin from mod (unknown)->@Inject::arclight$captureTree(Lnet/minecraft/server/level/ServerLevel;Lnet/minecraft/core/BlockPos;Lnet/minecraft/world/level/block/state/BlockState;Lnet/minecraft/util/RandomSource;Lorg/spongepowered/asm/mixin/injection/callback/CallbackInfoReturnable;)V won't be passed a CallbackInfoReturnable as a result
[076月2026 16:52:15.305] [main/DEBUG] [mixin/]: Mixing world.level.block.TntBlockMixin from mixins.arclight.core.json into net.minecraft.world.level.block.TntBlock
[076月2026 16:52:15.306] [main/DEBUG] [mixin/]: Mixing core.world.level.block.TntBlockMixin_NeoForge from mixins.arclight.neoforge.json into net.minecraft.world.level.block.TntBlock
[076月2026 16:52:15.307] [main/DEBUG] [mixin/]: mixins.arclight.neoforge.json:core.world.level.block.TntBlockMixin_NeoForge from mod (unknown)->@Inject::arclight$player(Lnet/minecraft/world/item/ItemStack;Lnet/minecraft/world/level/block/state/BlockState;Lnet/minecraft/world/level/Level;Lnet/minecraft/core/BlockPos;Lnet/minecraft/world/entity/player/Player;Lnet/minecraft/world/InteractionHand;Lnet/minecraft/world/phys/BlockHitResult;Lorg/spongepowered/asm/mixin/injection/callback/CallbackInfoReturnable;)V does use it's CallbackInfoReturnable
[076月2026 16:52:15.307] [main/DEBUG] [mixin/]: mixins.arclight.neoforge.json:core.world.level.block.TntBlockMixin_NeoForge from mod (unknown)->@Inject::arclight$entityChangeBlock(Lnet/minecraft/world/level/Level;Lnet/minecraft/world/level/block/state/BlockState;Lnet/minecraft/world/phys/BlockHitResult;Lnet/minecraft/world/entity/projectile/Projectile;Lorg/spongepowered/asm/mixin/injection/callback/CallbackInfo;)V does use it's CallbackInfo
[076月2026 16:52:15.310] [main/DEBUG] [mixin/]: Mixing world.level.block.ChestBlockMixin from mixins.arclight.core.json into net.minecraft.world.level.block.ChestBlock
[076月2026 16:52:15.312] [main/DEBUG] [mixin/]: Mixing world.level.block.RedStoneWireBlockMixin from mixins.arclight.core.json into net.minecraft.world.level.block.RedStoneWireBlock
[076月2026 16:52:15.315] [main/DEBUG] [mixin/]: Mixing world.level.block.CropBlockMixin from mixins.arclight.core.json into net.minecraft.world.level.block.CropBlock
[076月2026 16:52:15.315] [main/DEBUG] [mixin/]: Mixing core.world.level.block.CropBlockMixin_NeoForge from mixins.arclight.neoforge.json into net.minecraft.world.level.block.CropBlock
[076月2026 16:52:15.320] [main/DEBUG] [mixin/]: mixins.arclight.neoforge.json:core.world.level.block.CropBlockMixin_NeoForge from mod (unknown)->@Inject::arclight$spigotModifier(Lnet/minecraft/world/level/block/state/BlockState;Lnet/minecraft/world/level/BlockGetter;Lnet/minecraft/core/BlockPos;Lorg/spongepowered/asm/mixin/injection/callback/CallbackInfoReturnable;)V does use it's CallbackInfoReturnable
[076月2026 16:52:15.322] [main/DEBUG] [mixin/]: Mixing world.level.block.FarmBlockMixin from mixins.arclight.core.json into net.minecraft.world.level.block.FarmBlock
[076月2026 16:52:15.323] [main/DEBUG] [mixin/]: mixins.arclight.core.json:world.level.block.FarmBlockMixin from mod (unknown)->@Inject::arclight$blockFade(Lnet/minecraft/world/entity/Entity;Lnet/minecraft/world/level/block/state/BlockState;Lnet/minecraft/world/level/Level;Lnet/minecraft/core/BlockPos;Lorg/spongepowered/asm/mixin/injection/callback/CallbackInfo;)V does use it's CallbackInfo
[076月2026 16:52:15.325] [main/DEBUG] [mixin/]: Mixing world.level.block.SignBlockMixin from mixins.arclight.core.json into net.minecraft.world.level.block.SignBlock
[076月2026 16:52:15.326] [main/DEBUG] [mixin/]: mixins.arclight.core.json:world.level.block.SignBlockMixin from mod (unknown)->@Inject::arclight$beforeEdit(Lnet/minecraft/world/level/block/state/BlockState;Lnet/minecraft/world/level/Level;Lnet/minecraft/core/BlockPos;Lnet/minecraft/world/entity/player/Player;Lnet/minecraft/world/phys/BlockHitResult;Lorg/spongepowered/asm/mixin/injection/callback/CallbackInfoReturnable;)V doesn't use it's CallbackInfoReturnable
[076月2026 16:52:15.326] [main/DEBUG] [mixin/]: mixins.arclight.core.json:world.level.block.SignBlockMixin from mod (unknown)->@Inject::arclight$beforeEdit(Lnet/minecraft/world/level/block/state/BlockState;Lnet/minecraft/world/level/Level;Lnet/minecraft/core/BlockPos;Lnet/minecraft/world/entity/player/Player;Lnet/minecraft/world/phys/BlockHitResult;Lorg/spongepowered/asm/mixin/injection/callback/CallbackInfoReturnable;)V has 0 override(s) in child classes
[076月2026 16:52:15.326] [main/DEBUG] [mixin/]: mixins.arclight.core.json:world.level.block.SignBlockMixin from mod (unknown)->@Inject::arclight$beforeEdit(Lnet/minecraft/world/level/block/state/BlockState;Lnet/minecraft/world/level/Level;Lnet/minecraft/core/BlockPos;Lnet/minecraft/world/entity/player/Player;Lnet/minecraft/world/phys/BlockHitResult;Lorg/spongepowered/asm/mixin/injection/callback/CallbackInfoReturnable;)V won't be passed a CallbackInfoReturnable as a result
[076月2026 16:52:15.326] [main/DEBUG] [mixin/]: mixins.arclight.core.json:world.level.block.SignBlockMixin from mod (unknown)->@Inject::arclight$afterEdit(Lnet/minecraft/world/level/block/state/BlockState;Lnet/minecraft/world/level/Level;Lnet/minecraft/core/BlockPos;Lnet/minecraft/world/entity/player/Player;Lnet/minecraft/world/phys/BlockHitResult;Lorg/spongepowered/asm/mixin/injection/callback/CallbackInfoReturnable;)V doesn't use it's CallbackInfoReturnable
[076月2026 16:52:15.326] [main/DEBUG] [mixin/]: mixins.arclight.core.json:world.level.block.SignBlockMixin from mod (unknown)->@Inject::arclight$afterEdit(Lnet/minecraft/world/level/block/state/BlockState;Lnet/minecraft/world/level/Level;Lnet/minecraft/core/BlockPos;Lnet/minecraft/world/entity/player/Player;Lnet/minecraft/world/phys/BlockHitResult;Lorg/spongepowered/asm/mixin/injection/callback/CallbackInfoReturnable;)V has 0 override(s) in child classes
[076月2026 16:52:15.326] [main/DEBUG] [mixin/]: mixins.arclight.core.json:world.level.block.SignBlockMixin from mod (unknown)->@Inject::arclight$afterEdit(Lnet/minecraft/world/level/block/state/BlockState;Lnet/minecraft/world/level/Level;Lnet/minecraft/core/BlockPos;Lnet/minecraft/world/entity/player/Player;Lnet/minecraft/world/phys/BlockHitResult;Lorg/spongepowered/asm/mixin/injection/callback/CallbackInfoReturnable;)V won't be passed a CallbackInfoReturnable as a result
[076月2026 16:52:15.326] [main/DEBUG] [mixin/]: mixins.arclight.core.json:world.level.block.SignBlockMixin from mod (unknown)->@Inject::arclight$signEdit(Lnet/minecraft/world/entity/player/Player;Lnet/minecraft/world/level/block/entity/SignBlockEntity;ZLorg/spongepowered/asm/mixin/injection/callback/CallbackInfo;)V does use it's CallbackInfo
[076月2026 16:52:15.327] [main/DEBUG] [mixin/]: Mixing world.level.block.DoorBlockMixin from mixins.arclight.core.json into net.minecraft.world.level.block.DoorBlock
[076月2026 16:52:15.332] [main/DEBUG] [mixin/]: Mixing world.level.block.LeverBlockMixin from mixins.arclight.core.json into net.minecraft.world.level.block.LeverBlock
[076月2026 16:52:15.333] [main/DEBUG] [mixin/]: mixins.arclight.core.json:world.level.block.LeverBlockMixin from mod (unknown)->@Inject::arclight$blockRedstone(Lnet/minecraft/world/level/block/state/BlockState;Lnet/minecraft/world/level/Level;Lnet/minecraft/core/BlockPos;Lnet/minecraft/world/entity/player/Player;Lnet/minecraft/world/phys/BlockHitResult;Lorg/spongepowered/asm/mixin/injection/callback/CallbackInfoReturnable;)V does use it's CallbackInfoReturnable
[076月2026 16:52:15.334] [main/DEBUG] [mixin/]: Mixing world.level.block.PressurePlateBlockMixin from mixins.arclight.core.json into net.minecraft.world.level.block.PressurePlateBlock
[076月2026 16:52:15.334] [main/DEBUG] [mixin/]: Renaming synthetic method lambda$getEntities$0(Lnet/minecraft/world/entity/Entity;)Z to md93a37e$lambda$getEntities$0$0 in mixins.arclight.core.json:world.level.block.PressurePlateBlockMixin from mod (unknown)
[076月2026 16:52:15.338] [main/DEBUG] [mixin/]: Mixing world.level.block.BasePressurePlateBlockMixin from mixins.arclight.core.json into net.minecraft.world.level.block.BasePressurePlateBlock
[076月2026 16:52:15.340] [main/DEBUG] [mixin/]: Mixing world.level.block.RedStoneOreBlockMixin from mixins.arclight.core.json into net.minecraft.world.level.block.RedStoneOreBlock
[076月2026 16:52:15.343] [main/DEBUG] [mixin/]: mixins.arclight.core.json:world.level.block.RedStoneOreBlockMixin from mod (unknown)->@Inject::arclight$interact1(Lnet/minecraft/world/level/block/state/BlockState;Lnet/minecraft/world/level/Level;Lnet/minecraft/core/BlockPos;Lnet/minecraft/world/entity/player/Player;Lorg/spongepowered/asm/mixin/injection/callback/CallbackInfo;)V doesn't use it's CallbackInfo
[076月2026 16:52:15.343] [main/DEBUG] [mixin/]: mixins.arclight.core.json:world.level.block.RedStoneOreBlockMixin from mod (unknown)->@Inject::arclight$interact1(Lnet/minecraft/world/level/block/state/BlockState;Lnet/minecraft/world/level/Level;Lnet/minecraft/core/BlockPos;Lnet/minecraft/world/entity/player/Player;Lorg/spongepowered/asm/mixin/injection/callback/CallbackInfo;)V has 0 override(s) in child classes
[076月2026 16:52:15.343] [main/DEBUG] [mixin/]: mixins.arclight.core.json:world.level.block.RedStoneOreBlockMixin from mod (unknown)->@Inject::arclight$interact1(Lnet/minecraft/world/level/block/state/BlockState;Lnet/minecraft/world/level/Level;Lnet/minecraft/core/BlockPos;Lnet/minecraft/world/entity/player/Player;Lorg/spongepowered/asm/mixin/injection/callback/CallbackInfo;)V won't be passed a CallbackInfo as a result
[076月2026 16:52:15.343] [main/DEBUG] [mixin/]: mixins.arclight.core.json:world.level.block.RedStoneOreBlockMixin from mod (unknown)->@Inject::arclight$entityInteract(Lnet/minecraft/world/level/Level;Lnet/minecraft/core/BlockPos;Lnet/minecraft/world/level/block/state/BlockState;Lnet/minecraft/world/entity/Entity;Lorg/spongepowered/asm/mixin/injection/callback/CallbackInfo;)V does use it's CallbackInfo
[076月2026 16:52:15.343] [main/DEBUG] [mixin/]: mixins.arclight.core.json:world.level.block.RedStoneOreBlockMixin from mod (unknown)->@Inject::arclight$interact3(Lnet/minecraft/world/item/ItemStack;Lnet/minecraft/world/level/block/state/BlockState;Lnet/minecraft/world/level/Level;Lnet/minecraft/core/BlockPos;Lnet/minecraft/world/entity/player/Player;Lnet/minecraft/world/InteractionHand;Lnet/minecraft/world/phys/BlockHitResult;Lorg/spongepowered/asm/mixin/injection/callback/CallbackInfoReturnable;)V doesn't use it's CallbackInfoReturnable
[076月2026 16:52:15.343] [main/DEBUG] [mixin/]: mixins.arclight.core.json:world.level.block.RedStoneOreBlockMixin from mod (unknown)->@Inject::arclight$interact3(Lnet/minecraft/world/item/ItemStack;Lnet/minecraft/world/level/block/state/BlockState;Lnet/minecraft/world/level/Level;Lnet/minecraft/core/BlockPos;Lnet/minecraft/world/entity/player/Player;Lnet/minecraft/world/InteractionHand;Lnet/minecraft/world/phys/BlockHitResult;Lorg/spongepowered/asm/mixin/injection/callback/CallbackInfoReturnable;)V has 0 override(s) in child classes
[076月2026 16:52:15.343] [main/DEBUG] [mixin/]: mixins.arclight.core.json:world.level.block.RedStoneOreBlockMixin from mod (unknown)->@Inject::arclight$interact3(Lnet/minecraft/world/item/ItemStack;Lnet/minecraft/world/level/block/state/BlockState;Lnet/minecraft/world/level/Level;Lnet/minecraft/core/BlockPos;Lnet/minecraft/world/entity/player/Player;Lnet/minecraft/world/InteractionHand;Lnet/minecraft/world/phys/BlockHitResult;Lorg/spongepowered/asm/mixin/injection/callback/CallbackInfoReturnable;)V won't be passed a CallbackInfoReturnable as a result
[076月2026 16:52:15.343] [main/DEBUG] [mixin/]: mixins.arclight.core.json:world.level.block.RedStoneOreBlockMixin from mod (unknown)->@Inject::arclight$blockFade(Lnet/minecraft/world/level/block/state/BlockState;Lnet/minecraft/server/level/ServerLevel;Lnet/minecraft/core/BlockPos;Lnet/minecraft/util/RandomSource;Lorg/spongepowered/asm/mixin/injection/callback/CallbackInfo;)V does use it's CallbackInfo
[076月2026 16:52:15.343] [main/DEBUG] [mixin/]: mixins.arclight.core.json:world.level.block.RedStoneOreBlockMixin from mod (unknown)->@Inject::arclight$entityChangeBlock(Lnet/minecraft/world/level/block/state/BlockState;Lnet/minecraft/world/level/Level;Lnet/minecraft/core/BlockPos;Lorg/spongepowered/asm/mixin/injection/callback/CallbackInfo;)V does use it's CallbackInfo
[076月2026 16:52:15.344] [main/DEBUG] [mixin/]: Mixing world.level.block.RedstoneTorchBlockMixin from mixins.arclight.core.json into net.minecraft.world.level.block.RedstoneTorchBlock
[076月2026 16:52:15.345] [main/DEBUG] [mixin/]: mixins.arclight.core.json:world.level.block.RedstoneTorchBlockMixin from mod (unknown)->@Inject::arclight$blockRedstone1(Lnet/minecraft/world/level/block/state/BlockState;Lnet/minecraft/server/level/ServerLevel;Lnet/minecraft/core/BlockPos;Lnet/minecraft/util/RandomSource;Lorg/spongepowered/asm/mixin/injection/callback/CallbackInfo;)V does use it's CallbackInfo
[076月2026 16:52:15.345] [main/DEBUG] [mixin/]: mixins.arclight.core.json:world.level.block.RedstoneTorchBlockMixin from mod (unknown)->@Inject::arclight$blockRedstone2(Lnet/minecraft/world/level/block/state/BlockState;Lnet/minecraft/server/level/ServerLevel;Lnet/minecraft/core/BlockPos;Lnet/minecraft/util/RandomSource;Lorg/spongepowered/asm/mixin/injection/callback/CallbackInfo;)V does use it's CallbackInfo
[076月2026 16:52:15.346] [main/DEBUG] [mixin/]: Mixing world.level.block.SnowLayerBlockMixin from mixins.arclight.core.json into net.minecraft.world.level.block.SnowLayerBlock
[076月2026 16:52:15.347] [main/DEBUG] [mixin/]: mixins.arclight.core.json:world.level.block.SnowLayerBlockMixin from mod (unknown)->@Inject::arclight$blockFade(Lnet/minecraft/world/level/block/state/BlockState;Lnet/minecraft/server/level/ServerLevel;Lnet/minecraft/core/BlockPos;Lnet/minecraft/util/RandomSource;Lorg/spongepowered/asm/mixin/injection/callback/CallbackInfo;)V does use it's CallbackInfo
[076月2026 16:52:15.348] [main/DEBUG] [mixin/]: Mixing world.level.block.IceBlockMixin from mixins.arclight.core.json into net.minecraft.world.level.block.IceBlock
[076月2026 16:52:15.349] [main/DEBUG] [mixin/]: mixins.arclight.core.json:world.level.block.IceBlockMixin from mod (unknown)->@Inject::arclight$blockFade(Lnet/minecraft/world/level/block/state/BlockState;Lnet/minecraft/world/level/Level;Lnet/minecraft/core/BlockPos;Lorg/spongepowered/asm/mixin/injection/callback/CallbackInfo;)V does use it's CallbackInfo
[076月2026 16:52:15.350] [main/DEBUG] [mixin/]: Mixing world.level.block.CactusBlockMixin from mixins.arclight.core.json into net.minecraft.world.level.block.CactusBlock
[076月2026 16:52:15.351] [main/DEBUG] [mixin/]: Mixing world.level.block.SugarCaneBlockMixin from mixins.arclight.core.json into net.minecraft.world.level.block.SugarCaneBlock
[076月2026 16:52:15.354] [main/DEBUG] [mixin/]: Mixing world.level.block.NetherPortalBlockMixin from mixins.arclight.core.json into net.minecraft.world.level.block.NetherPortalBlock
[076月2026 16:52:15.358] [main/DEBUG] [mixin/]: mixins.arclight.core.json:world.level.block.NetherPortalBlockMixin from mod (unknown)->@Inject::arclight$portalEnter(Lnet/minecraft/world/level/block/state/BlockState;Lnet/minecraft/world/level/Level;Lnet/minecraft/core/BlockPos;Lnet/minecraft/world/entity/Entity;Lorg/spongepowered/asm/mixin/injection/callback/CallbackInfo;)V doesn't use it's CallbackInfo
[076月2026 16:52:15.358] [main/DEBUG] [mixin/]: mixins.arclight.core.json:world.level.block.NetherPortalBlockMixin from mod (unknown)->@Inject::arclight$portalEnter(Lnet/minecraft/world/level/block/state/BlockState;Lnet/minecraft/world/level/Level;Lnet/minecraft/core/BlockPos;Lnet/minecraft/world/entity/Entity;Lorg/spongepowered/asm/mixin/injection/callback/CallbackInfo;)V has 0 override(s) in child classes
[076月2026 16:52:15.358] [main/DEBUG] [mixin/]: mixins.arclight.core.json:world.level.block.NetherPortalBlockMixin from mod (unknown)->@Inject::arclight$portalEnter(Lnet/minecraft/world/level/block/state/BlockState;Lnet/minecraft/world/level/Level;Lnet/minecraft/core/BlockPos;Lnet/minecraft/world/entity/Entity;Lorg/spongepowered/asm/mixin/injection/callback/CallbackInfo;)V won't be passed a CallbackInfo as a result
[076月2026 16:52:15.358] [main/DEBUG] [mixin/]: mixins.arclight.core.json:world.level.block.NetherPortalBlockMixin from mod (unknown)->@Inject::arclight$setCause(Lnet/minecraft/server/level/ServerLevel;Lnet/minecraft/BlockUtil$FoundRectangle;Lnet/minecraft/core/Direction$Axis;Lnet/minecraft/world/phys/Vec3;Lnet/minecraft/world/entity/Entity;Lnet/minecraft/world/phys/Vec3;FFLnet/minecraft/world/level/portal/DimensionTransition$PostDimensionTransition;Lorg/spongepowered/asm/mixin/injection/callback/CallbackInfoReturnable;)V does use it's CallbackInfoReturnable
[076月2026 16:52:15.360] [main/DEBUG] [mixin/]: Mixing world.level.block.CarvedPumpkinBlockMixin from mixins.arclight.core.json into net.minecraft.world.level.block.CarvedPumpkinBlock
[076月2026 16:52:15.361] [main/DEBUG] [mixin/]: mixins.arclight.core.json:world.level.block.CarvedPumpkinBlockMixin from mod (unknown)->@Inject::arclight$clearPattern(Lnet/minecraft/world/level/Level;Lnet/minecraft/world/level/block/state/pattern/BlockPattern$BlockPatternMatch;Lnet/minecraft/world/entity/Entity;Lnet/minecraft/core/BlockPos;Lorg/spongepowered/asm/mixin/injection/callback/CallbackInfo;)V does use it's CallbackInfo
[076月2026 16:52:15.363] [main/DEBUG] [mixin/]: Mixing world.level.block.CakeBlockMixin from mixins.arclight.core.json into net.minecraft.world.level.block.CakeBlock
[076月2026 16:52:15.365] [main/DEBUG] [mixin/]: Mixing world.level.block.DiodeBlockMixin from mixins.arclight.core.json into net.minecraft.world.level.block.DiodeBlock
[076月2026 16:52:15.366] [main/DEBUG] [mixin/]: mixins.arclight.core.json:world.level.block.DiodeBlockMixin from mod (unknown)->@Inject::arclight$turnOff(Lnet/minecraft/world/level/block/state/BlockState;Lnet/minecraft/server/level/ServerLevel;Lnet/minecraft/core/BlockPos;Lnet/minecraft/util/RandomSource;Lorg/spongepowered/asm/mixin/injection/callback/CallbackInfo;)V does use it's CallbackInfo
[076月2026 16:52:15.366] [main/DEBUG] [mixin/]: mixins.arclight.core.json:world.level.block.DiodeBlockMixin from mod (unknown)->@Inject::arclight$turnOn(Lnet/minecraft/world/level/block/state/BlockState;Lnet/minecraft/server/level/ServerLevel;Lnet/minecraft/core/BlockPos;Lnet/minecraft/util/RandomSource;Lorg/spongepowered/asm/mixin/injection/callback/CallbackInfo;)V does use it's CallbackInfo
[076月2026 16:52:15.367] [main/DEBUG] [mixin/]: Mixing world.level.block.TrapDoorBlockMixin from mixins.arclight.core.json into net.minecraft.world.level.block.TrapDoorBlock
[076月2026 16:52:15.370] [main/DEBUG] [mixin/]: Mixing world.level.block.InfestedBlockMixin from mixins.arclight.core.json into net.minecraft.world.level.block.InfestedBlock
[076月2026 16:52:15.370] [main/DEBUG] [mixin/]: mixins.arclight.core.json:world.level.block.InfestedBlockMixin from mod (unknown)->@Inject::arclight$spawn(Lnet/minecraft/server/level/ServerLevel;Lnet/minecraft/core/BlockPos;Lorg/spongepowered/asm/mixin/injection/callback/CallbackInfo;)V doesn't use it's CallbackInfo
[076月2026 16:52:15.370] [main/DEBUG] [mixin/]: mixins.arclight.core.json:world.level.block.InfestedBlockMixin from mod (unknown)->@Inject::arclight$spawn(Lnet/minecraft/server/level/ServerLevel;Lnet/minecraft/core/BlockPos;Lorg/spongepowered/asm/mixin/injection/callback/CallbackInfo;)V has 0 override(s) in child classes
[076月2026 16:52:15.370] [main/DEBUG] [mixin/]: mixins.arclight.core.json:world.level.block.InfestedBlockMixin from mod (unknown)->@Inject::arclight$spawn(Lnet/minecraft/server/level/ServerLevel;Lnet/minecraft/core/BlockPos;Lorg/spongepowered/asm/mixin/injection/callback/CallbackInfo;)V won't be passed a CallbackInfo as a result
[076月2026 16:52:15.373] [main/DEBUG] [mixin/]: Mixing world.level.block.StemBlockMixin from mixins.arclight.core.json into net.minecraft.world.level.block.StemBlock
[076月2026 16:52:15.376] [main/DEBUG] [mixin/]: Mixing world.level.block.VineBlockMixin from mixins.arclight.core.json into net.minecraft.world.level.block.VineBlock
[076月2026 16:52:15.386] [main/DEBUG] [mixin/]: Mixing world.level.block.FenceGateBlockMixin from mixins.arclight.core.json into net.minecraft.world.level.block.FenceGateBlock
[076月2026 16:52:15.388] [main/DEBUG] [mixin/]: Mixing world.level.block.WaterlilyBlockMixin from mixins.arclight.core.json into net.minecraft.world.level.block.WaterlilyBlock
[076月2026 16:52:15.389] [main/DEBUG] [mixin/]: mixins.arclight.core.json:world.level.block.WaterlilyBlockMixin from mod (unknown)->@Inject::arclight$entityChangeBlock(Lnet/minecraft/world/level/block/state/BlockState;Lnet/minecraft/world/level/Level;Lnet/minecraft/core/BlockPos;Lnet/minecraft/world/entity/Entity;Lorg/spongepowered/asm/mixin/injection/callback/CallbackInfo;)V does use it's CallbackInfo
[076月2026 16:52:15.390] [main/DEBUG] [mixin/]: Mixing world.level.block.NetherWartBlockMixin from mixins.arclight.core.json into net.minecraft.world.level.block.NetherWartBlock
[076月2026 16:52:15.392] [main/DEBUG] [mixin/]: Mixing world.level.block.CauldronBlockMixin from mixins.arclight.core.json into net.minecraft.world.level.block.CauldronBlock
[076月2026 16:52:15.394] [main/DEBUG] [mixin/]: Mixing world.level.block.LayeredCauldronBlockMixin from mixins.arclight.core.json into net.minecraft.world.level.block.LayeredCauldronBlock
[076月2026 16:52:15.396] [main/DEBUG] [mixin/]: mixins.arclight.core.json:world.level.block.LayeredCauldronBlockMixin from mod (unknown)->@Inject::arclight$extinguish2(Lnet/minecraft/world/level/block/state/BlockState;Lnet/minecraft/world/level/Level;Lnet/minecraft/core/BlockPos;Lnet/minecraft/world/entity/Entity;Lorg/spongepowered/asm/mixin/injection/callback/CallbackInfo;)V doesn't use it's CallbackInfo
[076月2026 16:52:15.396] [main/DEBUG] [mixin/]: mixins.arclight.core.json:world.level.block.LayeredCauldronBlockMixin from mod (unknown)->@Inject::arclight$extinguish2(Lnet/minecraft/world/level/block/state/BlockState;Lnet/minecraft/world/level/Level;Lnet/minecraft/core/BlockPos;Lnet/minecraft/world/entity/Entity;Lorg/spongepowered/asm/mixin/injection/callback/CallbackInfo;)V has 0 override(s) in child classes
[076月2026 16:52:15.396] [main/DEBUG] [mixin/]: mixins.arclight.core.json:world.level.block.LayeredCauldronBlockMixin from mod (unknown)->@Inject::arclight$extinguish2(Lnet/minecraft/world/level/block/state/BlockState;Lnet/minecraft/world/level/Level;Lnet/minecraft/core/BlockPos;Lnet/minecraft/world/entity/Entity;Lorg/spongepowered/asm/mixin/injection/callback/CallbackInfo;)V won't be passed a CallbackInfo as a result
[076月2026 16:52:15.396] [main/DEBUG] [mixin/]: mixins.arclight.core.json:world.level.block.LayeredCauldronBlockMixin from mod (unknown)->@Inject::arclight$extinguish3(Lnet/minecraft/world/level/block/state/BlockState;Lnet/minecraft/world/level/Level;Lnet/minecraft/core/BlockPos;Lnet/minecraft/world/entity/Entity;Lorg/spongepowered/asm/mixin/injection/callback/CallbackInfo;)V does use it's CallbackInfo
[076月2026 16:52:15.397] [main/DEBUG] [mixin/]: Mixing world.level.block.EndPortalBlockMixin from mixins.arclight.core.json into net.minecraft.world.level.block.EndPortalBlock
[076月2026 16:52:15.400] [main/DEBUG] [mixin/]: mixins.arclight.core.json:world.level.block.EndPortalBlockMixin from mod (unknown)->@Inject::arclight$enterPortal(Lnet/minecraft/world/level/block/state/BlockState;Lnet/minecraft/world/level/Level;Lnet/minecraft/core/BlockPos;Lnet/minecraft/world/entity/Entity;Lorg/spongepowered/asm/mixin/injection/callback/CallbackInfo;)V doesn't use it's CallbackInfo
[076月2026 16:52:15.400] [main/DEBUG] [mixin/]: mixins.arclight.core.json:world.level.block.EndPortalBlockMixin from mod (unknown)->@Inject::arclight$enterPortal(Lnet/minecraft/world/level/block/state/BlockState;Lnet/minecraft/world/level/Level;Lnet/minecraft/core/BlockPos;Lnet/minecraft/world/entity/Entity;Lorg/spongepowered/asm/mixin/injection/callback/CallbackInfo;)V has 0 override(s) in child classes
[076月2026 16:52:15.400] [main/DEBUG] [mixin/]: mixins.arclight.core.json:world.level.block.EndPortalBlockMixin from mod (unknown)->@Inject::arclight$enterPortal(Lnet/minecraft/world/level/block/state/BlockState;Lnet/minecraft/world/level/Level;Lnet/minecraft/core/BlockPos;Lnet/minecraft/world/entity/Entity;Lorg/spongepowered/asm/mixin/injection/callback/CallbackInfo;)V won't be passed a CallbackInfo as a result
[076月2026 16:52:15.400] [main/DEBUG] [mixin/]: mixins.arclight.core.json:world.level.block.EndPortalBlockMixin from mod (unknown)->@Inject::arclight$pushCause(Lnet/minecraft/server/level/ServerLevel;Lnet/minecraft/world/entity/Entity;Lnet/minecraft/core/BlockPos;Lorg/spongepowered/asm/mixin/injection/callback/CallbackInfoReturnable;)V doesn't use it's CallbackInfoReturnable
[076月2026 16:52:15.400] [main/DEBUG] [mixin/]: mixins.arclight.core.json:world.level.block.EndPortalBlockMixin from mod (unknown)->@Inject::arclight$pushCause(Lnet/minecraft/server/level/ServerLevel;Lnet/minecraft/world/entity/Entity;Lnet/minecraft/core/BlockPos;Lorg/spongepowered/asm/mixin/injection/callback/CallbackInfoReturnable;)V has 0 override(s) in child classes
[076月2026 16:52:15.400] [main/DEBUG] [mixin/]: mixins.arclight.core.json:world.level.block.EndPortalBlockMixin from mod (unknown)->@Inject::arclight$pushCause(Lnet/minecraft/server/level/ServerLevel;Lnet/minecraft/world/entity/Entity;Lnet/minecraft/core/BlockPos;Lorg/spongepowered/asm/mixin/injection/callback/CallbackInfoReturnable;)V won't be passed a CallbackInfoReturnable as a result
[076月2026 16:52:15.400] [main/DEBUG] [mixin/]: mixins.arclight.core.json:world.level.block.EndPortalBlockMixin from mod (unknown)->@Inject::arclight$pushEntity(Lnet/minecraft/server/level/ServerLevel;Lnet/minecraft/world/entity/Entity;Lnet/minecraft/core/BlockPos;Lorg/spongepowered/asm/mixin/injection/callback/CallbackInfoReturnable;)V doesn't use it's CallbackInfoReturnable
[076月2026 16:52:15.400] [main/DEBUG] [mixin/]: mixins.arclight.core.json:world.level.block.EndPortalBlockMixin from mod (unknown)->@Inject::arclight$pushEntity(Lnet/minecraft/server/level/ServerLevel;Lnet/minecraft/world/entity/Entity;Lnet/minecraft/core/BlockPos;Lorg/spongepowered/asm/mixin/injection/callback/CallbackInfoReturnable;)V has 0 override(s) in child classes
[076月2026 16:52:15.400] [main/DEBUG] [mixin/]: mixins.arclight.core.json:world.level.block.EndPortalBlockMixin from mod (unknown)->@Inject::arclight$pushEntity(Lnet/minecraft/server/level/ServerLevel;Lnet/minecraft/world/entity/Entity;Lnet/minecraft/core/BlockPos;Lorg/spongepowered/asm/mixin/injection/callback/CallbackInfoReturnable;)V won't be passed a CallbackInfoReturnable as a result
[076月2026 16:52:15.400] [main/DEBUG] [mixin/]: mixins.arclight.core.json:world.level.block.EndPortalBlockMixin from mod (unknown)->@Inject::arclight$fireEvent(Lnet/minecraft/server/level/ServerLevel;Lnet/minecraft/world/entity/Entity;Lnet/minecraft/core/BlockPos;Lorg/spongepowered/asm/mixin/injection/callback/CallbackInfoReturnable;)V does use it's CallbackInfoReturnable
[076月2026 16:52:15.401] [main/DEBUG] [mixin/]: Mixing world.level.block.DragonEggBlockMixin from mixins.arclight.core.json into net.minecraft.world.level.block.DragonEggBlock
[076月2026 16:52:15.403] [main/DEBUG] [mixin/]: Mixing world.level.block.RedstoneLampBlockMixin from mixins.arclight.core.json into net.minecraft.world.level.block.RedstoneLampBlock
[076月2026 16:52:15.403] [main/DEBUG] [mixin/]: mixins.arclight.core.json:world.level.block.RedstoneLampBlockMixin from mod (unknown)->@Inject::arclight$redstoneChange(Lnet/minecraft/world/level/block/state/BlockState;Lnet/minecraft/server/level/ServerLevel;Lnet/minecraft/core/BlockPos;Lnet/minecraft/util/RandomSource;Lorg/spongepowered/asm/mixin/injection/callback/CallbackInfo;)V does use it's CallbackInfo
[076月2026 16:52:15.403] [main/DEBUG] [mixin/]: mixins.arclight.core.json:world.level.block.RedstoneLampBlockMixin from mod (unknown)->@Inject::arclight$blockRedstone(Lnet/minecraft/world/level/block/state/BlockState;Lnet/minecraft/world/level/Level;Lnet/minecraft/core/BlockPos;Lnet/minecraft/world/level/block/Block;Lnet/minecraft/core/BlockPos;ZLorg/spongepowered/asm/mixin/injection/callback/CallbackInfo;)V does use it's CallbackInfo
[076月2026 16:52:15.404] [main/DEBUG] [mixin/]: Mixing world.level.block.CocoaBlockMixin from mixins.arclight.core.json into net.minecraft.world.level.block.CocoaBlock
[076月2026 16:52:15.406] [main/DEBUG] [mixin/]: Mixing world.level.block.TripWireHookBlockMixin from mixins.arclight.core.json into net.minecraft.world.level.block.TripWireHookBlock
[076月2026 16:52:15.406] [main/DEBUG] [mixin/]: mixins.arclight.core.json:world.level.block.TripWireHookBlockMixin from mod (unknown)->@Inject::arclight$blockRedstone(Lnet/minecraft/world/level/Level;Lnet/minecraft/core/BlockPos;Lnet/minecraft/world/level/block/state/BlockState;ZZILnet/minecraft/world/level/block/state/BlockState;Lorg/spongepowered/asm/mixin/injection/callback/CallbackInfo;)V does use it's CallbackInfo
[076月2026 16:52:15.407] [main/DEBUG] [mixin/]: Mixing world.level.block.TripWireBlockMixin from mixins.arclight.core.json into net.minecraft.world.level.block.TripWireBlock
[076月2026 16:52:15.410] [main/DEBUG] [mixin/]: Mixing world.level.block.CommandBlockMixin from mixins.arclight.core.json into net.minecraft.world.level.block.CommandBlock
[076月2026 16:52:15.416] [main/DEBUG] [mixin/]: Mixing world.level.block.WitherSkullBlockMixin from mixins.arclight.core.json into net.minecraft.world.level.block.WitherSkullBlock
[076月2026 16:52:15.421] [main/DEBUG] [mixin/]: Mixing world.level.block.WeightedPressurePlateBlockMixin from mixins.arclight.core.json into net.minecraft.world.level.block.WeightedPressurePlateBlock
[076月2026 16:52:15.422] [main/DEBUG] [mixin/]: Renaming synthetic method lambda$getEntities$0(Lnet/minecraft/world/entity/Entity;)Z to md93a37e$lambda$getEntities$0$0 in mixins.arclight.core.json:world.level.block.WeightedPressurePlateBlockMixin from mod (unknown)
[076月2026 16:52:15.425] [main/DEBUG] [mixin/]: Mixing world.level.block.ComparatorBlockMixin from mixins.arclight.core.json into net.minecraft.world.level.block.ComparatorBlock
[076月2026 16:52:15.426] [main/DEBUG] [mixin/]: mixins.arclight.core.json:world.level.block.ComparatorBlockMixin from mod (unknown)->@Inject::arclight$blockRedstone1(Lnet/minecraft/world/level/Level;Lnet/minecraft/core/BlockPos;Lnet/minecraft/world/level/block/state/BlockState;Lorg/spongepowered/asm/mixin/injection/callback/CallbackInfo;)V does use it's CallbackInfo
[076月2026 16:52:15.426] [main/DEBUG] [mixin/]: mixins.arclight.core.json:world.level.block.ComparatorBlockMixin from mod (unknown)->@Inject::arclight$blockRedstone2(Lnet/minecraft/world/level/Level;Lnet/minecraft/core/BlockPos;Lnet/minecraft/world/level/block/state/BlockState;Lorg/spongepowered/asm/mixin/injection/callback/CallbackInfo;)V does use it's CallbackInfo
[076月2026 16:52:15.427] [main/DEBUG] [mixin/]: Mixing world.level.block.DaylightDetectorBlockMixin from mixins.arclight.core.json into net.minecraft.world.level.block.DaylightDetectorBlock
[076月2026 16:52:15.429] [main/DEBUG] [mixin/]: Mixing world.level.block.HopperBlockMixin from mixins.arclight.core.json into net.minecraft.world.level.block.HopperBlock
[076月2026 16:52:15.429] [main/DEBUG] [mixin/]: mixins.arclight.core.json:world.level.block.HopperBlockMixin from mod (unknown)->@Inject::arclight$captureHopper(Lnet/minecraft/world/level/block/state/BlockState;Lnet/minecraft/world/level/Level;Lnet/minecraft/core/BlockPos;Lnet/minecraft/world/entity/Entity;Lorg/spongepowered/asm/mixin/injection/callback/CallbackInfo;Lnet/minecraft/world/level/block/entity/BlockEntity;)V doesn't use it's CallbackInfo
[076月2026 16:52:15.429] [main/DEBUG] [mixin/]: mixins.arclight.core.json:world.level.block.HopperBlockMixin from mod (unknown)->@Inject::arclight$captureHopper(Lnet/minecraft/world/level/block/state/BlockState;Lnet/minecraft/world/level/Level;Lnet/minecraft/core/BlockPos;Lnet/minecraft/world/entity/Entity;Lorg/spongepowered/asm/mixin/injection/callback/CallbackInfo;Lnet/minecraft/world/level/block/entity/BlockEntity;)V has 0 override(s) in child classes
[076月2026 16:52:15.429] [main/DEBUG] [mixin/]: mixins.arclight.core.json:world.level.block.HopperBlockMixin from mod (unknown)->@Inject::arclight$captureHopper(Lnet/minecraft/world/level/block/state/BlockState;Lnet/minecraft/world/level/Level;Lnet/minecraft/core/BlockPos;Lnet/minecraft/world/entity/Entity;Lorg/spongepowered/asm/mixin/injection/callback/CallbackInfo;Lnet/minecraft/world/level/block/entity/BlockEntity;)V won't be passed a CallbackInfo as a result
[076月2026 16:52:15.430] [main/DEBUG] [mixin/]: mixins.arclight.core.json:world.level.block.HopperBlockMixin from mod (unknown)->@Inject::arclight$resetHopper(Lnet/minecraft/world/level/block/state/BlockState;Lnet/minecraft/world/level/Level;Lnet/minecraft/core/BlockPos;Lnet/minecraft/world/entity/Entity;Lorg/spongepowered/asm/mixin/injection/callback/CallbackInfo;Lnet/minecraft/world/level/block/entity/BlockEntity;)V doesn't use it's CallbackInfo
[076月2026 16:52:15.430] [main/DEBUG] [mixin/]: mixins.arclight.core.json:world.level.block.HopperBlockMixin from mod (unknown)->@Inject::arclight$resetHopper(Lnet/minecraft/world/level/block/state/BlockState;Lnet/minecraft/world/level/Level;Lnet/minecraft/core/BlockPos;Lnet/minecraft/world/entity/Entity;Lorg/spongepowered/asm/mixin/injection/callback/CallbackInfo;Lnet/minecraft/world/level/block/entity/BlockEntity;)V has 0 override(s) in child classes
[076月2026 16:52:15.430] [main/DEBUG] [mixin/]: mixins.arclight.core.json:world.level.block.HopperBlockMixin from mod (unknown)->@Inject::arclight$resetHopper(Lnet/minecraft/world/level/block/state/BlockState;Lnet/minecraft/world/level/Level;Lnet/minecraft/core/BlockPos;Lnet/minecraft/world/entity/Entity;Lorg/spongepowered/asm/mixin/injection/callback/CallbackInfo;Lnet/minecraft/world/level/block/entity/BlockEntity;)V won't be passed a CallbackInfo as a result
[076月2026 16:52:15.430] [main/DEBUG] [mixin/]: Mixing world.level.block.DropperBlockMixin from mixins.arclight.core.json into net.minecraft.world.level.block.DropperBlock
[076月2026 16:52:15.433] [main/DEBUG] [Implementer/INVENTORY]: Found implemented class org/bukkit/craftbukkit/v1_21_R1/inventory/CraftInventory
[076月2026 16:52:15.439] [main/DEBUG] [mixin/]: Mixing world.level.block.ChorusFlowerBlockMixin from mixins.arclight.core.json into net.minecraft.world.level.block.ChorusFlowerBlock
[076月2026 16:52:15.445] [main/DEBUG] [mixin/]: mixins.arclight.core.json:world.level.block.ChorusFlowerBlockMixin from mod (unknown)->@Inject::arclight$hitByProjectile(Lnet/minecraft/world/level/Level;Lnet/minecraft/world/level/block/state/BlockState;Lnet/minecraft/world/phys/BlockHitResult;Lnet/minecraft/world/entity/projectile/Projectile;Lorg/spongepowered/asm/mixin/injection/callback/CallbackInfo;)V does use it's CallbackInfo
[076月2026 16:52:15.447] [main/DEBUG] [mixin/]: Mixing world.level.block.DirtPathBlockMixin from mixins.arclight.core.json into net.minecraft.world.level.block.DirtPathBlock
[076月2026 16:52:15.447] [main/DEBUG] [mixin/]: mixins.arclight.core.json:world.level.block.DirtPathBlockMixin from mod (unknown)->@Inject::arclight$checkValid(Lnet/minecraft/world/level/block/state/BlockState;Lnet/minecraft/server/level/ServerLevel;Lnet/minecraft/core/BlockPos;Lnet/minecraft/util/RandomSource;Lorg/spongepowered/asm/mixin/injection/callback/CallbackInfo;)V does use it's CallbackInfo
[076月2026 16:52:15.448] [main/DEBUG] [mixin/]: Mixing world.level.block.EndGatewayBlockMixin from mixins.arclight.core.json into net.minecraft.world.level.block.EndGatewayBlock
[076月2026 16:52:15.448] [main/DEBUG] [mixin/]: mixins.arclight.core.json:world.level.block.EndGatewayBlockMixin from mod (unknown)->@Inject::arclight$setCause(Lnet/minecraft/server/level/ServerLevel;Lnet/minecraft/world/entity/Entity;Lnet/minecraft/core/BlockPos;Lorg/spongepowered/asm/mixin/injection/callback/CallbackInfoReturnable;)V does use it's CallbackInfoReturnable
[076月2026 16:52:15.448] [main/DEBUG] [mixin/]: mixins.arclight.core.json:world.level.block.EndGatewayBlockMixin from mod (unknown)->@Inject::arclight$setCause(Lnet/minecraft/server/level/ServerLevel;Lnet/minecraft/world/entity/Entity;Lnet/minecraft/core/BlockPos;Lorg/spongepowered/asm/mixin/injection/callback/CallbackInfoReturnable;)V does use it's CallbackInfoReturnable
[076月2026 16:52:15.448] [main/DEBUG] [mixin/]: mixins.arclight.core.json:world.level.block.EndGatewayBlockMixin from mod (unknown)->@Inject::arclight$setCause(Lnet/minecraft/server/level/ServerLevel;Lnet/minecraft/world/entity/Entity;Lnet/minecraft/core/BlockPos;Lorg/spongepowered/asm/mixin/injection/callback/CallbackInfoReturnable;)V does use it's CallbackInfoReturnable
[076月2026 16:52:15.449] [main/DEBUG] [mixin/]: Mixing world.level.block.MagmaBlockMixin from mixins.arclight.core.json into net.minecraft.world.level.block.MagmaBlock
[076月2026 16:52:15.450] [main/DEBUG] [mixin/]: Mixing world.level.block.ObserverBlockMixin from mixins.arclight.core.json into net.minecraft.world.level.block.ObserverBlock
[076月2026 16:52:15.450] [main/DEBUG] [mixin/]: mixins.arclight.core.json:world.level.block.ObserverBlockMixin from mod (unknown)->@Inject::arclight$redstoneChange1(Lnet/minecraft/world/level/block/state/BlockState;Lnet/minecraft/server/level/ServerLevel;Lnet/minecraft/core/BlockPos;Lnet/minecraft/util/RandomSource;Lorg/spongepowered/asm/mixin/injection/callback/CallbackInfo;)V does use it's CallbackInfo
[076月2026 16:52:15.451] [main/DEBUG] [mixin/]: mixins.arclight.core.json:world.level.block.ObserverBlockMixin from mod (unknown)->@Inject::arclight$redstoneChange2(Lnet/minecraft/world/level/block/state/BlockState;Lnet/minecraft/server/level/ServerLevel;Lnet/minecraft/core/BlockPos;Lnet/minecraft/util/RandomSource;Lorg/spongepowered/asm/mixin/injection/callback/CallbackInfo;)V does use it's CallbackInfo
[076月2026 16:52:15.452] [main/DEBUG] [mixin/]: Mixing world.level.block.ConcretePowderBlockMixin from mixins.arclight.core.json into net.minecraft.world.level.block.ConcretePowderBlock
[076月2026 16:52:15.455] [main/DEBUG] [mixin/]: Mixing world.level.block.GrowingPlantHeadBlockMixin from mixins.arclight.core.json into net.minecraft.world.level.block.GrowingPlantHeadBlock
[076月2026 16:52:15.458] [main/DEBUG] [mixin/]: Mixing world.level.block.TurtleEggBlockMixin from mixins.arclight.core.json into net.minecraft.world.level.block.TurtleEggBlock
[076月2026 16:52:15.459] [main/DEBUG] [mixin/]: mixins.arclight.core.json:world.level.block.TurtleEggBlockMixin from mod (unknown)->@Inject::arclight$hatch(Lnet/minecraft/world/level/block/state/BlockState;Lnet/minecraft/server/level/ServerLevel;Lnet/minecraft/core/BlockPos;Lnet/minecraft/util/RandomSource;Lorg/spongepowered/asm/mixin/injection/callback/CallbackInfo;I)V does use it's CallbackInfo
[076月2026 16:52:15.459] [main/DEBUG] [mixin/]: mixins.arclight.core.json:world.level.block.TurtleEggBlockMixin from mod (unknown)->@Inject::arclight$born(Lnet/minecraft/world/level/block/state/BlockState;Lnet/minecraft/server/level/ServerLevel;Lnet/minecraft/core/BlockPos;Lnet/minecraft/util/RandomSource;Lorg/spongepowered/asm/mixin/injection/callback/CallbackInfo;)V does use it's CallbackInfo
[076月2026 16:52:15.459] [main/DEBUG] [mixin/]: mixins.arclight.core.json:world.level.block.TurtleEggBlockMixin from mod (unknown)->@Inject::arclight$stepOn(Lnet/minecraft/world/level/Level;Lnet/minecraft/world/level/block/state/BlockState;Lnet/minecraft/core/BlockPos;Lnet/minecraft/world/entity/Entity;ILorg/spongepowered/asm/mixin/injection/callback/CallbackInfo;)V does use it's CallbackInfo
[076月2026 16:52:15.461] [main/DEBUG] [mixin/]: Mixing world.level.block.CoralBlockMixin from mixins.arclight.core.json into net.minecraft.world.level.block.CoralBlock
[076月2026 16:52:15.462] [main/DEBUG] [mixin/]: mixins.arclight.core.json:world.level.block.CoralBlockMixin from mod (unknown)->@Inject::arclight$blockFade(Lnet/minecraft/world/level/block/state/BlockState;Lnet/minecraft/server/level/ServerLevel;Lnet/minecraft/core/BlockPos;Lnet/minecraft/util/RandomSource;Lorg/spongepowered/asm/mixin/injection/callback/CallbackInfo;)V does use it's CallbackInfo
[076月2026 16:52:15.463] [main/DEBUG] [mixin/]: Mixing world.level.block.CoralPlantBlockMixin from mixins.arclight.core.json into net.minecraft.world.level.block.CoralPlantBlock
[076月2026 16:52:15.464] [main/DEBUG] [mixin/]: mixins.arclight.core.json:world.level.block.CoralPlantBlockMixin from mod (unknown)->@Inject::arclight$blockFade(Lnet/minecraft/world/level/block/state/BlockState;Lnet/minecraft/server/level/ServerLevel;Lnet/minecraft/core/BlockPos;Lnet/minecraft/util/RandomSource;Lorg/spongepowered/asm/mixin/injection/callback/CallbackInfo;)V does use it's CallbackInfo
[076月2026 16:52:15.465] [main/DEBUG] [mixin/]: Mixing world.level.block.CoralFanBlockMixin from mixins.arclight.core.json into net.minecraft.world.level.block.CoralFanBlock
[076月2026 16:52:15.466] [main/DEBUG] [mixin/]: mixins.arclight.core.json:world.level.block.CoralFanBlockMixin from mod (unknown)->@Inject::arclight$blockFade(Lnet/minecraft/world/level/block/state/BlockState;Lnet/minecraft/server/level/ServerLevel;Lnet/minecraft/core/BlockPos;Lnet/minecraft/util/RandomSource;Lorg/spongepowered/asm/mixin/injection/callback/CallbackInfo;)V does use it's CallbackInfo
[076月2026 16:52:15.467] [main/DEBUG] [mixin/]: Mixing world.level.block.CoralWallFanBlockMixin from mixins.arclight.core.json into net.minecraft.world.level.block.CoralWallFanBlock
[076月2026 16:52:15.468] [main/DEBUG] [mixin/]: mixins.arclight.core.json:world.level.block.CoralWallFanBlockMixin from mod (unknown)->@Inject::arclight$blockFade(Lnet/minecraft/world/level/block/state/BlockState;Lnet/minecraft/server/level/ServerLevel;Lnet/minecraft/core/BlockPos;Lnet/minecraft/util/RandomSource;Lorg/spongepowered/asm/mixin/injection/callback/CallbackInfo;)V does use it's CallbackInfo
[076月2026 16:52:15.469] [main/DEBUG] [mixin/]: Mixing world.level.block.BambooSaplingBlockMixin from mixins.arclight.core.json into net.minecraft.world.level.block.BambooSaplingBlock
[076月2026 16:52:15.470] [main/DEBUG] [mixin/]: Mixing world.level.block.BambooStalkBlockMixin from mixins.arclight.core.json into net.minecraft.world.level.block.BambooStalkBlock
[076月2026 16:52:15.473] [main/DEBUG] [mixin/]: Mixing world.level.block.ScaffoldingBlockMixin from mixins.arclight.core.json into net.minecraft.world.level.block.ScaffoldingBlock
[076月2026 16:52:15.477] [main/DEBUG] [mixin/]: Mixing world.level.block.LecternBlockMixin from mixins.arclight.core.json into net.minecraft.world.level.block.LecternBlock
[076月2026 16:52:15.478] [main/DEBUG] [mixin/]: mixins.arclight.core.json:world.level.block.LecternBlockMixin from mod (unknown)->@Inject::arclight$returnIfEmpty(Lnet/minecraft/world/level/block/state/BlockState;Lnet/minecraft/world/level/Level;Lnet/minecraft/core/BlockPos;Lorg/spongepowered/asm/mixin/injection/callback/CallbackInfo;Lnet/minecraft/world/level/block/entity/BlockEntity;Lnet/minecraft/world/level/block/entity/LecternBlockEntity;Lnet/minecraft/core/Direction;Lnet/minecraft/world/item/ItemStack;)V does use it's CallbackInfo
[076月2026 16:52:15.479] [main/DEBUG] [mixin/]: Mixing world.level.block.BellBlockMixin from mixins.arclight.core.json into net.minecraft.world.level.block.BellBlock
[076月2026 16:52:15.480] [main/DEBUG] [mixin/]: mixins.arclight.core.json:world.level.block.BellBlockMixin from mod (unknown)->@Inject::arclight$bellRing(Lnet/minecraft/world/entity/Entity;Lnet/minecraft/world/level/Level;Lnet/minecraft/core/BlockPos;Lnet/minecraft/core/Direction;Lorg/spongepowered/asm/mixin/injection/callback/CallbackInfoReturnable;)V does use it's CallbackInfoReturnable
[076月2026 16:52:15.481] [main/DEBUG] [mixin/]: Mixing world.level.block.CampfireBlockMixin from mixins.arclight.core.json into net.minecraft.world.level.block.CampfireBlock
[076月2026 16:52:15.482] [main/DEBUG] [mixin/]: mixins.arclight.core.json:world.level.block.CampfireBlockMixin from mod (unknown)->@Inject::arclight$onFire(Lnet/minecraft/world/level/Level;Lnet/minecraft/world/level/block/state/BlockState;Lnet/minecraft/world/phys/BlockHitResult;Lnet/minecraft/world/entity/projectile/Projectile;Lorg/spongepowered/asm/mixin/injection/callback/CallbackInfo;)V does use it's CallbackInfo
[076月2026 16:52:15.483] [main/DEBUG] [mixin/]: Mixing world.level.block.SweetBerryBushBlockMixin from mixins.arclight.core.json into net.minecraft.world.level.block.SweetBerryBushBlock
[076月2026 16:52:15.485] [main/DEBUG] [mixin/]: Mixing world.level.block.NyliumBlockMixin from mixins.arclight.core.json into net.minecraft.world.level.block.NyliumBlock
[076月2026 16:52:15.486] [main/DEBUG] [mixin/]: mixins.arclight.core.json:world.level.block.NyliumBlockMixin from mod (unknown)->@Inject::arclight$blockFade(Lnet/minecraft/world/level/block/state/BlockState;Lnet/minecraft/server/level/ServerLevel;Lnet/minecraft/core/BlockPos;Lnet/minecraft/util/RandomSource;Lorg/spongepowered/asm/mixin/injection/callback/CallbackInfo;)V does use it's CallbackInfo
[076月2026 16:52:15.486] [main/DEBUG] [mixin/]: Mixing world.level.block.FungusBlockMixin from mixins.arclight.core.json into net.minecraft.world.level.block.FungusBlock
[076月2026 16:52:15.487] [main/DEBUG] [mixin/]: mixins.arclight.core.json:world.level.block.FungusBlockMixin from mod (unknown)->@Inject::arclight$captureTree(Lnet/minecraft/server/level/ServerLevel;Lnet/minecraft/util/RandomSource;Lnet/minecraft/core/BlockPos;Lnet/minecraft/world/level/block/state/BlockState;Lorg/spongepowered/asm/mixin/injection/callback/CallbackInfo;)V doesn't use it's CallbackInfo
[076月2026 16:52:15.487] [main/DEBUG] [mixin/]: mixins.arclight.core.json:world.level.block.FungusBlockMixin from mod (unknown)->@Inject::arclight$captureTree(Lnet/minecraft/server/level/ServerLevel;Lnet/minecraft/util/RandomSource;Lnet/minecraft/core/BlockPos;Lnet/minecraft/world/level/block/state/BlockState;Lorg/spongepowered/asm/mixin/injection/callback/CallbackInfo;)V has 0 override(s) in child classes
[076月2026 16:52:15.487] [main/DEBUG] [mixin/]: mixins.arclight.core.json:world.level.block.FungusBlockMixin from mod (unknown)->@Inject::arclight$captureTree(Lnet/minecraft/server/level/ServerLevel;Lnet/minecraft/util/RandomSource;Lnet/minecraft/core/BlockPos;Lnet/minecraft/world/level/block/state/BlockState;Lorg/spongepowered/asm/mixin/injection/callback/CallbackInfo;)V won't be passed a CallbackInfo as a result
[076月2026 16:52:15.490] [main/DEBUG] [mixin/]: Mixing world.level.block.ComposterBlockMixin from mixins.arclight.core.json into net.minecraft.world.level.block.ComposterBlock
[076月2026 16:52:15.494] [main/DEBUG] [mixin/]: mixins.arclight.core.json:world.level.block.ComposterBlockMixin from mod (unknown)->@Inject::arclight$changeBlockEvent(Lnet/minecraft/world/entity/Entity;Lnet/minecraft/world/level/block/state/BlockState;Lnet/minecraft/server/level/ServerLevel;Lnet/minecraft/world/item/ItemStack;Lnet/minecraft/core/BlockPos;Lorg/spongepowered/asm/mixin/injection/callback/CallbackInfoReturnable;)V does use it's CallbackInfoReturnable
[076月2026 16:52:15.494] [main/DEBUG] [mixin/]: mixins.arclight.core.json:world.level.block.ComposterBlockMixin from mod (unknown)->@Inject::arclight$emptyComposter(Lnet/minecraft/world/entity/Entity;Lnet/minecraft/world/level/block/state/BlockState;Lnet/minecraft/world/level/Level;Lnet/minecraft/core/BlockPos;Lorg/spongepowered/asm/mixin/injection/callback/CallbackInfoReturnable;)V does use it's CallbackInfoReturnable
[076月2026 16:52:15.496] [main/DEBUG] [Implementer/INVENTORY]: Implementing inventory for class net/minecraft/world/level/block/ComposterBlock$InputContainer
[076月2026 16:52:15.497] [main/DEBUG] [mixin/]: Mixing world.level.block.BeehiveBlockMixin from mixins.arclight.core.json into net.minecraft.world.level.block.BeehiveBlock
[076月2026 16:52:15.500] [main/DEBUG] [mixin/]: Mixing world.level.block.RespawnAnchorBlockMixin from mixins.arclight.core.json into net.minecraft.world.level.block.RespawnAnchorBlock
[076月2026 16:52:15.500] [main/DEBUG] [mixin/]: mixins.arclight.core.json:world.level.block.RespawnAnchorBlockMixin from mod (unknown)->@Inject::arclight$cause(Lnet/minecraft/world/level/block/state/BlockState;Lnet/minecraft/world/level/Level;Lnet/minecraft/core/BlockPos;Lnet/minecraft/world/entity/player/Player;Lnet/minecraft/world/phys/BlockHitResult;Lorg/spongepowered/asm/mixin/injection/callback/CallbackInfoReturnable;)V doesn't use it's CallbackInfoReturnable
[076月2026 16:52:15.500] [main/DEBUG] [mixin/]: mixins.arclight.core.json:world.level.block.RespawnAnchorBlockMixin from mod (unknown)->@Inject::arclight$cause(Lnet/minecraft/world/level/block/state/BlockState;Lnet/minecraft/world/level/Level;Lnet/minecraft/core/BlockPos;Lnet/minecraft/world/entity/player/Player;Lnet/minecraft/world/phys/BlockHitResult;Lorg/spongepowered/asm/mixin/injection/callback/CallbackInfoReturnable;)V has 0 override(s) in child classes
[076月2026 16:52:15.500] [main/DEBUG] [mixin/]: mixins.arclight.core.json:world.level.block.RespawnAnchorBlockMixin from mod (unknown)->@Inject::arclight$cause(Lnet/minecraft/world/level/block/state/BlockState;Lnet/minecraft/world/level/Level;Lnet/minecraft/core/BlockPos;Lnet/minecraft/world/entity/player/Player;Lnet/minecraft/world/phys/BlockHitResult;Lorg/spongepowered/asm/mixin/injection/callback/CallbackInfoReturnable;)V won't be passed a CallbackInfoReturnable as a result
[076月2026 16:52:15.502] [main/DEBUG] [mixin/]: Mixing world.level.block.BuddingAmethystBlockMixin from mixins.arclight.core.json into net.minecraft.world.level.block.BuddingAmethystBlock
[076月2026 16:52:15.504] [main/DEBUG] [mixin/]: Mixing world.level.block.PowderSnowBlockMixin from mixins.arclight.core.json into net.minecraft.world.level.block.PowderSnowBlock
[076月2026 16:52:15.504] [main/DEBUG] [mixin/]: mixins.arclight.core.json:world.level.block.PowderSnowBlockMixin from mod (unknown)->@Inject::arclight$entityChangeBlock(Lnet/minecraft/world/level/block/state/BlockState;Lnet/minecraft/world/level/Level;Lnet/minecraft/core/BlockPos;Lnet/minecraft/world/entity/Entity;Lorg/spongepowered/asm/mixin/injection/callback/CallbackInfo;)V does use it's CallbackInfo
[076月2026 16:52:15.505] [main/DEBUG] [mixin/]: Mixing world.level.block.SculkSensorBlockMixin from mixins.arclight.core.json into net.minecraft.world.level.block.SculkSensorBlock
[076月2026 16:52:15.508] [main/DEBUG] [mixin/]: mixins.arclight.core.json:world.level.block.SculkSensorBlockMixin from mod (unknown)->@Inject::arclight$stepOn(Lnet/minecraft/world/level/Level;Lnet/minecraft/core/BlockPos;Lnet/minecraft/world/level/block/state/BlockState;Lnet/minecraft/world/entity/Entity;Lorg/spongepowered/asm/mixin/injection/callback/CallbackInfo;)V does use it's CallbackInfo
[076月2026 16:52:15.508] [main/DEBUG] [mixin/]: mixins.arclight.core.json:world.level.block.SculkSensorBlockMixin from mod (unknown)->@Inject::arclight$deactivate(Lnet/minecraft/world/level/Level;Lnet/minecraft/core/BlockPos;Lnet/minecraft/world/level/block/state/BlockState;Lorg/spongepowered/asm/mixin/injection/callback/CallbackInfo;)V does use it's CallbackInfo
[076月2026 16:52:15.509] [main/DEBUG] [mixin/]: Mixing world.level.block.SculkBlockMixin from mixins.arclight.core.json into net.minecraft.world.level.block.SculkBlock
[076月2026 16:52:15.511] [main/DEBUG] [mixin/]: Mixing world.level.block.SculkVeinBlockMixin from mixins.arclight.core.json into net.minecraft.world.level.block.SculkVeinBlock
[076月2026 16:52:15.513] [main/DEBUG] [mixin/]: Mixing world.level.block.SculkShriekerBlockMixin from mixins.arclight.core.json into net.minecraft.world.level.block.SculkShriekerBlock
[076月2026 16:52:15.513] [main/DEBUG] [mixin/]: mixins.arclight.core.json:world.level.block.SculkShriekerBlockMixin from mod (unknown)->@Inject::arclight$interact(Lnet/minecraft/world/level/Level;Lnet/minecraft/core/BlockPos;Lnet/minecraft/world/level/block/state/BlockState;Lnet/minecraft/world/entity/Entity;Lorg/spongepowered/asm/mixin/injection/callback/CallbackInfo;Lnet/minecraft/server/level/ServerLevel;Lnet/minecraft/server/level/ServerPlayer;)V does use it's CallbackInfo
[076月2026 16:52:15.514] [main/DEBUG] [mixin/]: Mixing world.level.block.ChangeOverTimeBlockMixin from mixins.arclight.core.json into net.minecraft.world.level.block.ChangeOverTimeBlock
[076月2026 16:52:15.515] [main/DEBUG] [mixin/]: Renaming synthetic method lambda$changeOverTime$0(Lnet/minecraft/server/level/ServerLevel;Lnet/minecraft/core/BlockPos;Lnet/minecraft/world/level/block/state/BlockState;)V to md93a37e$lambda$changeOverTime$0$0 in mixins.arclight.core.json:world.level.block.ChangeOverTimeBlockMixin from mod (unknown)
[076月2026 16:52:15.517] [main/DEBUG] [mixin/]: Mixing world.level.block.LightningRodBlockMixin from mixins.arclight.core.json into net.minecraft.world.level.block.LightningRodBlock
[076月2026 16:52:15.518] [main/DEBUG] [mixin/]: mixins.arclight.core.json:world.level.block.LightningRodBlockMixin from mod (unknown)->@Inject::arclight$redstoneChange(Lnet/minecraft/world/level/block/state/BlockState;Lnet/minecraft/world/level/Level;Lnet/minecraft/core/BlockPos;Lorg/spongepowered/asm/mixin/injection/callback/CallbackInfo;)V does use it's CallbackInfo
[076月2026 16:52:15.519] [main/DEBUG] [mixin/]: Mixing world.level.block.PointedDripstoneBlockMixin from mixins.arclight.core.json into net.minecraft.world.level.block.PointedDripstoneBlock
[076月2026 16:52:15.521] [main/DEBUG] [mixin/]: mixins.arclight.core.json:world.level.block.PointedDripstoneBlockMixin from mod (unknown)->@Inject::arclight$projectile(Lnet/minecraft/world/level/Level;Lnet/minecraft/world/level/block/state/BlockState;Lnet/minecraft/world/phys/BlockHitResult;Lnet/minecraft/world/entity/projectile/Projectile;Lorg/spongepowered/asm/mixin/injection/callback/CallbackInfo;)V does use it's CallbackInfo
[076月2026 16:52:15.523] [main/DEBUG] [mixin/]: Mixing world.level.block.CaveVinesMixin from mixins.arclight.core.json into net.minecraft.world.level.block.CaveVines
[076月2026 16:52:15.529] [main/DEBUG] [mixin/]: Mixing world.level.block.BigDripleafBlockMixin from mixins.arclight.core.json into net.minecraft.world.level.block.BigDripleafBlock
[076月2026 16:52:15.530] [main/DEBUG] [mixin/]: mixins.arclight.core.json:world.level.block.BigDripleafBlockMixin from mod (unknown)->@Inject::arclight$projectileHit(Lnet/minecraft/world/level/Level;Lnet/minecraft/world/level/block/state/BlockState;Lnet/minecraft/world/phys/BlockHitResult;Lnet/minecraft/world/entity/projectile/Projectile;Lorg/spongepowered/asm/mixin/injection/callback/CallbackInfo;)V does use it's CallbackInfo
[076月2026 16:52:15.530] [main/DEBUG] [mixin/]: mixins.arclight.core.json:world.level.block.BigDripleafBlockMixin from mod (unknown)->@Inject::arclight$entityInteract(Lnet/minecraft/world/level/block/state/BlockState;Lnet/minecraft/world/level/Level;Lnet/minecraft/core/BlockPos;Lnet/minecraft/world/entity/Entity;Lorg/spongepowered/asm/mixin/injection/callback/CallbackInfo;)V does use it's CallbackInfo
[076月2026 16:52:15.532] [main/DEBUG] [mixin/]: Mixing world.level.block.RootedDirtBlockMixin from mixins.arclight.core.json into net.minecraft.world.level.block.RootedDirtBlock
[076月2026 16:52:15.534] [main/DEBUG] [mixin/]: Mixing world.level.block.DecoratedPotBlockMixin from mixins.arclight.core.json into net.minecraft.world.level.block.DecoratedPotBlock
[076月2026 16:52:15.535] [main/DEBUG] [mixin/]: mixins.arclight.core.json:world.level.block.DecoratedPotBlockMixin from mod (unknown)->@Inject::arclight$entityChangeBlock(Lnet/minecraft/world/level/Level;Lnet/minecraft/world/level/block/state/BlockState;Lnet/minecraft/world/phys/BlockHitResult;Lnet/minecraft/world/entity/projectile/Projectile;Lorg/spongepowered/asm/mixin/injection/callback/CallbackInfo;)V does use it's CallbackInfo
[076月2026 16:52:15.537] [main/DEBUG] [mixin/]: Mixing world.level.block.ButtonBlockMixin from mixins.arclight.core.json into net.minecraft.world.level.block.ButtonBlock
[076月2026 16:52:15.543] [main/DEBUG] [mixin/]: mixins.arclight.core.json:world.level.block.ButtonBlockMixin from mod (unknown)->@Inject::arclight$entityInteract(Lnet/minecraft/world/level/block/state/BlockState;Lnet/minecraft/world/level/Level;Lnet/minecraft/core/BlockPos;Lorg/spongepowered/asm/mixin/injection/callback/CallbackInfo;Lnet/minecraft/world/entity/projectile/AbstractArrow;Z)V does use it's CallbackInfo
[076月2026 16:52:15.544] [main/DEBUG] [mixin/]: mixins.arclight.core.json:world.level.block.ButtonBlockMixin from mod (unknown)->@Inject::arclight$blockRedstone3(Lnet/minecraft/world/level/block/state/BlockState;Lnet/minecraft/world/level/Level;Lnet/minecraft/core/BlockPos;Lorg/spongepowered/asm/mixin/injection/callback/CallbackInfo;Lnet/minecraft/world/entity/projectile/AbstractArrow;ZZ)V does use it's CallbackInfo
[076月2026 16:52:15.544] [main/DEBUG] [mixin/]: mixins.arclight.core.json:world.level.block.ButtonBlockMixin from mod (unknown)->@Inject::arclight$blockRedstone1(Lnet/minecraft/world/level/block/state/BlockState;Lnet/minecraft/world/level/Level;Lnet/minecraft/core/BlockPos;Lnet/minecraft/world/entity/player/Player;Lnet/minecraft/world/phys/BlockHitResult;Lorg/spongepowered/asm/mixin/injection/callback/CallbackInfoReturnable;)V does use it's CallbackInfoReturnable
[076月2026 16:52:15.545] [main/DEBUG] [mixin/]: Mixing world.level.block.piston.PistonBaseBlockMixin from mixins.arclight.core.json into net.minecraft.world.level.block.piston.PistonBaseBlock
[076月2026 16:52:15.549] [main/DEBUG] [mixin/]: mixins.arclight.core.json:world.level.block.piston.PistonBaseBlockMixin from mod (unknown)->@Inject::arclight$pistonRetract(Lnet/minecraft/world/level/Level;Lnet/minecraft/core/BlockPos;Lnet/minecraft/world/level/block/state/BlockState;Lorg/spongepowered/asm/mixin/injection/callback/CallbackInfo;Lnet/minecraft/core/Direction;)V does use it's CallbackInfo
[076月2026 16:52:15.549] [main/DEBUG] [mixin/]: mixins.arclight.core.json:world.level.block.piston.PistonBaseBlockMixin from mod (unknown)->@Inject::arclight$pistonRetract(Lnet/minecraft/world/level/Level;Lnet/minecraft/core/BlockPos;Lnet/minecraft/world/level/block/state/BlockState;Lorg/spongepowered/asm/mixin/injection/callback/CallbackInfo;Lnet/minecraft/core/Direction;)V does use it's CallbackInfo
[076月2026 16:52:15.549] [main/DEBUG] [mixin/]: mixins.arclight.core.json:world.level.block.piston.PistonBaseBlockMixin from mod (unknown)->@Inject::arclight$pistonAction(Lnet/minecraft/world/level/Level;Lnet/minecraft/core/BlockPos;Lnet/minecraft/core/Direction;ZLorg/spongepowered/asm/mixin/injection/callback/CallbackInfoReturnable;Lnet/minecraft/core/BlockPos;Lnet/minecraft/world/level/block/piston/PistonStructureResolver;)V does use it's CallbackInfoReturnable
[076月2026 16:52:15.553] [main/DEBUG] [mixin/]: Mixing world.level.block.BedBlockMixin from mixins.arclight.core.json into net.minecraft.world.level.block.BedBlock
[076月2026 16:52:15.585] [main/DEBUG] [mixin/]: Mixing world.entity.EntityTypeMixin from mixins.arclight.core.json into net.minecraft.world.entity.EntityType
[076月2026 16:52:15.587] [main/DEBUG] [mixin/]: mixins.arclight.core.json:world.entity.EntityTypeMixin from mod (unknown)->@Inject::arclight$spawnReason(Lnet/minecraft/server/level/ServerLevel;Lnet/minecraft/world/item/ItemStack;Lnet/minecraft/world/entity/player/Player;Lnet/minecraft/core/BlockPos;Lnet/minecraft/world/entity/MobSpawnType;ZZLorg/spongepowered/asm/mixin/injection/callback/CallbackInfoReturnable;)V doesn't use it's CallbackInfoReturnable
[076月2026 16:52:15.587] [main/DEBUG] [mixin/]: mixins.arclight.core.json:world.entity.EntityTypeMixin from mod (unknown)->@Inject::arclight$spawnReason(Lnet/minecraft/server/level/ServerLevel;Lnet/minecraft/world/item/ItemStack;Lnet/minecraft/world/entity/player/Player;Lnet/minecraft/core/BlockPos;Lnet/minecraft/world/entity/MobSpawnType;ZZLorg/spongepowered/asm/mixin/injection/callback/CallbackInfoReturnable;)V has 0 override(s) in child classes
[076月2026 16:52:15.587] [main/DEBUG] [mixin/]: mixins.arclight.core.json:world.entity.EntityTypeMixin from mod (unknown)->@Inject::arclight$spawnReason(Lnet/minecraft/server/level/ServerLevel;Lnet/minecraft/world/item/ItemStack;Lnet/minecraft/world/entity/player/Player;Lnet/minecraft/core/BlockPos;Lnet/minecraft/world/entity/MobSpawnType;ZZLorg/spongepowered/asm/mixin/injection/callback/CallbackInfoReturnable;)V won't be passed a CallbackInfoReturnable as a result
[076月2026 16:52:15.587] [main/DEBUG] [mixin/]: mixins.arclight.core.json:world.entity.EntityTypeMixin from mod (unknown)->@Inject::arclight$returnIfSuccess(Lnet/minecraft/server/level/ServerLevel;Ljava/util/function/Consumer;Lnet/minecraft/core/BlockPos;Lnet/minecraft/world/entity/MobSpawnType;ZZLorg/spongepowered/asm/mixin/injection/callback/CallbackInfoReturnable;Lnet/minecraft/world/entity/Entity;)V does use it's CallbackInfoReturnable
[076月2026 16:52:15.606] [main/DEBUG] [mixin/]: Mixing world.level.material.FlowingFluidMixin from mixins.arclight.core.json into net.minecraft.world.level.material.FlowingFluid
[076月2026 16:52:15.608] [main/DEBUG] [mixin/]: mixins.arclight.core.json:world.level.material.FlowingFluidMixin from mod (unknown)->@Inject::arclight$flowInto(Lnet/minecraft/world/level/Level;Lnet/minecraft/core/BlockPos;Lnet/minecraft/world/level/material/FluidState;Lorg/spongepowered/asm/mixin/injection/callback/CallbackInfo;)V does use it's CallbackInfo
[076月2026 16:52:15.609] [main/DEBUG] [mixin/]: Mixing world.level.material.LavaFluidMixin from mixins.arclight.core.json into net.minecraft.world.level.material.LavaFluid
[076月2026 16:52:15.611] [main/DEBUG] [mixin/]: Mixing core.world.level.material.LavaFluidMixin_NeoForge from mixins.arclight.neoforge.json into net.minecraft.world.level.material.LavaFluid
[076月2026 16:52:15.648] [main/DEBUG] [mixin/]: Mixing world.entity.item.FallingBlockEntityMixin from mixins.arclight.core.json into net.minecraft.world.entity.item.FallingBlockEntity
[076月2026 16:52:15.651] [main/DEBUG] [mixin/]: mixins.arclight.core.json:world.entity.item.FallingBlockEntityMixin from mod (unknown)->@Inject::arclight$despawn1(Lorg/spongepowered/asm/mixin/injection/callback/CallbackInfo;)V doesn't use it's CallbackInfo
[076月2026 16:52:15.651] [main/DEBUG] [mixin/]: mixins.arclight.core.json:world.entity.item.FallingBlockEntityMixin from mod (unknown)->@Inject::arclight$despawn1(Lorg/spongepowered/asm/mixin/injection/callback/CallbackInfo;)V has 0 override(s) in child classes
[076月2026 16:52:15.651] [main/DEBUG] [mixin/]: mixins.arclight.core.json:world.entity.item.FallingBlockEntityMixin from mod (unknown)->@Inject::arclight$despawn1(Lorg/spongepowered/asm/mixin/injection/callback/CallbackInfo;)V won't be passed a CallbackInfo as a result
[076月2026 16:52:15.651] [main/DEBUG] [mixin/]: mixins.arclight.core.json:world.entity.item.FallingBlockEntityMixin from mod (unknown)->@Inject::arclight$despawn2(Lorg/spongepowered/asm/mixin/injection/callback/CallbackInfo;)V doesn't use it's CallbackInfo
[076月2026 16:52:15.651] [main/DEBUG] [mixin/]: mixins.arclight.core.json:world.entity.item.FallingBlockEntityMixin from mod (unknown)->@Inject::arclight$despawn2(Lorg/spongepowered/asm/mixin/injection/callback/CallbackInfo;)V has 0 override(s) in child classes
[076月2026 16:52:15.651] [main/DEBUG] [mixin/]: mixins.arclight.core.json:world.entity.item.FallingBlockEntityMixin from mod (unknown)->@Inject::arclight$despawn2(Lorg/spongepowered/asm/mixin/injection/callback/CallbackInfo;)V won't be passed a CallbackInfo as a result
[076月2026 16:52:15.651] [main/DEBUG] [mixin/]: mixins.arclight.core.json:world.entity.item.FallingBlockEntityMixin from mod (unknown)->@Inject::arclight$despawn3(Lorg/spongepowered/asm/mixin/injection/callback/CallbackInfo;)V doesn't use it's CallbackInfo
[076月2026 16:52:15.651] [main/DEBUG] [mixin/]: mixins.arclight.core.json:world.entity.item.FallingBlockEntityMixin from mod (unknown)->@Inject::arclight$despawn3(Lorg/spongepowered/asm/mixin/injection/callback/CallbackInfo;)V has 0 override(s) in child classes
[076月2026 16:52:15.651] [main/DEBUG] [mixin/]: mixins.arclight.core.json:world.entity.item.FallingBlockEntityMixin from mod (unknown)->@Inject::arclight$despawn3(Lorg/spongepowered/asm/mixin/injection/callback/CallbackInfo;)V won't be passed a CallbackInfo as a result
[076月2026 16:52:15.651] [main/DEBUG] [mixin/]: mixins.arclight.core.json:world.entity.item.FallingBlockEntityMixin from mod (unknown)->@Inject::arclight$drop1(Lorg/spongepowered/asm/mixin/injection/callback/CallbackInfo;)V doesn't use it's CallbackInfo
[076月2026 16:52:15.651] [main/DEBUG] [mixin/]: mixins.arclight.core.json:world.entity.item.FallingBlockEntityMixin from mod (unknown)->@Inject::arclight$drop1(Lorg/spongepowered/asm/mixin/injection/callback/CallbackInfo;)V has 0 override(s) in child classes
[076月2026 16:52:15.651] [main/DEBUG] [mixin/]: mixins.arclight.core.json:world.entity.item.FallingBlockEntityMixin from mod (unknown)->@Inject::arclight$drop1(Lorg/spongepowered/asm/mixin/injection/callback/CallbackInfo;)V won't be passed a CallbackInfo as a result
[076月2026 16:52:15.651] [main/DEBUG] [mixin/]: mixins.arclight.core.json:world.entity.item.FallingBlockEntityMixin from mod (unknown)->@Inject::arclight$drop2(Lorg/spongepowered/asm/mixin/injection/callback/CallbackInfo;)V doesn't use it's CallbackInfo
[076月2026 16:52:15.651] [main/DEBUG] [mixin/]: mixins.arclight.core.json:world.entity.item.FallingBlockEntityMixin from mod (unknown)->@Inject::arclight$drop2(Lorg/spongepowered/asm/mixin/injection/callback/CallbackInfo;)V has 0 override(s) in child classes
[076月2026 16:52:15.651] [main/DEBUG] [mixin/]: mixins.arclight.core.json:world.entity.item.FallingBlockEntityMixin from mod (unknown)->@Inject::arclight$drop2(Lorg/spongepowered/asm/mixin/injection/callback/CallbackInfo;)V won't be passed a CallbackInfo as a result
[076月2026 16:52:15.651] [main/DEBUG] [mixin/]: mixins.arclight.core.json:world.entity.item.FallingBlockEntityMixin from mod (unknown)->@Inject::arclight$drop3(Lorg/spongepowered/asm/mixin/injection/callback/CallbackInfo;)V doesn't use it's CallbackInfo
[076月2026 16:52:15.651] [main/DEBUG] [mixin/]: mixins.arclight.core.json:world.entity.item.FallingBlockEntityMixin from mod (unknown)->@Inject::arclight$drop3(Lorg/spongepowered/asm/mixin/injection/callback/CallbackInfo;)V has 0 override(s) in child classes
[076月2026 16:52:15.651] [main/DEBUG] [mixin/]: mixins.arclight.core.json:world.entity.item.FallingBlockEntityMixin from mod (unknown)->@Inject::arclight$drop3(Lorg/spongepowered/asm/mixin/injection/callback/CallbackInfo;)V won't be passed a CallbackInfo as a result
[076月2026 16:52:15.651] [main/DEBUG] [mixin/]: mixins.arclight.core.json:world.entity.item.FallingBlockEntityMixin from mod (unknown)->@Inject::arclight$entityChangeBlock(Lorg/spongepowered/asm/mixin/injection/callback/CallbackInfo;Lnet/minecraft/world/level/block/Block;Lnet/minecraft/core/BlockPos;)V does use it's CallbackInfo
[076月2026 16:52:15.651] [main/DEBUG] [mixin/]: mixins.arclight.core.json:world.entity.item.FallingBlockEntityMixin from mod (unknown)->@Inject::arclight$entityFall(Lnet/minecraft/world/level/Level;Lnet/minecraft/core/BlockPos;Lnet/minecraft/world/level/block/state/BlockState;Lorg/spongepowered/asm/mixin/injection/callback/CallbackInfoReturnable;Lnet/minecraft/world/entity/item/FallingBlockEntity;)V does use it's CallbackInfoReturnable
[076月2026 16:52:15.653] [main/DEBUG] [mixin/]: Mixing world.level.block.entity.BlockEntityMixin from mixins.arclight.core.json into net.minecraft.world.level.block.entity.BlockEntity
[076月2026 16:52:15.656] [main/DEBUG] [mixin/]: mixins.arclight.core.json:world.level.block.entity.BlockEntityMixin from mod (unknown)->@Inject::arclight$loadPersistent(Lnet/minecraft/nbt/CompoundTag;Lnet/minecraft/core/HolderLookup$Provider;Lorg/spongepowered/asm/mixin/injection/callback/CallbackInfo;)V doesn't use it's CallbackInfo
[076月2026 16:52:15.656] [main/DEBUG] [mixin/]: mixins.arclight.core.json:world.level.block.entity.BlockEntityMixin from mod (unknown)->@Inject::arclight$loadPersistent(Lnet/minecraft/nbt/CompoundTag;Lnet/minecraft/core/HolderLookup$Provider;Lorg/spongepowered/asm/mixin/injection/callback/CallbackInfo;)V has 0 override(s) in child classes
[076月2026 16:52:15.656] [main/DEBUG] [mixin/]: mixins.arclight.core.json:world.level.block.entity.BlockEntityMixin from mod (unknown)->@Inject::arclight$loadPersistent(Lnet/minecraft/nbt/CompoundTag;Lnet/minecraft/core/HolderLookup$Provider;Lorg/spongepowered/asm/mixin/injection/callback/CallbackInfo;)V won't be passed a CallbackInfo as a result
[076月2026 16:52:15.656] [main/DEBUG] [mixin/]: mixins.arclight.core.json:world.level.block.entity.BlockEntityMixin from mod (unknown)->@Inject::arclight$savePersistent(Lorg/spongepowered/asm/mixin/injection/callback/CallbackInfoReturnable;)V does use it's CallbackInfoReturnable
[076月2026 16:52:15.656] [main/DEBUG] [mixin/]: mixins.arclight.core.json:world.level.block.entity.BlockEntityMixin from mod (unknown)->@Inject::arclight$captureSet(Lnet/minecraft/core/component/DataComponentMap;Lnet/minecraft/core/component/DataComponentPatch;Lorg/spongepowered/asm/mixin/injection/callback/CallbackInfo;Ljava/util/Set;)V doesn't use it's CallbackInfo
[076月2026 16:52:15.656] [main/DEBUG] [mixin/]: mixins.arclight.core.json:world.level.block.entity.BlockEntityMixin from mod (unknown)->@Inject::arclight$captureSet(Lnet/minecraft/core/component/DataComponentMap;Lnet/minecraft/core/component/DataComponentPatch;Lorg/spongepowered/asm/mixin/injection/callback/CallbackInfo;Ljava/util/Set;)V has 0 override(s) in child classes
[076月2026 16:52:15.656] [main/DEBUG] [mixin/]: mixins.arclight.core.json:world.level.block.entity.BlockEntityMixin from mod (unknown)->@Inject::arclight$captureSet(Lnet/minecraft/core/component/DataComponentMap;Lnet/minecraft/core/component/DataComponentPatch;Lorg/spongepowered/asm/mixin/injection/callback/CallbackInfo;Ljava/util/Set;)V won't be passed a CallbackInfo as a result
[076月2026 16:52:15.657] [main/DEBUG] [mixin/]: Mixing world.level.block.entity.BrushableBlockEntityMixin from mixins.arclight.core.json into net.minecraft.world.level.block.entity.BrushableBlockEntity
[076月2026 16:52:15.683] [main/DEBUG] [mixin/]: Mixing world.level.block.entity.DispenserBlockEntityMixin from mixins.arclight.core.json into net.minecraft.world.level.block.entity.DispenserBlockEntity
[076月2026 16:52:15.685] [main/DEBUG] [Implementer/INVENTORY]: Found implemented class net/minecraft/world/level/block/entity/DispenserBlockEntity
[076月2026 16:52:15.686] [main/DEBUG] [mixin/]: Mixing world.ContainerMixin from mixins.arclight.core.json into net.minecraft.world.Container
[076月2026 16:52:15.688] [main/DEBUG] [mixin/]: Mixing world.level.block.entity.BaseContainerBlockEntityMixin from mixins.arclight.core.json into net.minecraft.world.level.block.entity.BaseContainerBlockEntity
[076月2026 16:52:15.754] [main/DEBUG] [Implementer/SWITCH_TABLE]: Candidate switch enum method <clinit>()V class net/minecraft/world/phys/shapes/ArrayVoxelShape$1
[076月2026 16:52:15.778] [main/DEBUG] [Implementer/SWITCH_TABLE]: Candidate switch enum method <clinit>()V class net/minecraft/world/level/block/piston/PistonHeadBlock$1
[076月2026 16:52:15.806] [main/DEBUG] [mixin/]: Mixing network.chat.TextColorMixin from mixins.arclight.core.json into net.minecraft.network.chat.TextColor
[076月2026 16:52:15.808] [main/DEBUG] [mixin/]: mixins.arclight.core.json:network.chat.TextColorMixin from mod (unknown)->@Inject::arclight$withFormat(ILjava/lang/String;Lorg/spongepowered/asm/mixin/injection/callback/CallbackInfo;)V doesn't use it's CallbackInfo
[076月2026 16:52:15.820] [main/DEBUG] [mixin/]: Mixing world.entity.monster.SlimeMixin from mixins.arclight.core.json into net.minecraft.world.entity.monster.Slime
[076月2026 16:52:15.826] [main/DEBUG] [mixin/]: Mixing world.entity.MobMixin from mixins.arclight.core.json into net.minecraft.world.entity.Mob
[076月2026 16:52:15.829] [main/DEBUG] [mixin/]: Mixing core.world.entity.MobMixin_NeoForge from mixins.arclight.neoforge.json into net.minecraft.world.entity.Mob
[076月2026 16:52:15.830] [main/DEBUG] [mixin/]: Mixing MobMixin_Optimization from mixins.arclight.impl.optimization.json into net.minecraft.world.entity.Mob
[076月2026 16:52:15.835] [main/DEBUG] [mixin/]: mixins.arclight.core.json:world.entity.MobMixin from mod (unknown)->@Inject::arclight$setPickupLoot(ZLorg/spongepowered/asm/mixin/injection/callback/CallbackInfo;)V doesn't use it's CallbackInfo
[076月2026 16:52:15.836] [main/DEBUG] [mixin/]: mixins.arclight.core.json:world.entity.MobMixin from mod (unknown)->@Inject::arclight$setPickupLoot(ZLorg/spongepowered/asm/mixin/injection/callback/CallbackInfo;)V has 0 override(s) in child classes
[076月2026 16:52:15.836] [main/DEBUG] [mixin/]: mixins.arclight.core.json:world.entity.MobMixin from mod (unknown)->@Inject::arclight$setPickupLoot(ZLorg/spongepowered/asm/mixin/injection/callback/CallbackInfo;)V won't be passed a CallbackInfo as a result
[076月2026 16:52:15.836] [main/DEBUG] [mixin/]: mixins.arclight.core.json:world.entity.MobMixin from mod (unknown)->@Inject::arclight$init(Lnet/minecraft/world/entity/EntityType;Lnet/minecraft/world/level/Level;Lorg/spongepowered/asm/mixin/injection/callback/CallbackInfo;)V doesn't use it's CallbackInfo
[076月2026 16:52:15.836] [main/DEBUG] [mixin/]: mixins.arclight.core.json:world.entity.MobMixin from mod (unknown)->@Inject::arclight$init(Lnet/minecraft/world/entity/EntityType;Lnet/minecraft/world/level/Level;Lorg/spongepowered/asm/mixin/injection/callback/CallbackInfo;)V has 0 override(s) in child classes
[076月2026 16:52:15.836] [main/DEBUG] [mixin/]: mixins.arclight.core.json:world.entity.MobMixin from mod (unknown)->@Inject::arclight$init(Lnet/minecraft/world/entity/EntityType;Lnet/minecraft/world/level/Level;Lorg/spongepowered/asm/mixin/injection/callback/CallbackInfo;)V won't be passed a CallbackInfo as a result
[076月2026 16:52:15.836] [main/DEBUG] [mixin/]: mixins.arclight.core.json:world.entity.MobMixin from mod (unknown)->@Inject::arclight$setAware(Lnet/minecraft/nbt/CompoundTag;Lorg/spongepowered/asm/mixin/injection/callback/CallbackInfo;)V doesn't use it's CallbackInfo
[076月2026 16:52:15.836] [main/DEBUG] [mixin/]: mixins.arclight.core.json:world.entity.MobMixin from mod (unknown)->@Inject::arclight$setAware(Lnet/minecraft/nbt/CompoundTag;Lorg/spongepowered/asm/mixin/injection/callback/CallbackInfo;)V has 0 override(s) in child classes
[076月2026 16:52:15.836] [main/DEBUG] [mixin/]: mixins.arclight.core.json:world.entity.MobMixin from mod (unknown)->@Inject::arclight$setAware(Lnet/minecraft/nbt/CompoundTag;Lorg/spongepowered/asm/mixin/injection/callback/CallbackInfo;)V won't be passed a CallbackInfo as a result
[076月2026 16:52:15.836] [main/DEBUG] [mixin/]: mixins.arclight.core.json:world.entity.MobMixin from mod (unknown)->@Inject::arclight$readAware(Lnet/minecraft/nbt/CompoundTag;Lorg/spongepowered/asm/mixin/injection/callback/CallbackInfo;)V doesn't use it's CallbackInfo
[076月2026 16:52:15.836] [main/DEBUG] [mixin/]: mixins.arclight.core.json:world.entity.MobMixin from mod (unknown)->@Inject::arclight$readAware(Lnet/minecraft/nbt/CompoundTag;Lorg/spongepowered/asm/mixin/injection/callback/CallbackInfo;)V has 0 override(s) in child classes
[076月2026 16:52:15.836] [main/DEBUG] [mixin/]: mixins.arclight.core.json:world.entity.MobMixin from mod (unknown)->@Inject::arclight$readAware(Lnet/minecraft/nbt/CompoundTag;Lorg/spongepowered/asm/mixin/injection/callback/CallbackInfo;)V won't be passed a CallbackInfo as a result
[076月2026 16:52:15.836] [main/DEBUG] [mixin/]: mixins.arclight.core.json:world.entity.MobMixin from mod (unknown)->@Inject::arclight$unaware(Lorg/spongepowered/asm/mixin/injection/callback/CallbackInfo;)V does use it's CallbackInfo
[076月2026 16:52:15.837] [main/DEBUG] [mixin/]: mixins.arclight.core.json:world.entity.MobMixin from mod (unknown)->@Inject::arclight$captureItemEntity(Lnet/minecraft/world/entity/item/ItemEntity;Lorg/spongepowered/asm/mixin/injection/callback/CallbackInfo;)V doesn't use it's CallbackInfo
[076月2026 16:52:15.837] [main/DEBUG] [mixin/]: mixins.arclight.core.json:world.entity.MobMixin from mod (unknown)->@Inject::arclight$captureItemEntity(Lnet/minecraft/world/entity/item/ItemEntity;Lorg/spongepowered/asm/mixin/injection/callback/CallbackInfo;)V has 0 override(s) in child classes
[076月2026 16:52:15.837] [main/DEBUG] [mixin/]: mixins.arclight.core.json:world.entity.MobMixin from mod (unknown)->@Inject::arclight$captureItemEntity(Lnet/minecraft/world/entity/item/ItemEntity;Lorg/spongepowered/asm/mixin/injection/callback/CallbackInfo;)V won't be passed a CallbackInfo as a result
[076月2026 16:52:15.837] [main/DEBUG] [mixin/]: mixins.arclight.core.json:world.entity.MobMixin from mod (unknown)->@Inject::arclight$pickupCause(Lnet/minecraft/world/entity/item/ItemEntity;Lorg/spongepowered/asm/mixin/injection/callback/CallbackInfo;)V doesn't use it's CallbackInfo
[076月2026 16:52:15.837] [main/DEBUG] [mixin/]: mixins.arclight.core.json:world.entity.MobMixin from mod (unknown)->@Inject::arclight$pickupCause(Lnet/minecraft/world/entity/item/ItemEntity;Lorg/spongepowered/asm/mixin/injection/callback/CallbackInfo;)V has 0 override(s) in child classes
[076月2026 16:52:15.837] [main/DEBUG] [mixin/]: mixins.arclight.core.json:world.entity.MobMixin from mod (unknown)->@Inject::arclight$pickupCause(Lnet/minecraft/world/entity/item/ItemEntity;Lorg/spongepowered/asm/mixin/injection/callback/CallbackInfo;)V won't be passed a CallbackInfo as a result
[076月2026 16:52:15.837] [main/DEBUG] [mixin/]: mixins.arclight.core.json:world.entity.MobMixin from mod (unknown)->@Inject::arclight$unleashRide(Lnet/minecraft/world/entity/Entity;ZLorg/spongepowered/asm/mixin/injection/callback/CallbackInfoReturnable;)V doesn't use it's CallbackInfoReturnable
[076月2026 16:52:15.837] [main/DEBUG] [mixin/]: mixins.arclight.core.json:world.entity.MobMixin from mod (unknown)->@Inject::arclight$unleashRide(Lnet/minecraft/world/entity/Entity;ZLorg/spongepowered/asm/mixin/injection/callback/CallbackInfoReturnable;)V has 0 override(s) in child classes
[076月2026 16:52:15.837] [main/DEBUG] [mixin/]: mixins.arclight.core.json:world.entity.MobMixin from mod (unknown)->@Inject::arclight$unleashRide(Lnet/minecraft/world/entity/Entity;ZLorg/spongepowered/asm/mixin/injection/callback/CallbackInfoReturnable;)V won't be passed a CallbackInfoReturnable as a result
[076月2026 16:52:15.837] [main/DEBUG] [mixin/]: mixins.arclight.core.json:world.entity.MobMixin from mod (unknown)->@Inject::arclight$cleanReason(Lnet/minecraft/world/entity/EntityType;ZLorg/spongepowered/asm/mixin/injection/callback/CallbackInfoReturnable;)V doesn't use it's CallbackInfoReturnable
[076月2026 16:52:15.837] [main/DEBUG] [mixin/]: mixins.arclight.core.json:world.entity.MobMixin from mod (unknown)->@Inject::arclight$cleanReason(Lnet/minecraft/world/entity/EntityType;ZLorg/spongepowered/asm/mixin/injection/callback/CallbackInfoReturnable;)V has 0 override(s) in child classes
[076月2026 16:52:15.837] [main/DEBUG] [mixin/]: mixins.arclight.core.json:world.entity.MobMixin from mod (unknown)->@Inject::arclight$cleanReason(Lnet/minecraft/world/entity/EntityType;ZLorg/spongepowered/asm/mixin/injection/callback/CallbackInfoReturnable;)V won't be passed a CallbackInfoReturnable as a result
[076月2026 16:52:15.837] [main/DEBUG] [mixin/]: mixins.arclight.core.json:world.entity.MobMixin from mod (unknown)->@Inject::arclight$cleanReason(Lnet/minecraft/world/entity/EntityType;ZLorg/spongepowered/asm/mixin/injection/callback/CallbackInfoReturnable;)V doesn't use it's CallbackInfoReturnable
[076月2026 16:52:15.837] [main/DEBUG] [mixin/]: mixins.arclight.core.json:world.entity.MobMixin from mod (unknown)->@Inject::arclight$cleanReason(Lnet/minecraft/world/entity/EntityType;ZLorg/spongepowered/asm/mixin/injection/callback/CallbackInfoReturnable;)V has 0 override(s) in child classes
[076月2026 16:52:15.837] [main/DEBUG] [mixin/]: mixins.arclight.core.json:world.entity.MobMixin from mod (unknown)->@Inject::arclight$cleanReason(Lnet/minecraft/world/entity/EntityType;ZLorg/spongepowered/asm/mixin/injection/callback/CallbackInfoReturnable;)V won't be passed a CallbackInfoReturnable as a result
[076月2026 16:52:15.837] [main/DEBUG] [mixin/]: mixins.arclight.core.json:world.entity.MobMixin from mod (unknown)->@Inject::arclight$cleanReason(Lnet/minecraft/world/entity/EntityType;ZLorg/spongepowered/asm/mixin/injection/callback/CallbackInfoReturnable;)V doesn't use it's CallbackInfoReturnable
[076月2026 16:52:15.838] [main/DEBUG] [mixin/]: mixins.arclight.core.json:world.entity.MobMixin from mod (unknown)->@Inject::arclight$cleanReason(Lnet/minecraft/world/entity/EntityType;ZLorg/spongepowered/asm/mixin/injection/callback/CallbackInfoReturnable;)V has 0 override(s) in child classes
[076月2026 16:52:15.838] [main/DEBUG] [mixin/]: mixins.arclight.core.json:world.entity.MobMixin from mod (unknown)->@Inject::arclight$cleanReason(Lnet/minecraft/world/entity/EntityType;ZLorg/spongepowered/asm/mixin/injection/callback/CallbackInfoReturnable;)V won't be passed a CallbackInfoReturnable as a result
[076月2026 16:52:15.838] [main/DEBUG] [mixin/]: mixins.arclight.core.json:world.entity.MobMixin from mod (unknown)->@Inject::arclight$transformCause(Lnet/minecraft/world/entity/EntityType;ZLorg/spongepowered/asm/mixin/injection/callback/CallbackInfoReturnable;)V doesn't use it's CallbackInfoReturnable
[076月2026 16:52:15.838] [main/DEBUG] [mixin/]: mixins.arclight.core.json:world.entity.MobMixin from mod (unknown)->@Inject::arclight$transformCause(Lnet/minecraft/world/entity/EntityType;ZLorg/spongepowered/asm/mixin/injection/callback/CallbackInfoReturnable;)V has 0 override(s) in child classes
[076月2026 16:52:15.838] [main/DEBUG] [mixin/]: mixins.arclight.core.json:world.entity.MobMixin from mod (unknown)->@Inject::arclight$transformCause(Lnet/minecraft/world/entity/EntityType;ZLorg/spongepowered/asm/mixin/injection/callback/CallbackInfoReturnable;)V won't be passed a CallbackInfoReturnable as a result
[076月2026 16:52:15.838] [main/DEBUG] [mixin/]: mixins.arclight.core.json:world.entity.MobMixin from mod (unknown)->@Inject::arclight$attackKnockback(Lnet/minecraft/world/entity/Entity;Lorg/spongepowered/asm/mixin/injection/callback/CallbackInfoReturnable;)V doesn't use it's CallbackInfoReturnable
[076月2026 16:52:15.838] [main/DEBUG] [mixin/]: mixins.arclight.core.json:world.entity.MobMixin from mod (unknown)->@Inject::arclight$attackKnockback(Lnet/minecraft/world/entity/Entity;Lorg/spongepowered/asm/mixin/injection/callback/CallbackInfoReturnable;)V has 0 override(s) in child classes
[076月2026 16:52:15.838] [main/DEBUG] [mixin/]: mixins.arclight.core.json:world.entity.MobMixin from mod (unknown)->@Inject::arclight$attackKnockback(Lnet/minecraft/world/entity/Entity;Lorg/spongepowered/asm/mixin/injection/callback/CallbackInfoReturnable;)V won't be passed a CallbackInfoReturnable as a result
[076月2026 16:52:15.838] [main/DEBUG] [mixin/]: mixins.arclight.core.json:world.entity.MobMixin from mod (unknown)->@Inject::arclight$naturalDespawn(Lorg/spongepowered/asm/mixin/injection/callback/CallbackInfo;)V doesn't use it's CallbackInfo
[076月2026 16:52:15.838] [main/DEBUG] [mixin/]: mixins.arclight.core.json:world.entity.MobMixin from mod (unknown)->@Inject::arclight$naturalDespawn(Lorg/spongepowered/asm/mixin/injection/callback/CallbackInfo;)V has 0 override(s) in child classes
[076月2026 16:52:15.838] [main/DEBUG] [mixin/]: mixins.arclight.core.json:world.entity.MobMixin from mod (unknown)->@Inject::arclight$naturalDespawn(Lorg/spongepowered/asm/mixin/injection/callback/CallbackInfo;)V won't be passed a CallbackInfo as a result
[076月2026 16:52:15.838] [main/DEBUG] [mixin/]: mixins.arclight.core.json:world.entity.MobMixin from mod (unknown)->@Inject::arclight$naturalDespawn(Lorg/spongepowered/asm/mixin/injection/callback/CallbackInfo;)V doesn't use it's CallbackInfo
[076月2026 16:52:15.838] [main/DEBUG] [mixin/]: mixins.arclight.core.json:world.entity.MobMixin from mod (unknown)->@Inject::arclight$naturalDespawn(Lorg/spongepowered/asm/mixin/injection/callback/CallbackInfo;)V has 0 override(s) in child classes
[076月2026 16:52:15.838] [main/DEBUG] [mixin/]: mixins.arclight.core.json:world.entity.MobMixin from mod (unknown)->@Inject::arclight$naturalDespawn(Lorg/spongepowered/asm/mixin/injection/callback/CallbackInfo;)V won't be passed a CallbackInfo as a result
[076月2026 16:52:15.838] [main/DEBUG] [mixin/]: mixins.arclight.core.json:world.entity.MobMixin from mod (unknown)->@Inject::arclight$naturalDespawn(Lorg/spongepowered/asm/mixin/injection/callback/CallbackInfo;)V doesn't use it's CallbackInfo
[076月2026 16:52:15.838] [main/DEBUG] [mixin/]: mixins.arclight.core.json:world.entity.MobMixin from mod (unknown)->@Inject::arclight$naturalDespawn(Lorg/spongepowered/asm/mixin/injection/callback/CallbackInfo;)V has 0 override(s) in child classes
[076月2026 16:52:15.838] [main/DEBUG] [mixin/]: mixins.arclight.core.json:world.entity.MobMixin from mod (unknown)->@Inject::arclight$naturalDespawn(Lorg/spongepowered/asm/mixin/injection/callback/CallbackInfo;)V won't be passed a CallbackInfo as a result
[076月2026 16:52:15.841] [main/DEBUG] [mixin/]: Mixing world.entity.LeashableMixin from mixins.arclight.core.json into net.minecraft.world.entity.Leashable
[076月2026 16:52:15.846] [main/DEBUG] [mixin/]: Mixing world.entity.PathfinderMobMixin from mixins.arclight.core.json into net.minecraft.world.entity.PathfinderMob
[076月2026 16:52:15.851] [main/DEBUG] [mixin/]: Mixing world.entity.projectile.ProjectileMixin from mixins.arclight.core.json into net.minecraft.world.entity.projectile.Projectile
[076月2026 16:52:15.852] [main/DEBUG] [mixin/]: mixins.arclight.core.json:world.entity.projectile.ProjectileMixin from mod (unknown)->@Inject::arclight$updateSource(Lnet/minecraft/world/entity/Entity;Lorg/spongepowered/asm/mixin/injection/callback/CallbackInfo;)V doesn't use it's CallbackInfo
[076月2026 16:52:15.852] [main/DEBUG] [mixin/]: mixins.arclight.core.json:world.entity.projectile.ProjectileMixin from mod (unknown)->@Inject::arclight$updateSource(Lnet/minecraft/world/entity/Entity;Lorg/spongepowered/asm/mixin/injection/callback/CallbackInfo;)V has 0 override(s) in child classes
[076月2026 16:52:15.852] [main/DEBUG] [mixin/]: mixins.arclight.core.json:world.entity.projectile.ProjectileMixin from mod (unknown)->@Inject::arclight$updateSource(Lnet/minecraft/world/entity/Entity;Lorg/spongepowered/asm/mixin/injection/callback/CallbackInfo;)V won't be passed a CallbackInfo as a result
[076月2026 16:52:15.852] [main/DEBUG] [mixin/]: mixins.arclight.core.json:world.entity.projectile.ProjectileMixin from mod (unknown)->@Inject::arclight$cancelBlockHit(Lnet/minecraft/world/phys/BlockHitResult;Lorg/spongepowered/asm/mixin/injection/callback/CallbackInfo;)V does use it's CallbackInfo
[076月2026 16:52:15.852] [main/DEBUG] [mixin/]: mixins.arclight.core.json:world.entity.projectile.ProjectileMixin from mod (unknown)->@Inject::arclight$hitEvent(Lnet/minecraft/world/phys/HitResult;Lorg/spongepowered/asm/mixin/injection/callback/CallbackInfoReturnable;)V does use it's CallbackInfoReturnable
[076月2026 16:52:15.854] [main/DEBUG] [mixin/]: Mixing world.entity.item.PrimedTntMixin from mixins.arclight.core.json into net.minecraft.world.entity.item.PrimedTnt
[076月2026 16:52:15.857] [main/DEBUG] [mixin/]: mixins.arclight.core.json:world.entity.item.PrimedTntMixin from mod (unknown)->@Inject::arclight$init(Lnet/minecraft/world/entity/EntityType;Lnet/minecraft/world/level/Level;Lorg/spongepowered/asm/mixin/injection/callback/CallbackInfo;)V doesn't use it's CallbackInfo
[076月2026 16:52:15.857] [main/DEBUG] [mixin/]: mixins.arclight.core.json:world.entity.item.PrimedTntMixin from mod (unknown)->@Inject::arclight$init(Lnet/minecraft/world/entity/EntityType;Lnet/minecraft/world/level/Level;Lorg/spongepowered/asm/mixin/injection/callback/CallbackInfo;)V has 0 override(s) in child classes
[076月2026 16:52:15.857] [main/DEBUG] [mixin/]: mixins.arclight.core.json:world.entity.item.PrimedTntMixin from mod (unknown)->@Inject::arclight$init(Lnet/minecraft/world/entity/EntityType;Lnet/minecraft/world/level/Level;Lorg/spongepowered/asm/mixin/injection/callback/CallbackInfo;)V won't be passed a CallbackInfo as a result
[076月2026 16:52:15.857] [main/DEBUG] [mixin/]: mixins.arclight.core.json:world.entity.item.PrimedTntMixin from mod (unknown)->@Inject::arclight$init(Lnet/minecraft/world/level/Level;DDDLnet/minecraft/world/entity/LivingEntity;Lorg/spongepowered/asm/mixin/injection/callback/CallbackInfo;)V doesn't use it's CallbackInfo
[076月2026 16:52:15.857] [main/DEBUG] [mixin/]: mixins.arclight.core.json:world.entity.item.PrimedTntMixin from mod (unknown)->@Inject::arclight$init(Lnet/minecraft/world/level/Level;DDDLnet/minecraft/world/entity/LivingEntity;Lorg/spongepowered/asm/mixin/injection/callback/CallbackInfo;)V has 0 override(s) in child classes
[076月2026 16:52:15.857] [main/DEBUG] [mixin/]: mixins.arclight.core.json:world.entity.item.PrimedTntMixin from mod (unknown)->@Inject::arclight$init(Lnet/minecraft/world/level/Level;DDDLnet/minecraft/world/entity/LivingEntity;Lorg/spongepowered/asm/mixin/injection/callback/CallbackInfo;)V won't be passed a CallbackInfo as a result
[076月2026 16:52:15.859] [main/DEBUG] [mixin/]: Mixing world.level.block.entity.ChiseledBookShelfBlockEntityMixin from mixins.arclight.core.json into net.minecraft.world.level.block.entity.ChiseledBookShelfBlockEntity
[076月2026 16:52:15.861] [main/DEBUG] [mixin/]: mixins.arclight.core.json:world.level.block.entity.ChiseledBookShelfBlockEntityMixin from mod (unknown)->@Inject::arclight$skipIfNull(ILorg/spongepowered/asm/mixin/injection/callback/CallbackInfo;)V does use it's CallbackInfo
[076月2026 16:52:15.900] [main/DEBUG] [mixin/]: Mixing world.level.block.entity.ChestBlockEntityMixin from mixins.arclight.core.json into net.minecraft.world.level.block.entity.ChestBlockEntity
[076月2026 16:52:15.902] [main/DEBUG] [Implementer/INVENTORY]: Found implemented class net/minecraft/world/level/block/entity/ChestBlockEntity
[076月2026 16:52:15.905] [main/DEBUG] [mixin/]: Mixing BlockEntityTypeAccessor from neoforge.mixins.json into net.minecraft.world.level.block.entity.BlockEntityType
[076月2026 16:52:15.906] [main/DEBUG] [mixin/]: neoforge.mixins.json:BlockEntityTypeAccessor from mod neoforge: Class version 65 required is higher than the class version supported by the current version of Mixin (JAVA_16 supports class version 60)
[076月2026 16:52:15.927] [main/DEBUG] [mixin/]: Mixing world.inventory.AbstractContainerMenuMixin from mixins.arclight.core.json into net.minecraft.world.inventory.AbstractContainerMenu
[076月2026 16:52:15.930] [main/DEBUG] [mixin/]: Mixing core.world.inventory.AbstractContainerMenuMixin_NeoForge from mixins.arclight.neoforge.json into net.minecraft.world.inventory.AbstractContainerMenu
[076月2026 16:52:15.936] [main/DEBUG] [mixin/]: mixins.arclight.core.json:world.inventory.AbstractContainerMenuMixin from mod (unknown)->@Inject::arclight$clearBeforeDrop(IILnet/minecraft/world/inventory/ClickType;Lnet/minecraft/world/entity/player/Player;Lorg/spongepowered/asm/mixin/injection/callback/CallbackInfo;)V doesn't use it's CallbackInfo
[076月2026 16:52:15.936] [main/DEBUG] [mixin/]: mixins.arclight.core.json:world.inventory.AbstractContainerMenuMixin from mod (unknown)->@Inject::arclight$clearBeforeDrop(IILnet/minecraft/world/inventory/ClickType;Lnet/minecraft/world/entity/player/Player;Lorg/spongepowered/asm/mixin/injection/callback/CallbackInfo;)V has 0 override(s) in child classes
[076月2026 16:52:15.936] [main/DEBUG] [mixin/]: mixins.arclight.core.json:world.inventory.AbstractContainerMenuMixin from mod (unknown)->@Inject::arclight$clearBeforeDrop(IILnet/minecraft/world/inventory/ClickType;Lnet/minecraft/world/entity/player/Player;Lorg/spongepowered/asm/mixin/injection/callback/CallbackInfo;)V won't be passed a CallbackInfo as a result
[076月2026 16:52:15.938] [main/DEBUG] [mixin/]: Mixing world.inventory.CraftingMenuMixin from mixins.arclight.core.json into net.minecraft.world.inventory.CraftingMenu
[076月2026 16:52:15.948] [main/DEBUG] [mixin/]: mixins.arclight.core.json:world.inventory.CraftingMenuMixin from mod (unknown)->@Inject::arclight$unreachable(Lnet/minecraft/world/entity/player/Player;Lorg/spongepowered/asm/mixin/injection/callback/CallbackInfoReturnable;)V does use it's CallbackInfoReturnable
[076月2026 16:52:15.948] [main/DEBUG] [mixin/]: mixins.arclight.core.json:world.inventory.CraftingMenuMixin from mod (unknown)->@Inject::arclight$capture(Lnet/minecraft/world/Container;Lorg/spongepowered/asm/mixin/injection/callback/CallbackInfo;)V doesn't use it's CallbackInfo
[076月2026 16:52:15.948] [main/DEBUG] [mixin/]: mixins.arclight.core.json:world.inventory.CraftingMenuMixin from mod (unknown)->@Inject::arclight$capture(Lnet/minecraft/world/Container;Lorg/spongepowered/asm/mixin/injection/callback/CallbackInfo;)V has 0 override(s) in child classes
[076月2026 16:52:15.948] [main/DEBUG] [mixin/]: mixins.arclight.core.json:world.inventory.CraftingMenuMixin from mod (unknown)->@Inject::arclight$capture(Lnet/minecraft/world/Container;Lorg/spongepowered/asm/mixin/injection/callback/CallbackInfo;)V won't be passed a CallbackInfo as a result
[076月2026 16:52:15.949] [main/DEBUG] [mixin/]: mixins.arclight.core.json:world.inventory.CraftingMenuMixin from mod (unknown)->@Inject::arclight$init(ILnet/minecraft/world/entity/player/Inventory;Lnet/minecraft/world/inventory/ContainerLevelAccess;Lorg/spongepowered/asm/mixin/injection/callback/CallbackInfo;)V doesn't use it's CallbackInfo
[076月2026 16:52:15.949] [main/DEBUG] [mixin/]: mixins.arclight.core.json:world.inventory.CraftingMenuMixin from mod (unknown)->@Inject::arclight$init(ILnet/minecraft/world/entity/player/Inventory;Lnet/minecraft/world/inventory/ContainerLevelAccess;Lorg/spongepowered/asm/mixin/injection/callback/CallbackInfo;)V has 0 override(s) in child classes
[076月2026 16:52:15.949] [main/DEBUG] [mixin/]: mixins.arclight.core.json:world.inventory.CraftingMenuMixin from mod (unknown)->@Inject::arclight$init(ILnet/minecraft/world/entity/player/Inventory;Lnet/minecraft/world/inventory/ContainerLevelAccess;Lorg/spongepowered/asm/mixin/injection/callback/CallbackInfo;)V won't be passed a CallbackInfo as a result
[076月2026 16:52:15.954] [main/DEBUG] [mixin/]: Mixing world.level.block.entity.AbstractFurnaceBlockEntityMixin from mixins.arclight.core.json into net.minecraft.world.level.block.entity.AbstractFurnaceBlockEntity
[076月2026 16:52:15.957] [main/DEBUG] [mixin/]: Mixing core.world.level.block.entity.AbstractFurnaceBlockEntityMixin_NeoForge from mixins.arclight.neoforge.json into net.minecraft.world.level.block.entity.AbstractFurnaceBlockEntity
[076月2026 16:52:15.961] [main/DEBUG] [Implementer/INVENTORY]: Found implemented class net/minecraft/world/level/block/entity/AbstractFurnaceBlockEntity
[076月2026 16:52:15.965] [main/DEBUG] [mixin/]: Mixing world.level.block.entity.SignBlockEntityMixin from mixins.arclight.core.json into net.minecraft.world.level.block.entity.SignBlockEntity
[076月2026 16:52:15.966] [main/DEBUG] [mixin/]: Renaming synthetic method lambda$updateSignText$0(Lnet/minecraft/world/entity/player/Player;Ljava/util/List;ZLnet/minecraft/world/level/block/entity/SignText;)Lnet/minecraft/world/level/block/entity/SignText; to md93a37e$lambda$updateSignText$0$0 in mixins.arclight.core.json:world.level.block.entity.SignBlockEntityMixin from mod (unknown)
[076月2026 16:52:15.973] [main/DEBUG] [mixin/]: mixins.arclight.core.json:world.level.block.entity.SignBlockEntityMixin from mod (unknown)->@Inject::arclight$setColor(Lorg/spongepowered/asm/mixin/injection/callback/CallbackInfo;)V does use it's CallbackInfo
[076月2026 16:52:16.005] [main/DEBUG] [mixin/]: Mixing world.entity.projectile.AbstractArrowMixin from mixins.arclight.core.json into net.minecraft.world.entity.projectile.AbstractArrow
[076月2026 16:52:16.006] [main/DEBUG] [mixin/]: Mixing activationrange.entity.AbstractArrowMixin_ActivationRange from mixins.arclight.impl.optimization.json into net.minecraft.world.entity.projectile.AbstractArrow
[076月2026 16:52:16.009] [main/DEBUG] [mixin/]: mixins.arclight.core.json:world.entity.projectile.AbstractArrowMixin from mod (unknown)->@Inject::arclight$hit(Lorg/spongepowered/asm/mixin/injection/callback/CallbackInfo;)V doesn't use it's CallbackInfo
[076月2026 16:52:16.009] [main/DEBUG] [mixin/]: mixins.arclight.core.json:world.entity.projectile.AbstractArrowMixin from mod (unknown)->@Inject::arclight$hit(Lorg/spongepowered/asm/mixin/injection/callback/CallbackInfo;)V has 0 override(s) in child classes
[076月2026 16:52:16.009] [main/DEBUG] [mixin/]: mixins.arclight.core.json:world.entity.projectile.AbstractArrowMixin from mod (unknown)->@Inject::arclight$hit(Lorg/spongepowered/asm/mixin/injection/callback/CallbackInfo;)V won't be passed a CallbackInfo as a result
[076月2026 16:52:16.009] [main/DEBUG] [mixin/]: mixins.arclight.core.json:world.entity.projectile.AbstractArrowMixin from mod (unknown)->@Inject::arclight$hit(Lorg/spongepowered/asm/mixin/injection/callback/CallbackInfo;)V doesn't use it's CallbackInfo
[076月2026 16:52:16.009] [main/DEBUG] [mixin/]: mixins.arclight.core.json:world.entity.projectile.AbstractArrowMixin from mod (unknown)->@Inject::arclight$hit(Lorg/spongepowered/asm/mixin/injection/callback/CallbackInfo;)V has 0 override(s) in child classes
[076月2026 16:52:16.009] [main/DEBUG] [mixin/]: mixins.arclight.core.json:world.entity.projectile.AbstractArrowMixin from mod (unknown)->@Inject::arclight$hit(Lorg/spongepowered/asm/mixin/injection/callback/CallbackInfo;)V won't be passed a CallbackInfo as a result
[076月2026 16:52:16.009] [main/DEBUG] [mixin/]: mixins.arclight.core.json:world.entity.projectile.AbstractArrowMixin from mod (unknown)->@Inject::arclight$hit(Lorg/spongepowered/asm/mixin/injection/callback/CallbackInfo;)V doesn't use it's CallbackInfo
[076月2026 16:52:16.009] [main/DEBUG] [mixin/]: mixins.arclight.core.json:world.entity.projectile.AbstractArrowMixin from mod (unknown)->@Inject::arclight$hit(Lorg/spongepowered/asm/mixin/injection/callback/CallbackInfo;)V has 0 override(s) in child classes
[076月2026 16:52:16.009] [main/DEBUG] [mixin/]: mixins.arclight.core.json:world.entity.projectile.AbstractArrowMixin from mod (unknown)->@Inject::arclight$hit(Lorg/spongepowered/asm/mixin/injection/callback/CallbackInfo;)V won't be passed a CallbackInfo as a result
[076月2026 16:52:16.009] [main/DEBUG] [mixin/]: mixins.arclight.core.json:world.entity.projectile.AbstractArrowMixin from mod (unknown)->@Inject::arclight$despawn(Lorg/spongepowered/asm/mixin/injection/callback/CallbackInfo;)V doesn't use it's CallbackInfo
[076月2026 16:52:16.009] [main/DEBUG] [mixin/]: mixins.arclight.core.json:world.entity.projectile.AbstractArrowMixin from mod (unknown)->@Inject::arclight$despawn(Lorg/spongepowered/asm/mixin/injection/callback/CallbackInfo;)V has 0 override(s) in child classes
[076月2026 16:52:16.009] [main/DEBUG] [mixin/]: mixins.arclight.core.json:world.entity.projectile.AbstractArrowMixin from mod (unknown)->@Inject::arclight$despawn(Lorg/spongepowered/asm/mixin/injection/callback/CallbackInfo;)V won't be passed a CallbackInfo as a result
[076月2026 16:52:16.009] [main/DEBUG] [mixin/]: mixins.arclight.core.json:world.entity.projectile.AbstractArrowMixin from mod (unknown)->@Inject::arclight$setShooter(Lnet/minecraft/world/entity/Entity;Lorg/spongepowered/asm/mixin/injection/callback/CallbackInfo;)V doesn't use it's CallbackInfo
[076月2026 16:52:16.009] [main/DEBUG] [mixin/]: mixins.arclight.core.json:world.entity.projectile.AbstractArrowMixin from mod (unknown)->@Inject::arclight$setShooter(Lnet/minecraft/world/entity/Entity;Lorg/spongepowered/asm/mixin/injection/callback/CallbackInfo;)V has 0 override(s) in child classes
[076月2026 16:52:16.009] [main/DEBUG] [mixin/]: mixins.arclight.core.json:world.entity.projectile.AbstractArrowMixin from mod (unknown)->@Inject::arclight$setShooter(Lnet/minecraft/world/entity/Entity;Lorg/spongepowered/asm/mixin/injection/callback/CallbackInfo;)V won't be passed a CallbackInfo as a result
[076月2026 16:52:16.019] [main/DEBUG] [mixin/]: Mixing world.level.block.entity.JukeboxBlockEntityMixin from mixins.arclight.core.json into net.minecraft.world.level.block.entity.JukeboxBlockEntity
[076月2026 16:52:16.031] [main/DEBUG] [mixin/]: Mixing world.entity.animal.SnowGolemMixin from mixins.arclight.core.json into net.minecraft.world.entity.animal.SnowGolem
[076月2026 16:52:16.033] [main/DEBUG] [mixin/]: mixins.arclight.core.json:world.entity.animal.SnowGolemMixin from mod (unknown)->@Inject::arclight$forceDropOn(Lnet/minecraft/sounds/SoundSource;Lorg/spongepowered/asm/mixin/injection/callback/CallbackInfo;)V doesn't use it's CallbackInfo
[076月2026 16:52:16.033] [main/DEBUG] [mixin/]: mixins.arclight.core.json:world.entity.animal.SnowGolemMixin from mod (unknown)->@Inject::arclight$forceDropOn(Lnet/minecraft/sounds/SoundSource;Lorg/spongepowered/asm/mixin/injection/callback/CallbackInfo;)V has 0 override(s) in child classes
[076月2026 16:52:16.033] [main/DEBUG] [mixin/]: mixins.arclight.core.json:world.entity.animal.SnowGolemMixin from mod (unknown)->@Inject::arclight$forceDropOn(Lnet/minecraft/sounds/SoundSource;Lorg/spongepowered/asm/mixin/injection/callback/CallbackInfo;)V won't be passed a CallbackInfo as a result
[076月2026 16:52:16.033] [main/DEBUG] [mixin/]: mixins.arclight.core.json:world.entity.animal.SnowGolemMixin from mod (unknown)->@Inject::arclight$forceDropOff(Lnet/minecraft/sounds/SoundSource;Lorg/spongepowered/asm/mixin/injection/callback/CallbackInfo;)V doesn't use it's CallbackInfo
[076月2026 16:52:16.033] [main/DEBUG] [mixin/]: mixins.arclight.core.json:world.entity.animal.SnowGolemMixin from mod (unknown)->@Inject::arclight$forceDropOff(Lnet/minecraft/sounds/SoundSource;Lorg/spongepowered/asm/mixin/injection/callback/CallbackInfo;)V has 0 override(s) in child classes
[076月2026 16:52:16.033] [main/DEBUG] [mixin/]: mixins.arclight.core.json:world.entity.animal.SnowGolemMixin from mod (unknown)->@Inject::arclight$forceDropOff(Lnet/minecraft/sounds/SoundSource;Lorg/spongepowered/asm/mixin/injection/callback/CallbackInfo;)V won't be passed a CallbackInfo as a result
[076月2026 16:52:16.036] [main/DEBUG] [mixin/]: Mixing world.entity.animal.IronGolemMixin from mixins.arclight.core.json into net.minecraft.world.entity.animal.IronGolem
[076月2026 16:52:16.037] [main/DEBUG] [mixin/]: mixins.arclight.core.json:world.entity.animal.IronGolemMixin from mod (unknown)->@Inject::arclight$targetReason(Lnet/minecraft/world/entity/Entity;Lorg/spongepowered/asm/mixin/injection/callback/CallbackInfo;)V doesn't use it's CallbackInfo
[076月2026 16:52:16.037] [main/DEBUG] [mixin/]: mixins.arclight.core.json:world.entity.animal.IronGolemMixin from mod (unknown)->@Inject::arclight$targetReason(Lnet/minecraft/world/entity/Entity;Lorg/spongepowered/asm/mixin/injection/callback/CallbackInfo;)V has 0 override(s) in child classes
[076月2026 16:52:16.037] [main/DEBUG] [mixin/]: mixins.arclight.core.json:world.entity.animal.IronGolemMixin from mod (unknown)->@Inject::arclight$targetReason(Lnet/minecraft/world/entity/Entity;Lorg/spongepowered/asm/mixin/injection/callback/CallbackInfo;)V won't be passed a CallbackInfo as a result
[076月2026 16:52:16.037] [main/DEBUG] [mixin/]: Mixing world.entity.NeutralMobMixin from mixins.arclight.core.json into net.minecraft.world.entity.NeutralMob
[076月2026 16:52:16.067] [main/DEBUG] [mixin/]: Mixing world.level.block.MultifaceSpreader_SpreadConfigMixin from mixins.arclight.core.json into net.minecraft.world.level.block.MultifaceSpreader$SpreadConfig
[076月2026 16:52:16.069] [main/DEBUG] [mixin/]: Mixing world.level.block.MultifaceSpreader_SpreadTypeMixin from mixins.arclight.core.json into net.minecraft.world.level.block.MultifaceSpreader$SpreadType$1
[076月2026 16:52:16.070] [main/DEBUG] [mixin/]: mixins.arclight.core.json:world.level.block.MultifaceSpreader_SpreadTypeMixin from mod (unknown)->@Inject::arclight$attachSource(Lnet/minecraft/core/BlockPos;Lnet/minecraft/core/Direction;Lnet/minecraft/core/Direction;Lorg/spongepowered/asm/mixin/injection/callback/CallbackInfoReturnable;)V does use it's CallbackInfoReturnable
[076月2026 16:52:16.070] [main/DEBUG] [mixin/]: Mixing world.level.block.MultifaceSpreader_SpreadTypeMixin from mixins.arclight.core.json into net.minecraft.world.level.block.MultifaceSpreader$SpreadType$2
[076月2026 16:52:16.071] [main/DEBUG] [mixin/]: mixins.arclight.core.json:world.level.block.MultifaceSpreader_SpreadTypeMixin from mod (unknown)->@Inject::arclight$attachSource(Lnet/minecraft/core/BlockPos;Lnet/minecraft/core/Direction;Lnet/minecraft/core/Direction;Lorg/spongepowered/asm/mixin/injection/callback/CallbackInfoReturnable;)V does use it's CallbackInfoReturnable
[076月2026 16:52:16.071] [main/DEBUG] [mixin/]: Mixing world.level.block.MultifaceSpreader_SpreadTypeMixin from mixins.arclight.core.json into net.minecraft.world.level.block.MultifaceSpreader$SpreadType$3
[076月2026 16:52:16.072] [main/DEBUG] [mixin/]: mixins.arclight.core.json:world.level.block.MultifaceSpreader_SpreadTypeMixin from mod (unknown)->@Inject::arclight$attachSource(Lnet/minecraft/core/BlockPos;Lnet/minecraft/core/Direction;Lnet/minecraft/core/Direction;Lorg/spongepowered/asm/mixin/injection/callback/CallbackInfoReturnable;)V does use it's CallbackInfoReturnable
[076月2026 16:52:16.079] [main/DEBUG] [mixin/]: Mixing world.inventory.EnchantmentContainerMixin from mixins.arclight.core.json into net.minecraft.world.inventory.EnchantmentMenu
[076月2026 16:52:16.083] [main/DEBUG] [mixin/]: Mixing core.world.inventory.EnchantmentMenuMixin_NeoForge from mixins.arclight.neoforge.json into net.minecraft.world.inventory.EnchantmentMenu
[076月2026 16:52:16.088] [main/DEBUG] [mixin/]: mixins.arclight.core.json:world.inventory.EnchantmentContainerMixin from mod (unknown)->@Inject::arclight$init(ILnet/minecraft/world/entity/player/Inventory;Lnet/minecraft/world/inventory/ContainerLevelAccess;Lorg/spongepowered/asm/mixin/injection/callback/CallbackInfo;)V doesn't use it's CallbackInfo
[076月2026 16:52:16.088] [main/DEBUG] [mixin/]: mixins.arclight.core.json:world.inventory.EnchantmentContainerMixin from mod (unknown)->@Inject::arclight$init(ILnet/minecraft/world/entity/player/Inventory;Lnet/minecraft/world/inventory/ContainerLevelAccess;Lorg/spongepowered/asm/mixin/injection/callback/CallbackInfo;)V has 0 override(s) in child classes
[076月2026 16:52:16.088] [main/DEBUG] [mixin/]: mixins.arclight.core.json:world.inventory.EnchantmentContainerMixin from mod (unknown)->@Inject::arclight$init(ILnet/minecraft/world/entity/player/Inventory;Lnet/minecraft/world/inventory/ContainerLevelAccess;Lorg/spongepowered/asm/mixin/injection/callback/CallbackInfo;)V won't be passed a CallbackInfo as a result
[076月2026 16:52:16.088] [main/DEBUG] [mixin/]: mixins.arclight.core.json:world.inventory.EnchantmentContainerMixin from mod (unknown)->@Inject::arclight$unreachable(Lnet/minecraft/world/entity/player/Player;Lorg/spongepowered/asm/mixin/injection/callback/CallbackInfoReturnable;)V does use it's CallbackInfoReturnable
[076月2026 16:52:16.095] [main/DEBUG] [mixin/]: Mixing world.level.block.entity.BrewingStandBlockEntityMixin from mixins.arclight.core.json into net.minecraft.world.level.block.entity.BrewingStandBlockEntity
[076月2026 16:52:16.099] [main/DEBUG] [mixin/]: mixins.arclight.core.json:world.level.block.entity.BrewingStandBlockEntityMixin from mod (unknown)->@Inject::arclight$brewBegin(Lnet/minecraft/world/level/Level;Lnet/minecraft/core/BlockPos;Lnet/minecraft/world/level/block/state/BlockState;Lnet/minecraft/world/level/block/entity/BrewingStandBlockEntity;Lorg/spongepowered/asm/mixin/injection/callback/CallbackInfo;)V doesn't use it's CallbackInfo
[076月2026 16:52:16.100] [main/DEBUG] [Implementer/INVENTORY]: Found implemented class net/minecraft/world/level/block/entity/BrewingStandBlockEntity
[076月2026 16:52:16.106] [main/DEBUG] [mixin/]: Mixing world.item.ItemStackMixin from mixins.arclight.core.json into net.minecraft.world.item.ItemStack
[076月2026 16:52:16.107] [main/DEBUG] [mixin/]: Mixing core.world.item.ItemStackMixin_NeoForge from mixins.arclight.neoforge.json into net.minecraft.world.item.ItemStack
[076月2026 16:52:16.109] [main/DEBUG] [mixin/]: mixins.arclight.neoforge.json:core.world.item.ItemStackMixin_NeoForge from mod (unknown)->@Inject::arclight$itemBreak(ILnet/minecraft/server/level/ServerLevel;Lnet/minecraft/world/entity/LivingEntity;Ljava/util/function/Consumer;Lorg/spongepowered/asm/mixin/injection/callback/CallbackInfo;)V doesn't use it's CallbackInfo
[076月2026 16:52:16.110] [main/DEBUG] [Implementer/INVENTORY]: Implementing inventory for class net/minecraft/world/item/ItemStack
[076月2026 16:52:16.134] [main/DEBUG] [mixin/]: Mixing world.inventory.ChestMenuMixin from mixins.arclight.core.json into net.minecraft.world.inventory.ChestMenu
[076月2026 16:52:16.136] [main/DEBUG] [mixin/]: mixins.arclight.core.json:world.inventory.ChestMenuMixin from mod (unknown)->@Inject::arclight$init(Lnet/minecraft/world/inventory/MenuType;ILnet/minecraft/world/entity/player/Inventory;Lnet/minecraft/world/Container;ILorg/spongepowered/asm/mixin/injection/callback/CallbackInfo;)V doesn't use it's CallbackInfo
[076月2026 16:52:16.136] [main/DEBUG] [mixin/]: mixins.arclight.core.json:world.inventory.ChestMenuMixin from mod (unknown)->@Inject::arclight$init(Lnet/minecraft/world/inventory/MenuType;ILnet/minecraft/world/entity/player/Inventory;Lnet/minecraft/world/Container;ILorg/spongepowered/asm/mixin/injection/callback/CallbackInfo;)V has 0 override(s) in child classes
[076月2026 16:52:16.136] [main/DEBUG] [mixin/]: mixins.arclight.core.json:world.inventory.ChestMenuMixin from mod (unknown)->@Inject::arclight$init(Lnet/minecraft/world/inventory/MenuType;ILnet/minecraft/world/entity/player/Inventory;Lnet/minecraft/world/Container;ILorg/spongepowered/asm/mixin/injection/callback/CallbackInfo;)V won't be passed a CallbackInfo as a result
[076月2026 16:52:16.136] [main/DEBUG] [mixin/]: mixins.arclight.core.json:world.inventory.ChestMenuMixin from mod (unknown)->@Inject::arclight$unreachable(Lnet/minecraft/world/entity/player/Player;Lorg/spongepowered/asm/mixin/injection/callback/CallbackInfoReturnable;)V does use it's CallbackInfoReturnable
[076月2026 16:52:16.144] [main/DEBUG] [mixin/]: Mixing world.level.block.entity.BeaconBlockEntityMixin from mixins.arclight.core.json into net.minecraft.world.level.block.entity.BeaconBlockEntity
[076月2026 16:52:16.147] [main/DEBUG] [mixin/]: mixins.arclight.core.json:world.level.block.entity.BeaconBlockEntityMixin from mod (unknown)->@Inject::arclight$level(Lnet/minecraft/nbt/CompoundTag;Lnet/minecraft/core/HolderLookup$Provider;Lorg/spongepowered/asm/mixin/injection/callback/CallbackInfo;)V doesn't use it's CallbackInfo
[076月2026 16:52:16.147] [main/DEBUG] [mixin/]: mixins.arclight.core.json:world.level.block.entity.BeaconBlockEntityMixin from mod (unknown)->@Inject::arclight$level(Lnet/minecraft/nbt/CompoundTag;Lnet/minecraft/core/HolderLookup$Provider;Lorg/spongepowered/asm/mixin/injection/callback/CallbackInfo;)V has 0 override(s) in child classes
[076月2026 16:52:16.147] [main/DEBUG] [mixin/]: mixins.arclight.core.json:world.level.block.entity.BeaconBlockEntityMixin from mod (unknown)->@Inject::arclight$level(Lnet/minecraft/nbt/CompoundTag;Lnet/minecraft/core/HolderLookup$Provider;Lorg/spongepowered/asm/mixin/injection/callback/CallbackInfo;)V won't be passed a CallbackInfo as a result
[076月2026 16:52:16.176] [main/DEBUG] [mixin/]: Mixing world.entity.boss.wither.WitherBossMixin from mixins.arclight.core.json into net.minecraft.world.entity.boss.wither.WitherBoss
[076月2026 16:52:16.180] [main/DEBUG] [mixin/]: mixins.arclight.core.json:world.entity.boss.wither.WitherBossMixin from mod (unknown)->@Inject::arclight$despawn(Lorg/spongepowered/asm/mixin/injection/callback/CallbackInfo;)V doesn't use it's CallbackInfo
[076月2026 16:52:16.180] [main/DEBUG] [mixin/]: mixins.arclight.core.json:world.entity.boss.wither.WitherBossMixin from mod (unknown)->@Inject::arclight$despawn(Lorg/spongepowered/asm/mixin/injection/callback/CallbackInfo;)V has 0 override(s) in child classes
[076月2026 16:52:16.180] [main/DEBUG] [mixin/]: mixins.arclight.core.json:world.entity.boss.wither.WitherBossMixin from mod (unknown)->@Inject::arclight$despawn(Lorg/spongepowered/asm/mixin/injection/callback/CallbackInfo;)V won't be passed a CallbackInfo as a result
[076月2026 16:52:16.181] [main/DEBUG] [mixin/]: mixins.arclight.core.json:world.entity.boss.wither.WitherBossMixin from mod (unknown)->@Inject::arclight$healReason(Lorg/spongepowered/asm/mixin/injection/callback/CallbackInfo;)V doesn't use it's CallbackInfo
[076月2026 16:52:16.181] [main/DEBUG] [mixin/]: mixins.arclight.core.json:world.entity.boss.wither.WitherBossMixin from mod (unknown)->@Inject::arclight$healReason(Lorg/spongepowered/asm/mixin/injection/callback/CallbackInfo;)V has 0 override(s) in child classes
[076月2026 16:52:16.181] [main/DEBUG] [mixin/]: mixins.arclight.core.json:world.entity.boss.wither.WitherBossMixin from mod (unknown)->@Inject::arclight$healReason(Lorg/spongepowered/asm/mixin/injection/callback/CallbackInfo;)V won't be passed a CallbackInfo as a result
[076月2026 16:52:16.181] [main/DEBUG] [mixin/]: mixins.arclight.core.json:world.entity.boss.wither.WitherBossMixin from mod (unknown)->@Inject::arclight$healReason2(Lorg/spongepowered/asm/mixin/injection/callback/CallbackInfo;)V doesn't use it's CallbackInfo
[076月2026 16:52:16.181] [main/DEBUG] [mixin/]: mixins.arclight.core.json:world.entity.boss.wither.WitherBossMixin from mod (unknown)->@Inject::arclight$healReason2(Lorg/spongepowered/asm/mixin/injection/callback/CallbackInfo;)V has 0 override(s) in child classes
[076月2026 16:52:16.181] [main/DEBUG] [mixin/]: mixins.arclight.core.json:world.entity.boss.wither.WitherBossMixin from mod (unknown)->@Inject::arclight$healReason2(Lorg/spongepowered/asm/mixin/injection/callback/CallbackInfo;)V won't be passed a CallbackInfo as a result
[076月2026 16:52:16.187] [main/DEBUG] [mixin/]: Mixing world.inventory.AnvilMenuMixin from mixins.arclight.core.json into net.minecraft.world.inventory.AnvilMenu
[076月2026 16:52:16.189] [main/DEBUG] [mixin/]: Mixing core.world.inventory.AnvilMenuMixin_NeoForge from mixins.arclight.neoforge.json into net.minecraft.world.inventory.AnvilMenu
[076月2026 16:52:16.195] [main/DEBUG] [mixin/]: mixins.arclight.core.json:world.inventory.AnvilMenuMixin from mod (unknown)->@Inject::arclight$considerFlag(Lnet/minecraft/world/entity/player/Player;ZLorg/spongepowered/asm/mixin/injection/callback/CallbackInfoReturnable;)V does use it's CallbackInfoReturnable
[076月2026 16:52:16.196] [main/DEBUG] [mixin/]: mixins.arclight.core.json:world.inventory.AnvilMenuMixin from mod (unknown)->@Inject::arclight$sync(Lorg/spongepowered/asm/mixin/injection/callback/CallbackInfo;)V doesn't use it's CallbackInfo
[076月2026 16:52:16.196] [main/DEBUG] [mixin/]: mixins.arclight.core.json:world.inventory.AnvilMenuMixin from mod (unknown)->@Inject::arclight$sync(Lorg/spongepowered/asm/mixin/injection/callback/CallbackInfo;)V has 0 override(s) in child classes
[076月2026 16:52:16.196] [main/DEBUG] [mixin/]: mixins.arclight.core.json:world.inventory.AnvilMenuMixin from mod (unknown)->@Inject::arclight$sync(Lorg/spongepowered/asm/mixin/injection/callback/CallbackInfo;)V won't be passed a CallbackInfo as a result
[076月2026 16:52:16.198] [main/DEBUG] [mixin/]: Mixing world.inventory.ItemCombinerMenuMixin from mixins.arclight.core.json into net.minecraft.world.inventory.ItemCombinerMenu
[076月2026 16:52:16.198] [main/DEBUG] [mixin/]: mixins.arclight.core.json:world.inventory.ItemCombinerMenuMixin from mod (unknown)->@Inject::arclight$unreachable(Lnet/minecraft/world/entity/player/Player;Lorg/spongepowered/asm/mixin/injection/callback/CallbackInfoReturnable;)V does use it's CallbackInfoReturnable
[076月2026 16:52:16.205] [main/DEBUG] [mixin/]: Mixing world.level.block.entity.HopperBlockEntityMixin from mixins.arclight.core.json into net.minecraft.world.level.block.entity.HopperBlockEntity
[076月2026 16:52:16.209] [main/DEBUG] [mixin/]: Mixing core.world.level.block.entity.HopperBlockEntity_NeoForge from mixins.arclight.neoforge.json into net.minecraft.world.level.block.entity.HopperBlockEntity
[076月2026 16:52:16.213] [main/DEBUG] [mixin/]: mixins.arclight.core.json:world.level.block.entity.HopperBlockEntityMixin from mod (unknown)->@Inject::arclight$pickupItem(Lnet/minecraft/world/Container;Lnet/minecraft/world/entity/item/ItemEntity;Lorg/spongepowered/asm/mixin/injection/callback/CallbackInfoReturnable;)V does use it's CallbackInfoReturnable
[076月2026 16:52:16.214] [main/DEBUG] [mixin/]: mixins.arclight.core.json:world.level.block.entity.HopperBlockEntityMixin from mod (unknown)->@Inject::arclight$pickupCause(Lnet/minecraft/world/Container;Lnet/minecraft/world/entity/item/ItemEntity;Lorg/spongepowered/asm/mixin/injection/callback/CallbackInfoReturnable;)V doesn't use it's CallbackInfoReturnable
[076月2026 16:52:16.214] [main/DEBUG] [mixin/]: mixins.arclight.core.json:world.level.block.entity.HopperBlockEntityMixin from mod (unknown)->@Inject::arclight$searchTo(Lnet/minecraft/world/level/Level;Lnet/minecraft/core/BlockPos;Lnet/minecraft/world/level/block/entity/HopperBlockEntity;Lorg/spongepowered/asm/mixin/injection/callback/CallbackInfoReturnable;)V does use it's CallbackInfoReturnable
[076月2026 16:52:16.214] [main/DEBUG] [mixin/]: mixins.arclight.core.json:world.level.block.entity.HopperBlockEntityMixin from mod (unknown)->@Inject::arclight$searchFrom(Lnet/minecraft/world/level/Level;Lnet/minecraft/world/level/block/entity/Hopper;Lnet/minecraft/core/BlockPos;Lnet/minecraft/world/level/block/state/BlockState;Lorg/spongepowered/asm/mixin/injection/callback/CallbackInfoReturnable;)V does use it's CallbackInfoReturnable
[076月2026 16:52:16.214] [main/DEBUG] [mixin/]: mixins.arclight.neoforge.json:core.world.level.block.entity.HopperBlockEntity_NeoForge from mod (unknown)->@Inject::arclight$cancelIfFound(Lnet/minecraft/world/level/Level;Lnet/minecraft/core/BlockPos;Lnet/minecraft/world/level/block/entity/HopperBlockEntity;Lorg/spongepowered/asm/mixin/injection/callback/CallbackInfoReturnable;)V does use it's CallbackInfoReturnable
[076月2026 16:52:16.214] [main/DEBUG] [Implementer/INVENTORY]: Found implemented class net/minecraft/world/level/block/entity/HopperBlockEntity
[076月2026 16:52:16.218] [main/DEBUG] [Implementer/INVENTORY]: Implementing inventory for class org/bukkit/inventory/ItemStack
[076月2026 16:52:16.219] [main/DEBUG] [mixin/]: Mixing CraftItemStackMixin from mixins.arclight.bukkit.json into org.bukkit.craftbukkit.v1_21_R1.inventory.CraftItemStack
[076月2026 16:52:16.220] [main/DEBUG] [mixin/]: Mixing inventory.CraftItemStackMixin from mixins.arclight.bukkit.json into org.bukkit.craftbukkit.v1_21_R1.inventory.CraftItemStack
[076月2026 16:52:16.221] [main/DEBUG] [Implementer/INVENTORY]: Implementing inventory for class org/bukkit/craftbukkit/v1_21_R1/inventory/CraftItemStack
[076月2026 16:52:16.238] [main/DEBUG] [mixin/]: Mixing world.level.block.entity.BannerBlockEntityMixin from mixins.arclight.core.json into net.minecraft.world.level.block.entity.BannerBlockEntity
[076月2026 16:52:16.271] [main/DEBUG] [mixin/]: Mixing world.level.block.entity.TheEndGatewayBlockEntityMixin from mixins.arclight.core.json into net.minecraft.world.level.block.entity.TheEndGatewayBlockEntity
[076月2026 16:52:16.277] [main/DEBUG] [mixin/]: Mixing world.level.block.entity.ShulkerBoxBlockEntityMixin from mixins.arclight.core.json into net.minecraft.world.level.block.entity.ShulkerBoxBlockEntity
[076月2026 16:52:16.279] [main/DEBUG] [mixin/]: mixins.arclight.core.json:world.level.block.entity.ShulkerBoxBlockEntityMixin from mod (unknown)->@Inject::arclight$sound1(Lnet/minecraft/world/entity/player/Player;Lorg/spongepowered/asm/mixin/injection/callback/CallbackInfo;)V does use it's CallbackInfo
[076月2026 16:52:16.279] [main/DEBUG] [mixin/]: mixins.arclight.core.json:world.level.block.entity.ShulkerBoxBlockEntityMixin from mod (unknown)->@Inject::arclight$sound2(Lnet/minecraft/world/entity/player/Player;Lorg/spongepowered/asm/mixin/injection/callback/CallbackInfo;)V does use it's CallbackInfo
[076月2026 16:52:16.279] [main/DEBUG] [Implementer/INVENTORY]: Found implemented class net/minecraft/world/level/block/entity/ShulkerBoxBlockEntity
[076月2026 16:52:16.288] [main/DEBUG] [mixin/]: Mixing world.entity.animal.TurtleMixin from mixins.arclight.core.json into net.minecraft.world.entity.animal.Turtle
[076月2026 16:52:16.290] [main/DEBUG] [mixin/]: mixins.arclight.core.json:world.entity.animal.TurtleMixin from mod (unknown)->@Inject::arclight$forceDrop(Lorg/spongepowered/asm/mixin/injection/callback/CallbackInfo;)V doesn't use it's CallbackInfo
[076月2026 16:52:16.290] [main/DEBUG] [mixin/]: mixins.arclight.core.json:world.entity.animal.TurtleMixin from mod (unknown)->@Inject::arclight$forceDrop(Lorg/spongepowered/asm/mixin/injection/callback/CallbackInfo;)V has 0 override(s) in child classes
[076月2026 16:52:16.290] [main/DEBUG] [mixin/]: mixins.arclight.core.json:world.entity.animal.TurtleMixin from mod (unknown)->@Inject::arclight$forceDrop(Lorg/spongepowered/asm/mixin/injection/callback/CallbackInfo;)V won't be passed a CallbackInfo as a result
[076月2026 16:52:16.290] [main/DEBUG] [mixin/]: mixins.arclight.core.json:world.entity.animal.TurtleMixin from mod (unknown)->@Inject::arclight$forceDropReset(Lorg/spongepowered/asm/mixin/injection/callback/CallbackInfo;)V doesn't use it's CallbackInfo
[076月2026 16:52:16.290] [main/DEBUG] [mixin/]: mixins.arclight.core.json:world.entity.animal.TurtleMixin from mod (unknown)->@Inject::arclight$forceDropReset(Lorg/spongepowered/asm/mixin/injection/callback/CallbackInfo;)V has 0 override(s) in child classes
[076月2026 16:52:16.290] [main/DEBUG] [mixin/]: mixins.arclight.core.json:world.entity.animal.TurtleMixin from mod (unknown)->@Inject::arclight$forceDropReset(Lorg/spongepowered/asm/mixin/injection/callback/CallbackInfo;)V won't be passed a CallbackInfo as a result
[076月2026 16:52:16.292] [main/DEBUG] [mixin/]: Mixing world.entity.animal.AnimalMixin from mixins.arclight.core.json into net.minecraft.world.entity.animal.Animal
[076月2026 16:52:16.292] [main/DEBUG] [mixin/]: Renaming synthetic method lambda$finalizeSpawnChildFromBreeding$1(Lnet/minecraft/world/entity/animal/Animal;Lnet/minecraft/world/entity/AgeableMob;Lnet/minecraft/server/level/ServerPlayer;)V to md93a37e$lambda$finalizeSpawnChildFromBreeding$1$0 in mixins.arclight.core.json:world.entity.animal.AnimalMixin from mod (unknown)
[076月2026 16:52:16.292] [main/DEBUG] [mixin/]: Renaming synthetic method lambda$finalizeSpawnChildFromBreeding$0(Lnet/minecraft/world/entity/animal/Animal;)Ljava/util/Optional; to md93a37e$lambda$finalizeSpawnChildFromBreeding$0$1 in mixins.arclight.core.json:world.entity.animal.AnimalMixin from mod (unknown)
[076月2026 16:52:16.295] [main/DEBUG] [mixin/]: mixins.arclight.core.json:world.entity.animal.AnimalMixin from mod (unknown)->@Inject::arclight$enterLove(Lnet/minecraft/world/entity/player/Player;Lorg/spongepowered/asm/mixin/injection/callback/CallbackInfo;)V does use it's CallbackInfo
[076月2026 16:52:16.295] [main/DEBUG] [mixin/]: mixins.arclight.core.json:world.entity.animal.AnimalMixin from mod (unknown)->@Inject::arclight$inLove(Lnet/minecraft/world/entity/player/Player;Lorg/spongepowered/asm/mixin/injection/callback/CallbackInfo;)V doesn't use it's CallbackInfo
[076月2026 16:52:16.295] [main/DEBUG] [mixin/]: mixins.arclight.core.json:world.entity.animal.AnimalMixin from mod (unknown)->@Inject::arclight$inLove(Lnet/minecraft/world/entity/player/Player;Lorg/spongepowered/asm/mixin/injection/callback/CallbackInfo;)V has 0 override(s) in child classes
[076月2026 16:52:16.295] [main/DEBUG] [mixin/]: mixins.arclight.core.json:world.entity.animal.AnimalMixin from mod (unknown)->@Inject::arclight$inLove(Lnet/minecraft/world/entity/player/Player;Lorg/spongepowered/asm/mixin/injection/callback/CallbackInfo;)V won't be passed a CallbackInfo as a result
[076月2026 16:52:16.295] [main/DEBUG] [mixin/]: mixins.arclight.core.json:world.entity.animal.AnimalMixin from mod (unknown)->@Inject::arclight$reason(Lnet/minecraft/server/level/ServerLevel;Lnet/minecraft/world/entity/animal/Animal;Lorg/spongepowered/asm/mixin/injection/callback/CallbackInfo;)V doesn't use it's CallbackInfo
[076月2026 16:52:16.295] [main/DEBUG] [mixin/]: mixins.arclight.core.json:world.entity.animal.AnimalMixin from mod (unknown)->@Inject::arclight$reason(Lnet/minecraft/server/level/ServerLevel;Lnet/minecraft/world/entity/animal/Animal;Lorg/spongepowered/asm/mixin/injection/callback/CallbackInfo;)V has 0 override(s) in child classes
[076月2026 16:52:16.295] [main/DEBUG] [mixin/]: mixins.arclight.core.json:world.entity.animal.AnimalMixin from mod (unknown)->@Inject::arclight$reason(Lnet/minecraft/server/level/ServerLevel;Lnet/minecraft/world/entity/animal/Animal;Lorg/spongepowered/asm/mixin/injection/callback/CallbackInfo;)V won't be passed a CallbackInfo as a result
[076月2026 16:52:16.296] [main/DEBUG] [mixin/]: Mixing world.entity.AgeableMobMixin from mixins.arclight.core.json into net.minecraft.world.entity.AgeableMob
[076月2026 16:52:16.297] [main/DEBUG] [mixin/]: Mixing activationrange.entity.AgeableMobMixin_ActivationRange from mixins.arclight.impl.optimization.json into net.minecraft.world.entity.AgeableMob
[076月2026 16:52:16.298] [main/DEBUG] [mixin/]: mixins.arclight.core.json:world.entity.AgeableMobMixin from mod (unknown)->@Inject::arclight$writeAgeLocked(Lnet/minecraft/nbt/CompoundTag;Lorg/spongepowered/asm/mixin/injection/callback/CallbackInfo;)V doesn't use it's CallbackInfo
[076月2026 16:52:16.298] [main/DEBUG] [mixin/]: mixins.arclight.core.json:world.entity.AgeableMobMixin from mod (unknown)->@Inject::arclight$writeAgeLocked(Lnet/minecraft/nbt/CompoundTag;Lorg/spongepowered/asm/mixin/injection/callback/CallbackInfo;)V has 0 override(s) in child classes
[076月2026 16:52:16.298] [main/DEBUG] [mixin/]: mixins.arclight.core.json:world.entity.AgeableMobMixin from mod (unknown)->@Inject::arclight$writeAgeLocked(Lnet/minecraft/nbt/CompoundTag;Lorg/spongepowered/asm/mixin/injection/callback/CallbackInfo;)V won't be passed a CallbackInfo as a result
[076月2026 16:52:16.298] [main/DEBUG] [mixin/]: mixins.arclight.core.json:world.entity.AgeableMobMixin from mod (unknown)->@Inject::arclight$readAgeLocked(Lnet/minecraft/nbt/CompoundTag;Lorg/spongepowered/asm/mixin/injection/callback/CallbackInfo;)V doesn't use it's CallbackInfo
[076月2026 16:52:16.298] [main/DEBUG] [mixin/]: mixins.arclight.core.json:world.entity.AgeableMobMixin from mod (unknown)->@Inject::arclight$readAgeLocked(Lnet/minecraft/nbt/CompoundTag;Lorg/spongepowered/asm/mixin/injection/callback/CallbackInfo;)V has 0 override(s) in child classes
[076月2026 16:52:16.298] [main/DEBUG] [mixin/]: mixins.arclight.core.json:world.entity.AgeableMobMixin from mod (unknown)->@Inject::arclight$readAgeLocked(Lnet/minecraft/nbt/CompoundTag;Lorg/spongepowered/asm/mixin/injection/callback/CallbackInfo;)V won't be passed a CallbackInfo as a result
[076月2026 16:52:16.303] [main/DEBUG] [mixin/]: Mixing world.entity.animal.sniffer.SnifferMixin from mixins.arclight.core.json into net.minecraft.world.entity.animal.sniffer.Sniffer
[076月2026 16:52:16.312] [main/DEBUG] [mixin/]: Mixing world.level.block.entity.ConduitBlockEntityMixin from mixins.arclight.core.json into net.minecraft.world.level.block.entity.ConduitBlockEntity
[076月2026 16:52:16.313] [main/DEBUG] [mixin/]: mixins.arclight.core.json:world.level.block.entity.ConduitBlockEntityMixin from mod (unknown)->@Inject::arclight$returnIfNot(Lnet/minecraft/world/level/Level;Lnet/minecraft/core/BlockPos;Lnet/minecraft/world/level/block/state/BlockState;Ljava/util/List;Lnet/minecraft/world/level/block/entity/ConduitBlockEntity;Lorg/spongepowered/asm/mixin/injection/callback/CallbackInfo;)V does use it's CallbackInfo
[076月2026 16:52:16.370] [main/DEBUG] [mixin/]: Mixing world.inventory.LoomMenuMixin from mixins.arclight.core.json into net.minecraft.world.inventory.LoomMenu
[076月2026 16:52:16.371] [main/DEBUG] [mixin/]: mixins.arclight.core.json:world.inventory.LoomMenuMixin from mod (unknown)->@Inject::arclight$init(ILnet/minecraft/world/entity/player/Inventory;Lnet/minecraft/world/inventory/ContainerLevelAccess;Lorg/spongepowered/asm/mixin/injection/callback/CallbackInfo;)V doesn't use it's CallbackInfo
[076月2026 16:52:16.371] [main/DEBUG] [mixin/]: mixins.arclight.core.json:world.inventory.LoomMenuMixin from mod (unknown)->@Inject::arclight$init(ILnet/minecraft/world/entity/player/Inventory;Lnet/minecraft/world/inventory/ContainerLevelAccess;Lorg/spongepowered/asm/mixin/injection/callback/CallbackInfo;)V has 0 override(s) in child classes
[076月2026 16:52:16.371] [main/DEBUG] [mixin/]: mixins.arclight.core.json:world.inventory.LoomMenuMixin from mod (unknown)->@Inject::arclight$init(ILnet/minecraft/world/entity/player/Inventory;Lnet/minecraft/world/inventory/ContainerLevelAccess;Lorg/spongepowered/asm/mixin/injection/callback/CallbackInfo;)V won't be passed a CallbackInfo as a result
[076月2026 16:52:16.371] [main/DEBUG] [mixin/]: mixins.arclight.core.json:world.inventory.LoomMenuMixin from mod (unknown)->@Inject::arclight$unreachable(Lnet/minecraft/world/entity/player/Player;Lorg/spongepowered/asm/mixin/injection/callback/CallbackInfoReturnable;)V does use it's CallbackInfoReturnable
[076月2026 16:52:16.373] [main/DEBUG] [mixin/]: Mixing world.level.block.entity.BarrelBlockEntityMixin from mixins.arclight.core.json into net.minecraft.world.level.block.entity.BarrelBlockEntity
[076月2026 16:52:16.377] [main/DEBUG] [mixin/]: Mixing world.inventory.CartographyTableMenuMixin from mixins.arclight.core.json into net.minecraft.world.inventory.CartographyTableMenu
[076月2026 16:52:16.379] [main/DEBUG] [mixin/]: mixins.arclight.core.json:world.inventory.CartographyTableMenuMixin from mod (unknown)->@Inject::arclight$init(ILnet/minecraft/world/entity/player/Inventory;Lnet/minecraft/world/inventory/ContainerLevelAccess;Lorg/spongepowered/asm/mixin/injection/callback/CallbackInfo;)V doesn't use it's CallbackInfo
[076月2026 16:52:16.379] [main/DEBUG] [mixin/]: mixins.arclight.core.json:world.inventory.CartographyTableMenuMixin from mod (unknown)->@Inject::arclight$init(ILnet/minecraft/world/entity/player/Inventory;Lnet/minecraft/world/inventory/ContainerLevelAccess;Lorg/spongepowered/asm/mixin/injection/callback/CallbackInfo;)V has 0 override(s) in child classes
[076月2026 16:52:16.379] [main/DEBUG] [mixin/]: mixins.arclight.core.json:world.inventory.CartographyTableMenuMixin from mod (unknown)->@Inject::arclight$init(ILnet/minecraft/world/entity/player/Inventory;Lnet/minecraft/world/inventory/ContainerLevelAccess;Lorg/spongepowered/asm/mixin/injection/callback/CallbackInfo;)V won't be passed a CallbackInfo as a result
[076月2026 16:52:16.379] [main/DEBUG] [mixin/]: mixins.arclight.core.json:world.inventory.CartographyTableMenuMixin from mod (unknown)->@Inject::arclight$unreachable(Lnet/minecraft/world/entity/player/Player;Lorg/spongepowered/asm/mixin/injection/callback/CallbackInfoReturnable;)V does use it's CallbackInfoReturnable
[076月2026 16:52:16.381] [main/DEBUG] [mixin/]: Mixing world.inventory.GrindstoneMenuMixin from mixins.arclight.core.json into net.minecraft.world.inventory.GrindstoneMenu
[076月2026 16:52:16.383] [main/DEBUG] [mixin/]: mixins.arclight.core.json:world.inventory.GrindstoneMenuMixin from mod (unknown)->@Inject::arclight$init(ILnet/minecraft/world/entity/player/Inventory;Lnet/minecraft/world/inventory/ContainerLevelAccess;Lorg/spongepowered/asm/mixin/injection/callback/CallbackInfo;)V doesn't use it's CallbackInfo
[076月2026 16:52:16.383] [main/DEBUG] [mixin/]: mixins.arclight.core.json:world.inventory.GrindstoneMenuMixin from mod (unknown)->@Inject::arclight$init(ILnet/minecraft/world/entity/player/Inventory;Lnet/minecraft/world/inventory/ContainerLevelAccess;Lorg/spongepowered/asm/mixin/injection/callback/CallbackInfo;)V has 0 override(s) in child classes
[076月2026 16:52:16.383] [main/DEBUG] [mixin/]: mixins.arclight.core.json:world.inventory.GrindstoneMenuMixin from mod (unknown)->@Inject::arclight$init(ILnet/minecraft/world/entity/player/Inventory;Lnet/minecraft/world/inventory/ContainerLevelAccess;Lorg/spongepowered/asm/mixin/injection/callback/CallbackInfo;)V won't be passed a CallbackInfo as a result
[076月2026 16:52:16.383] [main/DEBUG] [mixin/]: mixins.arclight.core.json:world.inventory.GrindstoneMenuMixin from mod (unknown)->@Inject::arclight$sync(Lorg/spongepowered/asm/mixin/injection/callback/CallbackInfo;)V doesn't use it's CallbackInfo
[076月2026 16:52:16.383] [main/DEBUG] [mixin/]: mixins.arclight.core.json:world.inventory.GrindstoneMenuMixin from mod (unknown)->@Inject::arclight$sync(Lorg/spongepowered/asm/mixin/injection/callback/CallbackInfo;)V has 0 override(s) in child classes
[076月2026 16:52:16.383] [main/DEBUG] [mixin/]: mixins.arclight.core.json:world.inventory.GrindstoneMenuMixin from mod (unknown)->@Inject::arclight$sync(Lorg/spongepowered/asm/mixin/injection/callback/CallbackInfo;)V won't be passed a CallbackInfo as a result
[076月2026 16:52:16.386] [main/DEBUG] [mixin/]: Mixing world.level.block.entity.LecternBlockEntityMixin from mixins.arclight.core.json into net.minecraft.world.level.block.entity.LecternBlockEntity
[076月2026 16:52:16.392] [main/DEBUG] [mixin/]: Mixing world.inventory.SmithingMenuMixin from mixins.arclight.core.json into net.minecraft.world.inventory.SmithingMenu
[076月2026 16:52:16.395] [main/DEBUG] [mixin/]: Mixing world.inventory.StonecutterMenuMixin from mixins.arclight.core.json into net.minecraft.world.inventory.StonecutterMenu
[076月2026 16:52:16.397] [main/DEBUG] [mixin/]: mixins.arclight.core.json:world.inventory.StonecutterMenuMixin from mod (unknown)->@Inject::arclight$init(ILnet/minecraft/world/entity/player/Inventory;Lnet/minecraft/world/inventory/ContainerLevelAccess;Lorg/spongepowered/asm/mixin/injection/callback/CallbackInfo;)V doesn't use it's CallbackInfo
[076月2026 16:52:16.397] [main/DEBUG] [mixin/]: mixins.arclight.core.json:world.inventory.StonecutterMenuMixin from mod (unknown)->@Inject::arclight$init(ILnet/minecraft/world/entity/player/Inventory;Lnet/minecraft/world/inventory/ContainerLevelAccess;Lorg/spongepowered/asm/mixin/injection/callback/CallbackInfo;)V has 0 override(s) in child classes
[076月2026 16:52:16.397] [main/DEBUG] [mixin/]: mixins.arclight.core.json:world.inventory.StonecutterMenuMixin from mod (unknown)->@Inject::arclight$init(ILnet/minecraft/world/entity/player/Inventory;Lnet/minecraft/world/inventory/ContainerLevelAccess;Lorg/spongepowered/asm/mixin/injection/callback/CallbackInfo;)V won't be passed a CallbackInfo as a result
[076月2026 16:52:16.399] [main/DEBUG] [mixin/]: Mixing world.level.block.entity.BellBlockEntityMixin from mixins.arclight.core.json into net.minecraft.world.level.block.entity.BellBlockEntity
[076月2026 16:52:16.400] [main/DEBUG] [mixin/]: Renaming synthetic method lambda$arclight$bellResonate$0(Lnet/minecraft/world/entity/LivingEntity;)Lorg/bukkit/entity/LivingEntity; to md93a37e$lambda$arclight$bellResonate$0$0 in mixins.arclight.core.json:world.level.block.entity.BellBlockEntityMixin from mod (unknown)
[076月2026 16:52:16.404] [main/DEBUG] [mixin/]: Mixing world.level.block.entity.CampfireBlockEntityMixin from mixins.arclight.core.json into net.minecraft.world.level.block.entity.CampfireBlockEntity
[076月2026 16:52:16.406] [main/DEBUG] [mixin/]: mixins.arclight.core.json:world.level.block.entity.CampfireBlockEntityMixin from mod (unknown)->@Inject::arclight$cookStart(Lnet/minecraft/world/entity/LivingEntity;Lnet/minecraft/world/item/ItemStack;ILorg/spongepowered/asm/mixin/injection/callback/CallbackInfoReturnable;I)V doesn't use it's CallbackInfoReturnable
[076月2026 16:52:16.406] [main/DEBUG] [mixin/]: mixins.arclight.core.json:world.level.block.entity.CampfireBlockEntityMixin from mod (unknown)->@Inject::arclight$cookStart(Lnet/minecraft/world/entity/LivingEntity;Lnet/minecraft/world/item/ItemStack;ILorg/spongepowered/asm/mixin/injection/callback/CallbackInfoReturnable;I)V has 0 override(s) in child classes
[076月2026 16:52:16.406] [main/DEBUG] [mixin/]: mixins.arclight.core.json:world.level.block.entity.CampfireBlockEntityMixin from mod (unknown)->@Inject::arclight$cookStart(Lnet/minecraft/world/entity/LivingEntity;Lnet/minecraft/world/item/ItemStack;ILorg/spongepowered/asm/mixin/injection/callback/CallbackInfoReturnable;I)V won't be passed a CallbackInfoReturnable as a result
[076月2026 16:52:16.422] [main/DEBUG] [mixin/]: Mixing world.SimpleContainerMixin from mixins.arclight.core.json into net.minecraft.world.SimpleContainer
[076月2026 16:52:16.425] [main/DEBUG] [mixin/]: Mixing world.level.block.ComposterBlock_InputContainerMixin from mixins.arclight.core.json into net.minecraft.world.level.block.ComposterBlock$InputContainer
[076月2026 16:52:16.426] [main/DEBUG] [mixin/]: mixins.arclight.core.json:world.level.block.ComposterBlock_InputContainerMixin from mod (unknown)->@Inject::arclight$setOwner(Lnet/minecraft/world/level/block/state/BlockState;Lnet/minecraft/world/level/LevelAccessor;Lnet/minecraft/core/BlockPos;Lorg/spongepowered/asm/mixin/injection/callback/CallbackInfo;)V doesn't use it's CallbackInfo
[076月2026 16:52:16.426] [main/DEBUG] [mixin/]: mixins.arclight.core.json:world.level.block.ComposterBlock_InputContainerMixin from mod (unknown)->@Inject::arclight$setOwner(Lnet/minecraft/world/level/block/state/BlockState;Lnet/minecraft/world/level/LevelAccessor;Lnet/minecraft/core/BlockPos;Lorg/spongepowered/asm/mixin/injection/callback/CallbackInfo;)V has 0 override(s) in child classes
[076月2026 16:52:16.426] [main/DEBUG] [mixin/]: mixins.arclight.core.json:world.level.block.ComposterBlock_InputContainerMixin from mod (unknown)->@Inject::arclight$setOwner(Lnet/minecraft/world/level/block/state/BlockState;Lnet/minecraft/world/level/LevelAccessor;Lnet/minecraft/core/BlockPos;Lorg/spongepowered/asm/mixin/injection/callback/CallbackInfo;)V won't be passed a CallbackInfo as a result
[076月2026 16:52:16.426] [main/DEBUG] [Implementer/INVENTORY]: Implementing inventory for class net/minecraft/world/level/block/ComposterBlock$InputContainer
[076月2026 16:52:16.427] [main/DEBUG] [mixin/]: Mixing world.level.block.ComposterBlock_EmptyContainerMixin from mixins.arclight.core.json into net.minecraft.world.level.block.ComposterBlock$EmptyContainer
[076月2026 16:52:16.434] [main/DEBUG] [mixin/]: Mixing world.level.block.entity.BeehiveBlockEntityMixin from mixins.arclight.core.json into net.minecraft.world.level.block.entity.BeehiveBlockEntity
[076月2026 16:52:16.434] [main/DEBUG] [mixin/]: Renaming synthetic method lambda$releaseBees$0(Lnet/minecraft/world/level/block/state/BlockState;Ljava/util/List;Lnet/minecraft/world/level/block/entity/BeehiveBlockEntity$BeeReleaseStatus;ZLnet/minecraft/world/level/block/entity/BeehiveBlockEntity$BeeData;)Z to md93a37e$lambda$releaseBees$0$0 in mixins.arclight.core.json:world.level.block.entity.BeehiveBlockEntityMixin from mod (unknown)
[076月2026 16:52:16.438] [main/DEBUG] [mixin/]: mixins.arclight.core.json:world.level.block.entity.BeehiveBlockEntityMixin from mod (unknown)->@Inject::arclight$beeEnterBlock(Lnet/minecraft/world/entity/Entity;Lorg/spongepowered/asm/mixin/injection/callback/CallbackInfo;)V does use it's CallbackInfo
[076月2026 16:52:16.438] [main/DEBUG] [mixin/]: mixins.arclight.core.json:world.level.block.entity.BeehiveBlockEntityMixin from mod (unknown)->@Inject::arclight$enterBlockCause(Lnet/minecraft/world/entity/Entity;Lorg/spongepowered/asm/mixin/injection/callback/CallbackInfo;)V doesn't use it's CallbackInfo
[076月2026 16:52:16.438] [main/DEBUG] [mixin/]: mixins.arclight.core.json:world.level.block.entity.BeehiveBlockEntityMixin from mod (unknown)->@Inject::arclight$enterBlockCause(Lnet/minecraft/world/entity/Entity;Lorg/spongepowered/asm/mixin/injection/callback/CallbackInfo;)V has 0 override(s) in child classes
[076月2026 16:52:16.438] [main/DEBUG] [mixin/]: mixins.arclight.core.json:world.level.block.entity.BeehiveBlockEntityMixin from mod (unknown)->@Inject::arclight$enterBlockCause(Lnet/minecraft/world/entity/Entity;Lorg/spongepowered/asm/mixin/injection/callback/CallbackInfo;)V won't be passed a CallbackInfo as a result
[076月2026 16:52:16.438] [main/DEBUG] [mixin/]: mixins.arclight.core.json:world.level.block.entity.BeehiveBlockEntityMixin from mod (unknown)->@Inject::arclight$readMax(Lnet/minecraft/nbt/CompoundTag;Lnet/minecraft/core/HolderLookup$Provider;Lorg/spongepowered/asm/mixin/injection/callback/CallbackInfo;)V doesn't use it's CallbackInfo
[076月2026 16:52:16.438] [main/DEBUG] [mixin/]: mixins.arclight.core.json:world.level.block.entity.BeehiveBlockEntityMixin from mod (unknown)->@Inject::arclight$readMax(Lnet/minecraft/nbt/CompoundTag;Lnet/minecraft/core/HolderLookup$Provider;Lorg/spongepowered/asm/mixin/injection/callback/CallbackInfo;)V has 0 override(s) in child classes
[076月2026 16:52:16.438] [main/DEBUG] [mixin/]: mixins.arclight.core.json:world.level.block.entity.BeehiveBlockEntityMixin from mod (unknown)->@Inject::arclight$readMax(Lnet/minecraft/nbt/CompoundTag;Lnet/minecraft/core/HolderLookup$Provider;Lorg/spongepowered/asm/mixin/injection/callback/CallbackInfo;)V won't be passed a CallbackInfo as a result
[076月2026 16:52:16.438] [main/DEBUG] [mixin/]: mixins.arclight.core.json:world.level.block.entity.BeehiveBlockEntityMixin from mod (unknown)->@Inject::arclight$writeMax(Lnet/minecraft/nbt/CompoundTag;Lnet/minecraft/core/HolderLookup$Provider;Lorg/spongepowered/asm/mixin/injection/callback/CallbackInfo;)V doesn't use it's CallbackInfo
[076月2026 16:52:16.438] [main/DEBUG] [mixin/]: mixins.arclight.core.json:world.level.block.entity.BeehiveBlockEntityMixin from mod (unknown)->@Inject::arclight$writeMax(Lnet/minecraft/nbt/CompoundTag;Lnet/minecraft/core/HolderLookup$Provider;Lorg/spongepowered/asm/mixin/injection/callback/CallbackInfo;)V has 0 override(s) in child classes
[076月2026 16:52:16.438] [main/DEBUG] [mixin/]: mixins.arclight.core.json:world.level.block.entity.BeehiveBlockEntityMixin from mod (unknown)->@Inject::arclight$writeMax(Lnet/minecraft/nbt/CompoundTag;Lnet/minecraft/core/HolderLookup$Provider;Lorg/spongepowered/asm/mixin/injection/callback/CallbackInfo;)V won't be passed a CallbackInfo as a result
[076月2026 16:52:16.497] [main/DEBUG] [mixin/]: Mixing world.level.block.entity.SculkCatalystBlockEntityMixin from mixins.arclight.core.json into net.minecraft.world.level.block.entity.SculkCatalystBlockEntity
[076月2026 16:52:16.498] [main/DEBUG] [mixin/]: mixins.arclight.core.json:world.level.block.entity.SculkCatalystBlockEntityMixin from mod (unknown)->@Inject::arclight$overrideSource(Lnet/minecraft/world/level/Level;Lnet/minecraft/core/BlockPos;Lnet/minecraft/world/level/block/state/BlockState;Lnet/minecraft/world/level/block/entity/SculkCatalystBlockEntity;Lorg/spongepowered/asm/mixin/injection/callback/CallbackInfo;)V doesn't use it's CallbackInfo
[076月2026 16:52:16.498] [main/DEBUG] [mixin/]: mixins.arclight.core.json:world.level.block.entity.SculkCatalystBlockEntityMixin from mod (unknown)->@Inject::arclight$resetSource(Lnet/minecraft/world/level/Level;Lnet/minecraft/core/BlockPos;Lnet/minecraft/world/level/block/state/BlockState;Lnet/minecraft/world/level/block/entity/SculkCatalystBlockEntity;Lorg/spongepowered/asm/mixin/injection/callback/CallbackInfo;)V doesn't use it's CallbackInfo
[076月2026 16:52:16.501] [main/DEBUG] [mixin/]: Mixing server.level.ServerPlayerMixin from mixins.arclight.core.json into net.minecraft.server.level.ServerPlayer
[076月2026 16:52:16.519] [main/DEBUG] [mixin/]: Renaming synthetic method lambda$getBedResult$3(Lnet/minecraft/world/entity/monster/Monster;)Z to md93a37e$lambda$getBedResult$3$0 in mixins.arclight.core.json:server.level.ServerPlayerMixin from mod (unknown)
[076月2026 16:52:16.519] [main/DEBUG] [mixin/]: Renaming synthetic method lambda$arclight$setAnchorSpawn$2(Lnet/minecraft/server/level/ServerPlayer$RespawnPosAngle;)V to md93a37e$lambda$arclight$setAnchorSpawn$2$1 in mixins.arclight.core.json:server.level.ServerPlayerMixin from mod (unknown)
[076月2026 16:52:16.519] [main/DEBUG] [mixin/]: Renaming synthetic method lambda$arclight$setBedSpawn$1(Lnet/minecraft/server/level/ServerPlayer$RespawnPosAngle;)V to md93a37e$lambda$arclight$setBedSpawn$1$2 in mixins.arclight.core.json:server.level.ServerPlayerMixin from mod (unknown)
[076月2026 16:52:16.520] [main/DEBUG] [mixin/]: Renaming synthetic method lambda$resendItemInHands$0(I)V to md93a37e$lambda$resendItemInHands$0$3 in mixins.arclight.core.json:server.level.ServerPlayerMixin from mod (unknown)
[076月2026 16:52:16.549] [main/DEBUG] [mixin/]: Mixing core.server.level.ServerPlayerMixin_NeoForge from mixins.arclight.neoforge.json into net.minecraft.server.level.ServerPlayer
[076月2026 16:52:16.550] [main/DEBUG] [mixin/]: Mixing network.ServerPlayerMixin_Optimize from mixins.arclight.impl.optimization.json into net.minecraft.server.level.ServerPlayer
[076月2026 16:52:16.587] [main/DEBUG] [mixin/]: mixins.arclight.core.json:server.level.ServerPlayerMixin from mod (unknown)->@Inject::arclight$init(Lorg/spongepowered/asm/mixin/injection/callback/CallbackInfo;)V doesn't use it's CallbackInfo
[076月2026 16:52:16.587] [main/DEBUG] [mixin/]: mixins.arclight.core.json:server.level.ServerPlayerMixin from mod (unknown)->@Inject::arclight$init(Lorg/spongepowered/asm/mixin/injection/callback/CallbackInfo;)V has 0 override(s) in child classes
[076月2026 16:52:16.587] [main/DEBUG] [mixin/]: mixins.arclight.core.json:server.level.ServerPlayerMixin from mod (unknown)->@Inject::arclight$init(Lorg/spongepowered/asm/mixin/injection/callback/CallbackInfo;)V won't be passed a CallbackInfo as a result
[076月2026 16:52:16.587] [main/DEBUG] [mixin/]: mixins.arclight.core.json:server.level.ServerPlayerMixin from mod (unknown)->@Inject::arclight$readExtra(Lnet/minecraft/nbt/CompoundTag;Lorg/spongepowered/asm/mixin/injection/callback/CallbackInfo;)V doesn't use it's CallbackInfo
[076月2026 16:52:16.587] [main/DEBUG] [mixin/]: mixins.arclight.core.json:server.level.ServerPlayerMixin from mod (unknown)->@Inject::arclight$readExtra(Lnet/minecraft/nbt/CompoundTag;Lorg/spongepowered/asm/mixin/injection/callback/CallbackInfo;)V has 0 override(s) in child classes
[076月2026 16:52:16.587] [main/DEBUG] [mixin/]: mixins.arclight.core.json:server.level.ServerPlayerMixin from mod (unknown)->@Inject::arclight$readExtra(Lnet/minecraft/nbt/CompoundTag;Lorg/spongepowered/asm/mixin/injection/callback/CallbackInfo;)V won't be passed a CallbackInfo as a result
[076月2026 16:52:16.588] [main/DEBUG] [mixin/]: mixins.arclight.core.json:server.level.ServerPlayerMixin from mod (unknown)->@Inject::arclight$writeExtra(Lnet/minecraft/nbt/CompoundTag;Lorg/spongepowered/asm/mixin/injection/callback/CallbackInfo;)V doesn't use it's CallbackInfo
[076月2026 16:52:16.588] [main/DEBUG] [mixin/]: mixins.arclight.core.json:server.level.ServerPlayerMixin from mod (unknown)->@Inject::arclight$writeExtra(Lnet/minecraft/nbt/CompoundTag;Lorg/spongepowered/asm/mixin/injection/callback/CallbackInfo;)V has 0 override(s) in child classes
[076月2026 16:52:16.588] [main/DEBUG] [mixin/]: mixins.arclight.core.json:server.level.ServerPlayerMixin from mod (unknown)->@Inject::arclight$writeExtra(Lnet/minecraft/nbt/CompoundTag;Lorg/spongepowered/asm/mixin/injection/callback/CallbackInfo;)V won't be passed a CallbackInfo as a result
[076月2026 16:52:16.588] [main/DEBUG] [mixin/]: mixins.arclight.core.json:server.level.ServerPlayerMixin from mod (unknown)->@Inject::arclight$joining(Lorg/spongepowered/asm/mixin/injection/callback/CallbackInfo;)V doesn't use it's CallbackInfo
[076月2026 16:52:16.588] [main/DEBUG] [mixin/]: mixins.arclight.core.json:server.level.ServerPlayerMixin from mod (unknown)->@Inject::arclight$joining(Lorg/spongepowered/asm/mixin/injection/callback/CallbackInfo;)V has 0 override(s) in child classes
[076月2026 16:52:16.588] [main/DEBUG] [mixin/]: mixins.arclight.core.json:server.level.ServerPlayerMixin from mod (unknown)->@Inject::arclight$joining(Lorg/spongepowered/asm/mixin/injection/callback/CallbackInfo;)V won't be passed a CallbackInfo as a result
[076月2026 16:52:16.588] [main/DEBUG] [mixin/]: mixins.arclight.core.json:server.level.ServerPlayerMixin from mod (unknown)->@Inject::arclight$updateHealthAndExp(Lorg/spongepowered/asm/mixin/injection/callback/CallbackInfo;)V doesn't use it's CallbackInfo
[076月2026 16:52:16.588] [main/DEBUG] [mixin/]: mixins.arclight.core.json:server.level.ServerPlayerMixin from mod (unknown)->@Inject::arclight$updateHealthAndExp(Lorg/spongepowered/asm/mixin/injection/callback/CallbackInfo;)V has 0 override(s) in child classes
[076月2026 16:52:16.588] [main/DEBUG] [mixin/]: mixins.arclight.core.json:server.level.ServerPlayerMixin from mod (unknown)->@Inject::arclight$updateHealthAndExp(Lorg/spongepowered/asm/mixin/injection/callback/CallbackInfo;)V won't be passed a CallbackInfo as a result
[076月2026 16:52:16.588] [main/DEBUG] [mixin/]: mixins.arclight.core.json:server.level.ServerPlayerMixin from mod (unknown)->@Inject::arclight$pvpMode(Lorg/spongepowered/asm/mixin/injection/callback/CallbackInfoReturnable;)V does use it's CallbackInfoReturnable
[076月2026 16:52:16.588] [main/DEBUG] [mixin/]: mixins.arclight.core.json:server.level.ServerPlayerMixin from mod (unknown)->@Inject::arclight$setBedSpawn(Lnet/minecraft/server/level/ServerLevel;Lnet/minecraft/core/BlockPos;FZZLorg/spongepowered/asm/mixin/injection/callback/CallbackInfoReturnable;)V does use it's CallbackInfoReturnable
[076月2026 16:52:16.588] [main/DEBUG] [mixin/]: mixins.arclight.core.json:server.level.ServerPlayerMixin from mod (unknown)->@Inject::arclight$setAnchorSpawn(Lnet/minecraft/server/level/ServerLevel;Lnet/minecraft/core/BlockPos;FZZLorg/spongepowered/asm/mixin/injection/callback/CallbackInfoReturnable;)V does use it's CallbackInfoReturnable
[076月2026 16:52:16.589] [main/DEBUG] [mixin/]: mixins.arclight.core.json:server.level.ServerPlayerMixin from mod (unknown)->@Inject::arclight$forwardReason(Lnet/minecraft/server/level/ServerLevel;DDDLjava/util/Set;FFLorg/spongepowered/asm/mixin/injection/callback/CallbackInfoReturnable;)V doesn't use it's CallbackInfoReturnable
[076月2026 16:52:16.589] [main/DEBUG] [mixin/]: mixins.arclight.core.json:server.level.ServerPlayerMixin from mod (unknown)->@Inject::arclight$forwardReason(Lnet/minecraft/server/level/ServerLevel;DDDLjava/util/Set;FFLorg/spongepowered/asm/mixin/injection/callback/CallbackInfoReturnable;)V has 0 override(s) in child classes
[076月2026 16:52:16.589] [main/DEBUG] [mixin/]: mixins.arclight.core.json:server.level.ServerPlayerMixin from mod (unknown)->@Inject::arclight$forwardReason(Lnet/minecraft/server/level/ServerLevel;DDDLjava/util/Set;FFLorg/spongepowered/asm/mixin/injection/callback/CallbackInfoReturnable;)V won't be passed a CallbackInfoReturnable as a result
[076月2026 16:52:16.589] [main/DEBUG] [mixin/]: mixins.arclight.core.json:server.level.ServerPlayerMixin from mod (unknown)->@Inject::arclight$cancelledTeleport(Lnet/minecraft/world/level/portal/DimensionTransition;Lorg/spongepowered/asm/mixin/injection/callback/CallbackInfoReturnable;)V does use it's CallbackInfoReturnable
[076月2026 16:52:16.589] [main/DEBUG] [mixin/]: mixins.arclight.core.json:server.level.ServerPlayerMixin from mod (unknown)->@Inject::arclight$wakeupOutBed(ZZLorg/spongepowered/asm/mixin/injection/callback/CallbackInfo;)V does use it's CallbackInfo
[076月2026 16:52:16.589] [main/DEBUG] [mixin/]: mixins.arclight.core.json:server.level.ServerPlayerMixin from mod (unknown)->@Inject::arclight$invClose(Lorg/spongepowered/asm/mixin/injection/callback/CallbackInfo;)V doesn't use it's CallbackInfo
[076月2026 16:52:16.589] [main/DEBUG] [mixin/]: mixins.arclight.core.json:server.level.ServerPlayerMixin from mod (unknown)->@Inject::arclight$invClose(Lorg/spongepowered/asm/mixin/injection/callback/CallbackInfo;)V has 0 override(s) in child classes
[076月2026 16:52:16.589] [main/DEBUG] [mixin/]: mixins.arclight.core.json:server.level.ServerPlayerMixin from mod (unknown)->@Inject::arclight$invClose(Lorg/spongepowered/asm/mixin/injection/callback/CallbackInfo;)V won't be passed a CallbackInfo as a result
[076月2026 16:52:16.589] [main/DEBUG] [mixin/]: mixins.arclight.core.json:server.level.ServerPlayerMixin from mod (unknown)->@Inject::arclight$toggleSneak(FFZZLorg/spongepowered/asm/mixin/injection/callback/CallbackInfo;)V does use it's CallbackInfo
[076月2026 16:52:16.589] [main/DEBUG] [mixin/]: mixins.arclight.core.json:server.level.ServerPlayerMixin from mod (unknown)->@Inject::arclight$setExpUpdate(Lorg/spongepowered/asm/mixin/injection/callback/CallbackInfo;)V doesn't use it's CallbackInfo
[076月2026 16:52:16.589] [main/DEBUG] [mixin/]: mixins.arclight.core.json:server.level.ServerPlayerMixin from mod (unknown)->@Inject::arclight$setExpUpdate(Lorg/spongepowered/asm/mixin/injection/callback/CallbackInfo;)V has 0 override(s) in child classes
[076月2026 16:52:16.589] [main/DEBUG] [mixin/]: mixins.arclight.core.json:server.level.ServerPlayerMixin from mod (unknown)->@Inject::arclight$setExpUpdate(Lorg/spongepowered/asm/mixin/injection/callback/CallbackInfo;)V won't be passed a CallbackInfo as a result
[076月2026 16:52:16.589] [main/DEBUG] [mixin/]: mixins.arclight.core.json:server.level.ServerPlayerMixin from mod (unknown)->@Inject::arclight$settingChange(Lnet/minecraft/server/level/ClientInformation;Lorg/spongepowered/asm/mixin/injection/callback/CallbackInfo;)V doesn't use it's CallbackInfo
[076月2026 16:52:16.589] [main/DEBUG] [mixin/]: mixins.arclight.core.json:server.level.ServerPlayerMixin from mod (unknown)->@Inject::arclight$settingChange(Lnet/minecraft/server/level/ClientInformation;Lorg/spongepowered/asm/mixin/injection/callback/CallbackInfo;)V has 0 override(s) in child classes
[076月2026 16:52:16.589] [main/DEBUG] [mixin/]: mixins.arclight.core.json:server.level.ServerPlayerMixin from mod (unknown)->@Inject::arclight$settingChange(Lnet/minecraft/server/level/ClientInformation;Lorg/spongepowered/asm/mixin/injection/callback/CallbackInfo;)V won't be passed a CallbackInfo as a result
[076月2026 16:52:16.589] [main/DEBUG] [mixin/]: mixins.arclight.core.json:server.level.ServerPlayerMixin from mod (unknown)->@Inject::arclight$spectatorReason(Lnet/minecraft/world/entity/Entity;Lorg/spongepowered/asm/mixin/injection/callback/CallbackInfo;)V doesn't use it's CallbackInfo
[076月2026 16:52:16.589] [main/DEBUG] [mixin/]: mixins.arclight.core.json:server.level.ServerPlayerMixin from mod (unknown)->@Inject::arclight$spectatorReason(Lnet/minecraft/world/entity/Entity;Lorg/spongepowered/asm/mixin/injection/callback/CallbackInfo;)V has 0 override(s) in child classes
[076月2026 16:52:16.589] [main/DEBUG] [mixin/]: mixins.arclight.core.json:server.level.ServerPlayerMixin from mod (unknown)->@Inject::arclight$spectatorReason(Lnet/minecraft/world/entity/Entity;Lorg/spongepowered/asm/mixin/injection/callback/CallbackInfo;)V won't be passed a CallbackInfo as a result
[076月2026 16:52:16.589] [main/DEBUG] [mixin/]: mixins.arclight.core.json:server.level.ServerPlayerMixin from mod (unknown)->@Inject::arclight$bukkitListName(Lorg/spongepowered/asm/mixin/injection/callback/CallbackInfoReturnable;)V does use it's CallbackInfoReturnable
[076月2026 16:52:16.589] [main/DEBUG] [mixin/]: mixins.arclight.core.json:server.level.ServerPlayerMixin from mod (unknown)->@Inject::arclight$handleBy(Lnet/minecraft/server/level/ServerLevel;DDDFFLorg/spongepowered/asm/mixin/injection/callback/CallbackInfo;)V does use it's CallbackInfo
[076月2026 16:52:16.589] [main/DEBUG] [mixin/]: mixins.arclight.core.json:server.level.ServerPlayerMixin from mod (unknown)->@Inject::arclight$exhauseCause1(DDDLorg/spongepowered/asm/mixin/injection/callback/CallbackInfo;)V doesn't use it's CallbackInfo
[076月2026 16:52:16.589] [main/DEBUG] [mixin/]: mixins.arclight.core.json:server.level.ServerPlayerMixin from mod (unknown)->@Inject::arclight$exhauseCause1(DDDLorg/spongepowered/asm/mixin/injection/callback/CallbackInfo;)V has 0 override(s) in child classes
[076月2026 16:52:16.589] [main/DEBUG] [mixin/]: mixins.arclight.core.json:server.level.ServerPlayerMixin from mod (unknown)->@Inject::arclight$exhauseCause1(DDDLorg/spongepowered/asm/mixin/injection/callback/CallbackInfo;)V won't be passed a CallbackInfo as a result
[076月2026 16:52:16.589] [main/DEBUG] [mixin/]: mixins.arclight.core.json:server.level.ServerPlayerMixin from mod (unknown)->@Inject::arclight$exhauseCause2(DDDLorg/spongepowered/asm/mixin/injection/callback/CallbackInfo;)V doesn't use it's CallbackInfo
[076月2026 16:52:16.589] [main/DEBUG] [mixin/]: mixins.arclight.core.json:server.level.ServerPlayerMixin from mod (unknown)->@Inject::arclight$exhauseCause2(DDDLorg/spongepowered/asm/mixin/injection/callback/CallbackInfo;)V has 0 override(s) in child classes
[076月2026 16:52:16.590] [main/DEBUG] [mixin/]: mixins.arclight.core.json:server.level.ServerPlayerMixin from mod (unknown)->@Inject::arclight$exhauseCause2(DDDLorg/spongepowered/asm/mixin/injection/callback/CallbackInfo;)V won't be passed a CallbackInfo as a result
[076月2026 16:52:16.590] [main/DEBUG] [mixin/]: mixins.arclight.core.json:server.level.ServerPlayerMixin from mod (unknown)->@Inject::arclight$exhauseCause3(DDDLorg/spongepowered/asm/mixin/injection/callback/CallbackInfo;)V doesn't use it's CallbackInfo
[076月2026 16:52:16.590] [main/DEBUG] [mixin/]: mixins.arclight.core.json:server.level.ServerPlayerMixin from mod (unknown)->@Inject::arclight$exhauseCause3(DDDLorg/spongepowered/asm/mixin/injection/callback/CallbackInfo;)V has 0 override(s) in child classes
[076月2026 16:52:16.590] [main/DEBUG] [mixin/]: mixins.arclight.core.json:server.level.ServerPlayerMixin from mod (unknown)->@Inject::arclight$exhauseCause3(DDDLorg/spongepowered/asm/mixin/injection/callback/CallbackInfo;)V won't be passed a CallbackInfo as a result
[076月2026 16:52:16.590] [main/DEBUG] [mixin/]: mixins.arclight.core.json:server.level.ServerPlayerMixin from mod (unknown)->@Inject::arclight$exhauseCause4(DDDLorg/spongepowered/asm/mixin/injection/callback/CallbackInfo;)V doesn't use it's CallbackInfo
[076月2026 16:52:16.590] [main/DEBUG] [mixin/]: mixins.arclight.core.json:server.level.ServerPlayerMixin from mod (unknown)->@Inject::arclight$exhauseCause4(DDDLorg/spongepowered/asm/mixin/injection/callback/CallbackInfo;)V has 0 override(s) in child classes
[076月2026 16:52:16.590] [main/DEBUG] [mixin/]: mixins.arclight.core.json:server.level.ServerPlayerMixin from mod (unknown)->@Inject::arclight$exhauseCause4(DDDLorg/spongepowered/asm/mixin/injection/callback/CallbackInfo;)V won't be passed a CallbackInfo as a result
[076月2026 16:52:16.590] [main/DEBUG] [mixin/]: mixins.arclight.core.json:server.level.ServerPlayerMixin from mod (unknown)->@Inject::arclight$exhauseCause5(DDDLorg/spongepowered/asm/mixin/injection/callback/CallbackInfo;)V doesn't use it's CallbackInfo
[076月2026 16:52:16.590] [main/DEBUG] [mixin/]: mixins.arclight.core.json:server.level.ServerPlayerMixin from mod (unknown)->@Inject::arclight$exhauseCause5(DDDLorg/spongepowered/asm/mixin/injection/callback/CallbackInfo;)V has 0 override(s) in child classes
[076月2026 16:52:16.590] [main/DEBUG] [mixin/]: mixins.arclight.core.json:server.level.ServerPlayerMixin from mod (unknown)->@Inject::arclight$exhauseCause5(DDDLorg/spongepowered/asm/mixin/injection/callback/CallbackInfo;)V won't be passed a CallbackInfo as a result
[076月2026 16:52:16.590] [main/DEBUG] [mixin/]: mixins.arclight.core.json:server.level.ServerPlayerMixin from mod (unknown)->@Inject::arclight$exhauseCause6(DDDLorg/spongepowered/asm/mixin/injection/callback/CallbackInfo;)V doesn't use it's CallbackInfo
[076月2026 16:52:16.590] [main/DEBUG] [mixin/]: mixins.arclight.core.json:server.level.ServerPlayerMixin from mod (unknown)->@Inject::arclight$exhauseCause6(DDDLorg/spongepowered/asm/mixin/injection/callback/CallbackInfo;)V has 0 override(s) in child classes
[076月2026 16:52:16.590] [main/DEBUG] [mixin/]: mixins.arclight.core.json:server.level.ServerPlayerMixin from mod (unknown)->@Inject::arclight$exhauseCause6(DDDLorg/spongepowered/asm/mixin/injection/callback/CallbackInfo;)V won't be passed a CallbackInfo as a result
[076月2026 16:52:16.590] [main/DEBUG] [mixin/]: mixins.arclight.core.json:server.level.ServerPlayerMixin from mod (unknown)->@Inject::arclight$restoreFrom(Lnet/minecraft/server/level/ServerPlayer;ZLorg/spongepowered/asm/mixin/injection/callback/CallbackInfo;)V doesn't use it's CallbackInfo
[076月2026 16:52:16.590] [main/DEBUG] [mixin/]: mixins.arclight.core.json:server.level.ServerPlayerMixin from mod (unknown)->@Inject::arclight$restoreFrom(Lnet/minecraft/server/level/ServerPlayer;ZLorg/spongepowered/asm/mixin/injection/callback/CallbackInfo;)V has 0 override(s) in child classes
[076月2026 16:52:16.590] [main/DEBUG] [mixin/]: mixins.arclight.core.json:server.level.ServerPlayerMixin from mod (unknown)->@Inject::arclight$restoreFrom(Lnet/minecraft/server/level/ServerPlayer;ZLorg/spongepowered/asm/mixin/injection/callback/CallbackInfo;)V won't be passed a CallbackInfo as a result
[076月2026 16:52:16.590] [main/DEBUG] [mixin/]: mixins.arclight.neoforge.json:core.server.level.ServerPlayerMixin_NeoForge from mod (unknown)->@Inject::arclight$bedCause(Lnet/minecraft/core/BlockPos;Lorg/spongepowered/asm/mixin/injection/callback/CallbackInfoReturnable;)V doesn't use it's CallbackInfoReturnable
[076月2026 16:52:16.590] [main/DEBUG] [mixin/]: mixins.arclight.neoforge.json:core.server.level.ServerPlayerMixin_NeoForge from mod (unknown)->@Inject::arclight$bedCause(Lnet/minecraft/core/BlockPos;Lorg/spongepowered/asm/mixin/injection/callback/CallbackInfoReturnable;)V has 0 override(s) in child classes
[076月2026 16:52:16.590] [main/DEBUG] [mixin/]: mixins.arclight.neoforge.json:core.server.level.ServerPlayerMixin_NeoForge from mod (unknown)->@Inject::arclight$bedCause(Lnet/minecraft/core/BlockPos;Lorg/spongepowered/asm/mixin/injection/callback/CallbackInfoReturnable;)V won't be passed a CallbackInfoReturnable as a result
[076月2026 16:52:16.644] [main/DEBUG] [mixin/]: Mixing world.entity.animal.frog.TadpoleMixin from mixins.arclight.core.json into net.minecraft.world.entity.animal.frog.Tadpole
[076月2026 16:52:16.644] [main/DEBUG] [mixin/]: Mixing core.world.entity.animal.frog.TadpoleMixin_NeoForge from mixins.arclight.neoforge.json into net.minecraft.world.entity.animal.frog.Tadpole
[076月2026 16:52:16.646] [main/DEBUG] [mixin/]: mixins.arclight.core.json:world.entity.animal.frog.TadpoleMixin from mod (unknown)->@Inject::arclight$ageUp(Lorg/spongepowered/asm/mixin/injection/callback/CallbackInfo;)V doesn't use it's CallbackInfo
[076月2026 16:52:16.646] [main/DEBUG] [mixin/]: mixins.arclight.core.json:world.entity.animal.frog.TadpoleMixin from mod (unknown)->@Inject::arclight$ageUp(Lorg/spongepowered/asm/mixin/injection/callback/CallbackInfo;)V has 0 override(s) in child classes
[076月2026 16:52:16.646] [main/DEBUG] [mixin/]: mixins.arclight.core.json:world.entity.animal.frog.TadpoleMixin from mod (unknown)->@Inject::arclight$ageUp(Lorg/spongepowered/asm/mixin/injection/callback/CallbackInfo;)V won't be passed a CallbackInfo as a result
[076月2026 16:52:16.647] [main/DEBUG] [mixin/]: Mixing world.entity.animal.BucketableMixin from mixins.arclight.core.json into net.minecraft.world.entity.animal.Bucketable
[076月2026 16:52:16.651] [main/DEBUG] [mixin/]: Mixing world.level.block.entity.DecoratedPotBlockEntityMixin from mixins.arclight.core.json into net.minecraft.world.level.block.entity.DecoratedPotBlockEntity
[076月2026 16:52:16.653] [main/DEBUG] [mixin/]: Mixing world.level.block.entity.CrafterBlockEntityMixin from mixins.arclight.core.json into net.minecraft.world.level.block.entity.CrafterBlockEntity
[076月2026 16:52:16.654] [main/DEBUG] [Implementer/INVENTORY]: Found implemented class net/minecraft/world/level/block/entity/CrafterBlockEntity
[076月2026 16:52:16.654] [main/DEBUG] [mixin/]: Mixing world.inventory.CraftingContainerMixin from mixins.arclight.core.json into net.minecraft.world.inventory.CraftingContainer
[076月2026 16:52:16.668] [main/DEBUG] [Implementer/SWITCH_TABLE]: Candidate switch enum method <clinit>()V class net/minecraft/network/chat/Style$1
[076月2026 16:52:16.718] [main/DEBUG] [Implementer/SWITCH_TABLE]: Candidate switch enum method <clinit>()V class net/minecraft/world/level/block/BedBlock$1
[076月2026 16:52:16.738] [main/DEBUG] [Implementer/SWITCH_TABLE]: Candidate switch enum method <clinit>()V class net/minecraft/world/level/block/piston/PistonBaseBlock$1
[076月2026 16:52:16.762] [main/DEBUG] [Implementer/SWITCH_TABLE]: Candidate switch enum method <clinit>()V class net/minecraft/world/level/block/ChestBlock$4
[076月2026 16:52:16.772] [main/DEBUG] [Implementer/SWITCH_TABLE]: Candidate switch enum method <clinit>()V class net/minecraft/world/level/block/DoorBlock$1
[076月2026 16:52:16.775] [main/DEBUG] [Implementer/SWITCH_TABLE]: Candidate switch enum method <clinit>()V class net/minecraft/world/level/block/LadderBlock$1
[076月2026 16:52:16.786] [main/DEBUG] [Implementer/SWITCH_TABLE]: Candidate switch enum method <clinit>()V class net/minecraft/world/level/block/WallHangingSignBlock$1
[076月2026 16:52:16.788] [main/DEBUG] [Implementer/SWITCH_TABLE]: Candidate switch enum method <clinit>()V class net/minecraft/world/level/block/LeverBlock$1
[076月2026 16:52:16.790] [main/DEBUG] [Implementer/SWITCH_TABLE]: Candidate switch enum method <clinit>()V class net/minecraft/world/level/block/ButtonBlock$1
[076月2026 16:52:16.793] [main/DEBUG] [Implementer/SWITCH_TABLE]: Candidate switch enum method <clinit>()V class net/minecraft/world/level/block/NetherPortalBlock$1
[076月2026 16:52:16.863] [main/DEBUG] [Implementer/SWITCH_TABLE]: Candidate switch enum method <clinit>()V class net/minecraft/world/level/block/TrapDoorBlock$1
[076月2026 16:52:16.879] [main/DEBUG] [Implementer/SWITCH_TABLE]: Candidate switch enum method <clinit>()V class net/minecraft/world/level/block/ChainBlock$1
[076月2026 16:52:16.897] [main/DEBUG] [Implementer/SWITCH_TABLE]: Candidate switch enum method <clinit>()V class net/minecraft/world/level/block/CocoaBlock$1
[076月2026 16:52:16.901] [main/DEBUG] [Implementer/SWITCH_TABLE]: Candidate switch enum method <clinit>()V class net/minecraft/world/level/block/TripWireHookBlock$1
[076月2026 16:52:16.938] [main/DEBUG] [Implementer/SWITCH_TABLE]: Candidate switch enum method <clinit>()V class net/minecraft/world/level/block/HopperBlock$1
[076月2026 16:52:16.962] [main/DEBUG] [mixin/]: Mixing world.item.ItemMixin from mixins.arclight.core.json into net.minecraft.world.item.Item
[076月2026 16:52:16.963] [main/DEBUG] [mixin/]: Mixing core.world.item.ItemMixin_NeoForge from mixins.arclight.neoforge.json into net.minecraft.world.item.Item
[076月2026 16:52:16.965] [main/DEBUG] [mixin/]: Mixing world.item.BlockItemMixin from mixins.arclight.core.json into net.minecraft.world.item.BlockItem
[076月2026 16:52:16.967] [main/DEBUG] [mixin/]: mixins.arclight.core.json:world.item.BlockItemMixin from mod (unknown)->@Inject::arclight$prePlaceLilypad(Lnet/minecraft/world/item/context/BlockPlaceContext;Lorg/spongepowered/asm/mixin/injection/callback/CallbackInfoReturnable;Lnet/minecraft/world/item/context/BlockPlaceContext;)V doesn't use it's CallbackInfoReturnable
[076月2026 16:52:16.967] [main/DEBUG] [mixin/]: mixins.arclight.core.json:world.item.BlockItemMixin from mod (unknown)->@Inject::arclight$prePlaceLilypad(Lnet/minecraft/world/item/context/BlockPlaceContext;Lorg/spongepowered/asm/mixin/injection/callback/CallbackInfoReturnable;Lnet/minecraft/world/item/context/BlockPlaceContext;)V has 0 override(s) in child classes
[076月2026 16:52:16.967] [main/DEBUG] [mixin/]: mixins.arclight.core.json:world.item.BlockItemMixin from mod (unknown)->@Inject::arclight$prePlaceLilypad(Lnet/minecraft/world/item/context/BlockPlaceContext;Lorg/spongepowered/asm/mixin/injection/callback/CallbackInfoReturnable;Lnet/minecraft/world/item/context/BlockPlaceContext;)V won't be passed a CallbackInfoReturnable as a result
[076月2026 16:52:16.967] [main/DEBUG] [mixin/]: mixins.arclight.core.json:world.item.BlockItemMixin from mod (unknown)->@Inject::arclight$postPlaceLilypad(Lnet/minecraft/world/item/context/BlockPlaceContext;Lorg/spongepowered/asm/mixin/injection/callback/CallbackInfoReturnable;Lnet/minecraft/world/item/context/BlockPlaceContext;)V does use it's CallbackInfoReturnable
[076月2026 16:52:16.967] [main/DEBUG] [mixin/]: mixins.arclight.core.json:world.item.BlockItemMixin from mod (unknown)->@Inject::arclight$cleanup(Lnet/minecraft/world/item/context/BlockPlaceContext;Lorg/spongepowered/asm/mixin/injection/callback/CallbackInfoReturnable;)V doesn't use it's CallbackInfoReturnable
[076月2026 16:52:16.967] [main/DEBUG] [mixin/]: mixins.arclight.core.json:world.item.BlockItemMixin from mod (unknown)->@Inject::arclight$cleanup(Lnet/minecraft/world/item/context/BlockPlaceContext;Lorg/spongepowered/asm/mixin/injection/callback/CallbackInfoReturnable;)V has 0 override(s) in child classes
[076月2026 16:52:16.967] [main/DEBUG] [mixin/]: mixins.arclight.core.json:world.item.BlockItemMixin from mod (unknown)->@Inject::arclight$cleanup(Lnet/minecraft/world/item/context/BlockPlaceContext;Lorg/spongepowered/asm/mixin/injection/callback/CallbackInfoReturnable;)V won't be passed a CallbackInfoReturnable as a result
[076月2026 16:52:16.967] [main/DEBUG] [mixin/]: mixins.arclight.core.json:world.item.BlockItemMixin from mod (unknown)->@Inject::arclight$cleanup(Lnet/minecraft/world/item/context/BlockPlaceContext;Lorg/spongepowered/asm/mixin/injection/callback/CallbackInfoReturnable;)V doesn't use it's CallbackInfoReturnable
[076月2026 16:52:16.967] [main/DEBUG] [mixin/]: mixins.arclight.core.json:world.item.BlockItemMixin from mod (unknown)->@Inject::arclight$cleanup(Lnet/minecraft/world/item/context/BlockPlaceContext;Lorg/spongepowered/asm/mixin/injection/callback/CallbackInfoReturnable;)V has 0 override(s) in child classes
[076月2026 16:52:16.967] [main/DEBUG] [mixin/]: mixins.arclight.core.json:world.item.BlockItemMixin from mod (unknown)->@Inject::arclight$cleanup(Lnet/minecraft/world/item/context/BlockPlaceContext;Lorg/spongepowered/asm/mixin/injection/callback/CallbackInfoReturnable;)V won't be passed a CallbackInfoReturnable as a result
[076月2026 16:52:16.967] [main/DEBUG] [mixin/]: mixins.arclight.core.json:world.item.BlockItemMixin from mod (unknown)->@Inject::arclight$cleanup(Lnet/minecraft/world/item/context/BlockPlaceContext;Lorg/spongepowered/asm/mixin/injection/callback/CallbackInfoReturnable;)V doesn't use it's CallbackInfoReturnable
[076月2026 16:52:16.967] [main/DEBUG] [mixin/]: mixins.arclight.core.json:world.item.BlockItemMixin from mod (unknown)->@Inject::arclight$cleanup(Lnet/minecraft/world/item/context/BlockPlaceContext;Lorg/spongepowered/asm/mixin/injection/callback/CallbackInfoReturnable;)V has 0 override(s) in child classes
[076月2026 16:52:16.967] [main/DEBUG] [mixin/]: mixins.arclight.core.json:world.item.BlockItemMixin from mod (unknown)->@Inject::arclight$cleanup(Lnet/minecraft/world/item/context/BlockPlaceContext;Lorg/spongepowered/asm/mixin/injection/callback/CallbackInfoReturnable;)V won't be passed a CallbackInfoReturnable as a result
[076月2026 16:52:16.967] [main/DEBUG] [mixin/]: mixins.arclight.core.json:world.item.BlockItemMixin from mod (unknown)->@Inject::arclight$cleanup(Lnet/minecraft/world/item/context/BlockPlaceContext;Lorg/spongepowered/asm/mixin/injection/callback/CallbackInfoReturnable;)V doesn't use it's CallbackInfoReturnable
[076月2026 16:52:16.967] [main/DEBUG] [mixin/]: mixins.arclight.core.json:world.item.BlockItemMixin from mod (unknown)->@Inject::arclight$cleanup(Lnet/minecraft/world/item/context/BlockPlaceContext;Lorg/spongepowered/asm/mixin/injection/callback/CallbackInfoReturnable;)V has 0 override(s) in child classes
[076月2026 16:52:16.967] [main/DEBUG] [mixin/]: mixins.arclight.core.json:world.item.BlockItemMixin from mod (unknown)->@Inject::arclight$cleanup(Lnet/minecraft/world/item/context/BlockPlaceContext;Lorg/spongepowered/asm/mixin/injection/callback/CallbackInfoReturnable;)V won't be passed a CallbackInfoReturnable as a result
[076月2026 16:52:16.967] [main/DEBUG] [mixin/]: mixins.arclight.core.json:world.item.BlockItemMixin from mod (unknown)->@Inject::arclight$cleanup(Lnet/minecraft/world/item/context/BlockPlaceContext;Lorg/spongepowered/asm/mixin/injection/callback/CallbackInfoReturnable;)V doesn't use it's CallbackInfoReturnable
[076月2026 16:52:16.967] [main/DEBUG] [mixin/]: mixins.arclight.core.json:world.item.BlockItemMixin from mod (unknown)->@Inject::arclight$cleanup(Lnet/minecraft/world/item/context/BlockPlaceContext;Lorg/spongepowered/asm/mixin/injection/callback/CallbackInfoReturnable;)V has 0 override(s) in child classes
[076月2026 16:52:16.967] [main/DEBUG] [mixin/]: mixins.arclight.core.json:world.item.BlockItemMixin from mod (unknown)->@Inject::arclight$cleanup(Lnet/minecraft/world/item/context/BlockPlaceContext;Lorg/spongepowered/asm/mixin/injection/callback/CallbackInfoReturnable;)V won't be passed a CallbackInfoReturnable as a result
[076月2026 16:52:16.967] [main/DEBUG] [mixin/]: mixins.arclight.core.json:world.item.BlockItemMixin from mod (unknown)->@Inject::arclight$cleanup(Lnet/minecraft/world/item/context/BlockPlaceContext;Lorg/spongepowered/asm/mixin/injection/callback/CallbackInfoReturnable;)V doesn't use it's CallbackInfoReturnable
[076月2026 16:52:16.967] [main/DEBUG] [mixin/]: mixins.arclight.core.json:world.item.BlockItemMixin from mod (unknown)->@Inject::arclight$cleanup(Lnet/minecraft/world/item/context/BlockPlaceContext;Lorg/spongepowered/asm/mixin/injection/callback/CallbackInfoReturnable;)V has 0 override(s) in child classes
[076月2026 16:52:16.967] [main/DEBUG] [mixin/]: mixins.arclight.core.json:world.item.BlockItemMixin from mod (unknown)->@Inject::arclight$cleanup(Lnet/minecraft/world/item/context/BlockPlaceContext;Lorg/spongepowered/asm/mixin/injection/callback/CallbackInfoReturnable;)V won't be passed a CallbackInfoReturnable as a result
[076月2026 16:52:16.967] [main/DEBUG] [mixin/]: mixins.arclight.core.json:world.item.BlockItemMixin from mod (unknown)->@Inject::arclight$blockCanBuild(Lnet/minecraft/world/item/context/BlockPlaceContext;Lnet/minecraft/world/level/block/state/BlockState;Lorg/spongepowered/asm/mixin/injection/callback/CallbackInfoReturnable;)V does use it's CallbackInfoReturnable
[076月2026 16:52:16.969] [main/DEBUG] [mixin/]: Mixing world.item.StandingAndWallBlockItemMixin from mixins.arclight.core.json into net.minecraft.world.item.StandingAndWallBlockItem
[076月2026 16:52:16.970] [main/DEBUG] [mixin/]: mixins.arclight.core.json:world.item.StandingAndWallBlockItemMixin from mod (unknown)->@Inject::arclight$blockCanPlace(Lnet/minecraft/world/item/context/BlockPlaceContext;Lorg/spongepowered/asm/mixin/injection/callback/CallbackInfoReturnable;Lnet/minecraft/world/level/block/state/BlockState;Lnet/minecraft/world/level/block/state/BlockState;)V does use it's CallbackInfoReturnable
[076月2026 16:52:16.972] [main/DEBUG] [mixin/]: Mixing world.item.MinecartItemMixin from mixins.arclight.core.json into net.minecraft.world.item.MinecartItem
[076月2026 16:52:16.973] [main/DEBUG] [mixin/]: Mixing world.item.BoatItemMixin from mixins.arclight.core.json into net.minecraft.world.item.BoatItem
[076月2026 16:52:16.978] [main/DEBUG] [mixin/]: Mixing world.item.ArmorItemMixin from mixins.arclight.core.json into net.minecraft.world.item.ArmorItem
[076月2026 16:52:16.980] [main/DEBUG] [mixin/]: Mixing world.item.FlintAndSteelItemMixin from mixins.arclight.core.json into net.minecraft.world.item.FlintAndSteelItem
[076月2026 16:52:16.981] [main/DEBUG] [mixin/]: mixins.arclight.core.json:world.item.FlintAndSteelItemMixin from mod (unknown)->@Inject::arclight$blockIgnite(Lnet/minecraft/world/item/context/UseOnContext;Lorg/spongepowered/asm/mixin/injection/callback/CallbackInfoReturnable;)V does use it's CallbackInfoReturnable
[076月2026 16:52:16.982] [main/DEBUG] [mixin/]: Mixing world.item.ProjectileWeaponItemMixin from mixins.arclight.core.json into net.minecraft.world.item.ProjectileWeaponItem
[076月2026 16:52:16.986] [main/DEBUG] [mixin/]: Mixing world.item.HangingEntityItemMixin from mixins.arclight.core.json into net.minecraft.world.item.HangingEntityItem
[076月2026 16:52:16.988] [main/DEBUG] [mixin/]: mixins.arclight.core.json:world.item.HangingEntityItemMixin from mod (unknown)->@Inject::arclight$hangingPlace(Lnet/minecraft/world/item/context/UseOnContext;Lorg/spongepowered/asm/mixin/injection/callback/CallbackInfoReturnable;Lnet/minecraft/core/BlockPos;Lnet/minecraft/core/Direction;Lnet/minecraft/core/BlockPos;Lnet/minecraft/world/entity/player/Player;Lnet/minecraft/world/item/ItemStack;Lnet/minecraft/world/level/Level;Lnet/minecraft/world/entity/decoration/HangingEntity;)V does use it's CallbackInfoReturnable
[076月2026 16:52:16.990] [main/DEBUG] [mixin/]: Mixing world.item.BucketItemMixin from mixins.arclight.core.json into net.minecraft.world.item.BucketItem
[076月2026 16:52:16.992] [main/DEBUG] [mixin/]: Mixing core.world.item.BucketItemMixin_NeoForge from mixins.arclight.neoforge.json into net.minecraft.world.item.BucketItem
[076月2026 16:52:17.000] [main/DEBUG] [mixin/]: mixins.arclight.core.json:world.item.BucketItemMixin from mod (unknown)->@Inject::arclight$clean(Lnet/minecraft/world/level/Level;Lnet/minecraft/world/entity/player/Player;Lnet/minecraft/world/InteractionHand;Lorg/spongepowered/asm/mixin/injection/callback/CallbackInfoReturnable;)V doesn't use it's CallbackInfoReturnable
[076月2026 16:52:17.000] [main/DEBUG] [mixin/]: mixins.arclight.core.json:world.item.BucketItemMixin from mod (unknown)->@Inject::arclight$clean(Lnet/minecraft/world/level/Level;Lnet/minecraft/world/entity/player/Player;Lnet/minecraft/world/InteractionHand;Lorg/spongepowered/asm/mixin/injection/callback/CallbackInfoReturnable;)V has 0 override(s) in child classes
[076月2026 16:52:17.000] [main/DEBUG] [mixin/]: mixins.arclight.core.json:world.item.BucketItemMixin from mod (unknown)->@Inject::arclight$clean(Lnet/minecraft/world/level/Level;Lnet/minecraft/world/entity/player/Player;Lnet/minecraft/world/InteractionHand;Lorg/spongepowered/asm/mixin/injection/callback/CallbackInfoReturnable;)V won't be passed a CallbackInfoReturnable as a result
[076月2026 16:52:17.000] [main/DEBUG] [mixin/]: mixins.arclight.core.json:world.item.BucketItemMixin from mod (unknown)->@Inject::arclight$clean(Lnet/minecraft/world/level/Level;Lnet/minecraft/world/entity/player/Player;Lnet/minecraft/world/InteractionHand;Lorg/spongepowered/asm/mixin/injection/callback/CallbackInfoReturnable;)V doesn't use it's CallbackInfoReturnable
[076月2026 16:52:17.000] [main/DEBUG] [mixin/]: mixins.arclight.core.json:world.item.BucketItemMixin from mod (unknown)->@Inject::arclight$clean(Lnet/minecraft/world/level/Level;Lnet/minecraft/world/entity/player/Player;Lnet/minecraft/world/InteractionHand;Lorg/spongepowered/asm/mixin/injection/callback/CallbackInfoReturnable;)V has 0 override(s) in child classes
[076月2026 16:52:17.000] [main/DEBUG] [mixin/]: mixins.arclight.core.json:world.item.BucketItemMixin from mod (unknown)->@Inject::arclight$clean(Lnet/minecraft/world/level/Level;Lnet/minecraft/world/entity/player/Player;Lnet/minecraft/world/InteractionHand;Lorg/spongepowered/asm/mixin/injection/callback/CallbackInfoReturnable;)V won't be passed a CallbackInfoReturnable as a result
[076月2026 16:52:17.000] [main/DEBUG] [mixin/]: mixins.arclight.core.json:world.item.BucketItemMixin from mod (unknown)->@Inject::arclight$clean(Lnet/minecraft/world/level/Level;Lnet/minecraft/world/entity/player/Player;Lnet/minecraft/world/InteractionHand;Lorg/spongepowered/asm/mixin/injection/callback/CallbackInfoReturnable;)V doesn't use it's CallbackInfoReturnable
[076月2026 16:52:17.000] [main/DEBUG] [mixin/]: mixins.arclight.core.json:world.item.BucketItemMixin from mod (unknown)->@Inject::arclight$clean(Lnet/minecraft/world/level/Level;Lnet/minecraft/world/entity/player/Player;Lnet/minecraft/world/InteractionHand;Lorg/spongepowered/asm/mixin/injection/callback/CallbackInfoReturnable;)V has 0 override(s) in child classes
[076月2026 16:52:17.000] [main/DEBUG] [mixin/]: mixins.arclight.core.json:world.item.BucketItemMixin from mod (unknown)->@Inject::arclight$clean(Lnet/minecraft/world/level/Level;Lnet/minecraft/world/entity/player/Player;Lnet/minecraft/world/InteractionHand;Lorg/spongepowered/asm/mixin/injection/callback/CallbackInfoReturnable;)V won't be passed a CallbackInfoReturnable as a result
[076月2026 16:52:17.001] [main/DEBUG] [mixin/]: mixins.arclight.core.json:world.item.BucketItemMixin from mod (unknown)->@Inject::arclight$clean(Lnet/minecraft/world/level/Level;Lnet/minecraft/world/entity/player/Player;Lnet/minecraft/world/InteractionHand;Lorg/spongepowered/asm/mixin/injection/callback/CallbackInfoReturnable;)V doesn't use it's CallbackInfoReturnable
[076月2026 16:52:17.001] [main/DEBUG] [mixin/]: mixins.arclight.core.json:world.item.BucketItemMixin from mod (unknown)->@Inject::arclight$clean(Lnet/minecraft/world/level/Level;Lnet/minecraft/world/entity/player/Player;Lnet/minecraft/world/InteractionHand;Lorg/spongepowered/asm/mixin/injection/callback/CallbackInfoReturnable;)V has 0 override(s) in child classes
[076月2026 16:52:17.001] [main/DEBUG] [mixin/]: mixins.arclight.core.json:world.item.BucketItemMixin from mod (unknown)->@Inject::arclight$clean(Lnet/minecraft/world/level/Level;Lnet/minecraft/world/entity/player/Player;Lnet/minecraft/world/InteractionHand;Lorg/spongepowered/asm/mixin/injection/callback/CallbackInfoReturnable;)V won't be passed a CallbackInfoReturnable as a result
[076月2026 16:52:17.001] [main/DEBUG] [mixin/]: mixins.arclight.core.json:world.item.BucketItemMixin from mod (unknown)->@Inject::arclight$clean(Lnet/minecraft/world/level/Level;Lnet/minecraft/world/entity/player/Player;Lnet/minecraft/world/InteractionHand;Lorg/spongepowered/asm/mixin/injection/callback/CallbackInfoReturnable;)V doesn't use it's CallbackInfoReturnable
[076月2026 16:52:17.001] [main/DEBUG] [mixin/]: mixins.arclight.core.json:world.item.BucketItemMixin from mod (unknown)->@Inject::arclight$clean(Lnet/minecraft/world/level/Level;Lnet/minecraft/world/entity/player/Player;Lnet/minecraft/world/InteractionHand;Lorg/spongepowered/asm/mixin/injection/callback/CallbackInfoReturnable;)V has 0 override(s) in child classes
[076月2026 16:52:17.001] [main/DEBUG] [mixin/]: mixins.arclight.core.json:world.item.BucketItemMixin from mod (unknown)->@Inject::arclight$clean(Lnet/minecraft/world/level/Level;Lnet/minecraft/world/entity/player/Player;Lnet/minecraft/world/InteractionHand;Lorg/spongepowered/asm/mixin/injection/callback/CallbackInfoReturnable;)V won't be passed a CallbackInfoReturnable as a result
[076月2026 16:52:17.001] [main/DEBUG] [mixin/]: mixins.arclight.core.json:world.item.BucketItemMixin from mod (unknown)->@Inject::arclight$clean(Lnet/minecraft/world/level/Level;Lnet/minecraft/world/entity/player/Player;Lnet/minecraft/world/InteractionHand;Lorg/spongepowered/asm/mixin/injection/callback/CallbackInfoReturnable;)V doesn't use it's CallbackInfoReturnable
[076月2026 16:52:17.001] [main/DEBUG] [mixin/]: mixins.arclight.core.json:world.item.BucketItemMixin from mod (unknown)->@Inject::arclight$clean(Lnet/minecraft/world/level/Level;Lnet/minecraft/world/entity/player/Player;Lnet/minecraft/world/InteractionHand;Lorg/spongepowered/asm/mixin/injection/callback/CallbackInfoReturnable;)V has 0 override(s) in child classes
[076月2026 16:52:17.001] [main/DEBUG] [mixin/]: mixins.arclight.core.json:world.item.BucketItemMixin from mod (unknown)->@Inject::arclight$clean(Lnet/minecraft/world/level/Level;Lnet/minecraft/world/entity/player/Player;Lnet/minecraft/world/InteractionHand;Lorg/spongepowered/asm/mixin/injection/callback/CallbackInfoReturnable;)V won't be passed a CallbackInfoReturnable as a result
[076月2026 16:52:17.001] [main/DEBUG] [mixin/]: mixins.arclight.core.json:world.item.BucketItemMixin from mod (unknown)->@Inject::arclight$clean(Lnet/minecraft/world/level/Level;Lnet/minecraft/world/entity/player/Player;Lnet/minecraft/world/InteractionHand;Lorg/spongepowered/asm/mixin/injection/callback/CallbackInfoReturnable;)V doesn't use it's CallbackInfoReturnable
[076月2026 16:52:17.001] [main/DEBUG] [mixin/]: mixins.arclight.core.json:world.item.BucketItemMixin from mod (unknown)->@Inject::arclight$clean(Lnet/minecraft/world/level/Level;Lnet/minecraft/world/entity/player/Player;Lnet/minecraft/world/InteractionHand;Lorg/spongepowered/asm/mixin/injection/callback/CallbackInfoReturnable;)V has 0 override(s) in child classes
[076月2026 16:52:17.001] [main/DEBUG] [mixin/]: mixins.arclight.core.json:world.item.BucketItemMixin from mod (unknown)->@Inject::arclight$clean(Lnet/minecraft/world/level/Level;Lnet/minecraft/world/entity/player/Player;Lnet/minecraft/world/InteractionHand;Lorg/spongepowered/asm/mixin/injection/callback/CallbackInfoReturnable;)V won't be passed a CallbackInfoReturnable as a result
[076月2026 16:52:17.008] [main/DEBUG] [mixin/]: mixins.arclight.neoforge.json:core.world.item.BucketItemMixin_NeoForge from mod (unknown)->@Inject::arclight$capture(Lnet/minecraft/world/level/Level;Lnet/minecraft/world/entity/player/Player;Lnet/minecraft/world/InteractionHand;Lorg/spongepowered/asm/mixin/injection/callback/CallbackInfoReturnable;)V doesn't use it's CallbackInfoReturnable
[076月2026 16:52:17.008] [main/DEBUG] [mixin/]: mixins.arclight.neoforge.json:core.world.item.BucketItemMixin_NeoForge from mod (unknown)->@Inject::arclight$capture(Lnet/minecraft/world/level/Level;Lnet/minecraft/world/entity/player/Player;Lnet/minecraft/world/InteractionHand;Lorg/spongepowered/asm/mixin/injection/callback/CallbackInfoReturnable;)V has 0 override(s) in child classes
[076月2026 16:52:17.008] [main/DEBUG] [mixin/]: mixins.arclight.neoforge.json:core.world.item.BucketItemMixin_NeoForge from mod (unknown)->@Inject::arclight$capture(Lnet/minecraft/world/level/Level;Lnet/minecraft/world/entity/player/Player;Lnet/minecraft/world/InteractionHand;Lorg/spongepowered/asm/mixin/injection/callback/CallbackInfoReturnable;)V won't be passed a CallbackInfoReturnable as a result
[076月2026 16:52:17.008] [main/DEBUG] [mixin/]: mixins.arclight.neoforge.json:core.world.item.BucketItemMixin_NeoForge from mod (unknown)->@Inject::arclight$bucketEmpty(Lnet/minecraft/world/entity/player/Player;Lnet/minecraft/world/level/Level;Lnet/minecraft/core/BlockPos;Lnet/minecraft/world/phys/BlockHitResult;Lnet/minecraft/world/item/ItemStack;Lorg/spongepowered/asm/mixin/injection/callback/CallbackInfoReturnable;)V does use it's CallbackInfoReturnable
[076月2026 16:52:17.010] [main/DEBUG] [mixin/]: Mixing world.item.SnowballItemMixin from mixins.arclight.core.json into net.minecraft.world.item.SnowballItem
[076月2026 16:52:17.012] [main/DEBUG] [mixin/]: Mixing core.world.item.MilkBucketItemMixin_NeoForge from mixins.arclight.neoforge.json into net.minecraft.world.item.MilkBucketItem
[076月2026 16:52:17.013] [main/DEBUG] [mixin/]: mixins.arclight.neoforge.json:core.world.item.MilkBucketItemMixin_NeoForge from mod (unknown)->@Inject::arclight$cureReason(Lnet/minecraft/world/item/ItemStack;Lnet/minecraft/world/level/Level;Lnet/minecraft/world/entity/LivingEntity;Lorg/spongepowered/asm/mixin/injection/callback/CallbackInfoReturnable;)V doesn't use it's CallbackInfoReturnable
[076月2026 16:52:17.013] [main/DEBUG] [mixin/]: mixins.arclight.neoforge.json:core.world.item.MilkBucketItemMixin_NeoForge from mod (unknown)->@Inject::arclight$cureReason(Lnet/minecraft/world/item/ItemStack;Lnet/minecraft/world/level/Level;Lnet/minecraft/world/entity/LivingEntity;Lorg/spongepowered/asm/mixin/injection/callback/CallbackInfoReturnable;)V has 0 override(s) in child classes
[076月2026 16:52:17.013] [main/DEBUG] [mixin/]: mixins.arclight.neoforge.json:core.world.item.MilkBucketItemMixin_NeoForge from mod (unknown)->@Inject::arclight$cureReason(Lnet/minecraft/world/item/ItemStack;Lnet/minecraft/world/level/Level;Lnet/minecraft/world/entity/LivingEntity;Lorg/spongepowered/asm/mixin/injection/callback/CallbackInfoReturnable;)V won't be passed a CallbackInfoReturnable as a result
[076月2026 16:52:17.014] [main/DEBUG] [mixin/]: Mixing world.item.EggItemMixin from mixins.arclight.core.json into net.minecraft.world.item.EggItem
[076月2026 16:52:17.016] [main/DEBUG] [mixin/]: Mixing world.item.FishingRodItemMixin from mixins.arclight.core.json into net.minecraft.world.item.FishingRodItem
[076月2026 16:52:17.018] [main/DEBUG] [mixin/]: Mixing world.item.DyeItemMixin from mixins.arclight.core.json into net.minecraft.world.item.DyeItem
[076月2026 16:52:17.020] [main/DEBUG] [mixin/]: Mixing world.item.BoneMealItemMixin from mixins.arclight.core.json into net.minecraft.world.item.BoneMealItem
[076月2026 16:52:17.023] [main/DEBUG] [mixin/]: Mixing core.world.item.ShearsItemMixin_NeoForge from mixins.arclight.neoforge.json into net.minecraft.world.item.ShearsItem
[076月2026 16:52:17.023] [main/DEBUG] [mixin/]: mixins.arclight.neoforge.json:core.world.item.ShearsItemMixin_NeoForge from mod (unknown)->@Inject::arclight$onShear(Lnet/minecraft/world/item/ItemStack;Lnet/minecraft/world/entity/player/Player;Lnet/minecraft/world/entity/LivingEntity;Lnet/minecraft/world/InteractionHand;Lorg/spongepowered/asm/mixin/injection/callback/CallbackInfoReturnable;)V does use it's CallbackInfoReturnable
[076月2026 16:52:17.024] [main/DEBUG] [mixin/]: Mixing world.item.EnderpearlItemMixin from mixins.arclight.core.json into net.minecraft.world.item.EnderpearlItem
[076月2026 16:52:17.027] [main/DEBUG] [mixin/]: Mixing world.item.PotionItemMixin from mixins.arclight.core.json into net.minecraft.world.item.PotionItem
[076月2026 16:52:17.028] [main/DEBUG] [mixin/]: Mixing world.item.EnderEyeItemMixin from mixins.arclight.core.json into net.minecraft.world.item.EnderEyeItem
[076月2026 16:52:17.030] [main/DEBUG] [mixin/]: Mixing world.item.SpawnEggItemMixin from mixins.arclight.core.json into net.minecraft.world.item.SpawnEggItem
[076月2026 16:52:17.030] [main/DEBUG] [mixin/]: mixins.arclight.core.json:world.item.SpawnEggItemMixin from mod (unknown)->@Inject::arclight$reason(Lnet/minecraft/world/entity/player/Player;Lnet/minecraft/world/entity/Mob;Lnet/minecraft/world/entity/EntityType;Lnet/minecraft/server/level/ServerLevel;Lnet/minecraft/world/phys/Vec3;Lnet/minecraft/world/item/ItemStack;Lorg/spongepowered/asm/mixin/injection/callback/CallbackInfoReturnable;)V doesn't use it's CallbackInfoReturnable
[076月2026 16:52:17.030] [main/DEBUG] [mixin/]: mixins.arclight.core.json:world.item.SpawnEggItemMixin from mod (unknown)->@Inject::arclight$reason(Lnet/minecraft/world/entity/player/Player;Lnet/minecraft/world/entity/Mob;Lnet/minecraft/world/entity/EntityType;Lnet/minecraft/server/level/ServerLevel;Lnet/minecraft/world/phys/Vec3;Lnet/minecraft/world/item/ItemStack;Lorg/spongepowered/asm/mixin/injection/callback/CallbackInfoReturnable;)V has 0 override(s) in child classes
[076月2026 16:52:17.030] [main/DEBUG] [mixin/]: mixins.arclight.core.json:world.item.SpawnEggItemMixin from mod (unknown)->@Inject::arclight$reason(Lnet/minecraft/world/entity/player/Player;Lnet/minecraft/world/entity/Mob;Lnet/minecraft/world/entity/EntityType;Lnet/minecraft/server/level/ServerLevel;Lnet/minecraft/world/phys/Vec3;Lnet/minecraft/world/item/ItemStack;Lorg/spongepowered/asm/mixin/injection/callback/CallbackInfoReturnable;)V won't be passed a CallbackInfoReturnable as a result
[076月2026 16:52:17.032] [main/DEBUG] [mixin/]: Mixing world.item.FireChargeItemMixin from mixins.arclight.core.json into net.minecraft.world.item.FireChargeItem
[076月2026 16:52:17.033] [main/DEBUG] [mixin/]: mixins.arclight.core.json:world.item.FireChargeItemMixin from mod (unknown)->@Inject::arclight$blockIgnite(Lnet/minecraft/world/item/context/UseOnContext;Lorg/spongepowered/asm/mixin/injection/callback/CallbackInfoReturnable;Lnet/minecraft/world/level/Level;Lnet/minecraft/core/BlockPos;)V does use it's CallbackInfoReturnable
[076月2026 16:52:17.033] [main/DEBUG] [mixin/]: mixins.arclight.core.json:world.item.FireChargeItemMixin from mod (unknown)->@Inject::arclight$blockIgnite(Lnet/minecraft/world/item/context/UseOnContext;Lorg/spongepowered/asm/mixin/injection/callback/CallbackInfoReturnable;Lnet/minecraft/world/level/Level;Lnet/minecraft/core/BlockPos;)V does use it's CallbackInfoReturnable
[076月2026 16:52:17.036] [main/DEBUG] [mixin/]: Mixing world.item.ArmorStandItemMixin from mixins.arclight.core.json into net.minecraft.world.item.ArmorStandItem
[076月2026 16:52:17.038] [main/DEBUG] [mixin/]: Mixing world.item.LeadItemMixin from mixins.arclight.core.json into net.minecraft.world.item.LeadItem
[076月2026 16:52:17.038] [main/DEBUG] [mixin/]: Renaming synthetic method lambda$arclight$leashEvent$0(Lnet/minecraft/world/entity/decoration/LeashFenceKnotEntity;Lnet/minecraft/world/entity/player/Player;Lnet/minecraft/world/entity/Leashable;)Z to md93a37e$lambda$arclight$leashEvent$0$0 in mixins.arclight.core.json:world.item.LeadItemMixin from mod (unknown)
[076月2026 16:52:17.041] [main/DEBUG] [mixin/]: mixins.arclight.core.json:world.item.LeadItemMixin from mod (unknown)->@Inject::arclight$captureHand(Lnet/minecraft/world/item/context/UseOnContext;Lorg/spongepowered/asm/mixin/injection/callback/CallbackInfoReturnable;)V doesn't use it's CallbackInfoReturnable
[076月2026 16:52:17.041] [main/DEBUG] [mixin/]: mixins.arclight.core.json:world.item.LeadItemMixin from mod (unknown)->@Inject::arclight$captureHand(Lnet/minecraft/world/item/context/UseOnContext;Lorg/spongepowered/asm/mixin/injection/callback/CallbackInfoReturnable;)V has 0 override(s) in child classes
[076月2026 16:52:17.041] [main/DEBUG] [mixin/]: mixins.arclight.core.json:world.item.LeadItemMixin from mod (unknown)->@Inject::arclight$captureHand(Lnet/minecraft/world/item/context/UseOnContext;Lorg/spongepowered/asm/mixin/injection/callback/CallbackInfoReturnable;)V won't be passed a CallbackInfoReturnable as a result
[076月2026 16:52:17.041] [main/DEBUG] [mixin/]: mixins.arclight.core.json:world.item.LeadItemMixin from mod (unknown)->@Inject::arclight$resetHand(Lnet/minecraft/world/item/context/UseOnContext;Lorg/spongepowered/asm/mixin/injection/callback/CallbackInfoReturnable;)V doesn't use it's CallbackInfoReturnable
[076月2026 16:52:17.041] [main/DEBUG] [mixin/]: mixins.arclight.core.json:world.item.LeadItemMixin from mod (unknown)->@Inject::arclight$resetHand(Lnet/minecraft/world/item/context/UseOnContext;Lorg/spongepowered/asm/mixin/injection/callback/CallbackInfoReturnable;)V has 0 override(s) in child classes
[076月2026 16:52:17.041] [main/DEBUG] [mixin/]: mixins.arclight.core.json:world.item.LeadItemMixin from mod (unknown)->@Inject::arclight$resetHand(Lnet/minecraft/world/item/context/UseOnContext;Lorg/spongepowered/asm/mixin/injection/callback/CallbackInfoReturnable;)V won't be passed a CallbackInfoReturnable as a result
[076月2026 16:52:17.042] [main/DEBUG] [mixin/]: Mixing world.item.EndCrystalItemMixin from mixins.arclight.core.json into net.minecraft.world.item.EndCrystalItem
[076月2026 16:52:17.044] [main/DEBUG] [mixin/]: Mixing world.item.ChorusFruitItemMixin from mixins.arclight.core.json into net.minecraft.world.item.ChorusFruitItem
[076月2026 16:52:17.044] [main/DEBUG] [mixin/]: mixins.arclight.core.json:world.item.ChorusFruitItemMixin from mod (unknown)->@Inject::arclight$teleportCause(Lnet/minecraft/world/item/ItemStack;Lnet/minecraft/world/level/Level;Lnet/minecraft/world/entity/LivingEntity;Lorg/spongepowered/asm/mixin/injection/callback/CallbackInfoReturnable;)V doesn't use it's CallbackInfoReturnable
[076月2026 16:52:17.044] [main/DEBUG] [mixin/]: mixins.arclight.core.json:world.item.ChorusFruitItemMixin from mod (unknown)->@Inject::arclight$teleportCause(Lnet/minecraft/world/item/ItemStack;Lnet/minecraft/world/level/Level;Lnet/minecraft/world/entity/LivingEntity;Lorg/spongepowered/asm/mixin/injection/callback/CallbackInfoReturnable;)V has 0 override(s) in child classes
[076月2026 16:52:17.044] [main/DEBUG] [mixin/]: mixins.arclight.core.json:world.item.ChorusFruitItemMixin from mod (unknown)->@Inject::arclight$teleportCause(Lnet/minecraft/world/item/ItemStack;Lnet/minecraft/world/level/Level;Lnet/minecraft/world/entity/LivingEntity;Lorg/spongepowered/asm/mixin/injection/callback/CallbackInfoReturnable;)V won't be passed a CallbackInfoReturnable as a result
[076月2026 16:52:17.047] [main/DEBUG] [mixin/]: Mixing world.item.TridentItemMixin from mixins.arclight.core.json into net.minecraft.world.item.TridentItem
[076月2026 16:52:17.095] [main/DEBUG] [io.netty.util.internal.PlatformDependent0/]: -Dio.netty.noUnsafe: false
[076月2026 16:52:17.095] [main/DEBUG] [io.netty.util.internal.PlatformDependent0/]: Java version: 21
[076月2026 16:52:17.095] [main/DEBUG] [io.netty.util.internal.PlatformDependent0/]: sun.misc.Unsafe.theUnsafe: available
[076月2026 16:52:17.095] [main/DEBUG] [io.netty.util.internal.PlatformDependent0/]: sun.misc.Unsafe.copyMemory: available
[076月2026 16:52:17.096] [main/DEBUG] [io.netty.util.internal.PlatformDependent0/]: sun.misc.Unsafe.storeFence: available
[076月2026 16:52:17.096] [main/DEBUG] [io.netty.util.internal.PlatformDependent0/]: java.nio.Buffer.address: available
[076月2026 16:52:17.096] [main/DEBUG] [io.netty.util.internal.PlatformDependent0/]: direct buffer constructor: unavailable
java.lang.UnsupportedOperationException: Reflective setAccessible(true) disabled
	at MC-BOOTSTRAP/io.netty.common@4.1.97.Final/io.netty.util.internal.ReflectionUtil.trySetAccessible(ReflectionUtil.java:31) ~[netty-common-4.1.97.Final.jar%23135!/:4.1.97.Final] {}
	at MC-BOOTSTRAP/io.netty.common@4.1.97.Final/io.netty.util.internal.PlatformDependent0$5.run(PlatformDependent0.java:289) ~[netty-common-4.1.97.Final.jar%23135!/:4.1.97.Final] {}
	at java.base/java.security.AccessController.doPrivileged(AccessController.java:319) ~[?:?] {}
	at MC-BOOTSTRAP/io.netty.common@4.1.97.Final/io.netty.util.internal.PlatformDependent0.<clinit>(PlatformDependent0.java:282) ~[netty-common-4.1.97.Final.jar%23135!/:4.1.97.Final] {}
	at MC-BOOTSTRAP/io.netty.common@4.1.97.Final/io.netty.util.internal.PlatformDependent.isAndroid(PlatformDependent.java:333) ~[netty-common-4.1.97.Final.jar%23135!/:4.1.97.Final] {}
	at MC-BOOTSTRAP/io.netty.common@4.1.97.Final/io.netty.util.internal.PlatformDependent.<clinit>(PlatformDependent.java:88) ~[netty-common-4.1.97.Final.jar%23135!/:4.1.97.Final] {}
	at MC-BOOTSTRAP/io.netty.common@4.1.97.Final/io.netty.util.ConstantPool.<init>(ConstantPool.java:34) ~[netty-common-4.1.97.Final.jar%23135!/:4.1.97.Final] {}
	at MC-BOOTSTRAP/io.netty.common@4.1.97.Final/io.netty.util.AttributeKey$1.<init>(AttributeKey.java:27) ~[netty-common-4.1.97.Final.jar%23135!/:4.1.97.Final] {}
	at MC-BOOTSTRAP/io.netty.common@4.1.97.Final/io.netty.util.AttributeKey.<clinit>(AttributeKey.java:27) ~[netty-common-4.1.97.Final.jar%23135!/:4.1.97.Final] {}
	at TRANSFORMER/neoforge@21.1.228/net.neoforged.neoforge.registries.RegistryManager.<clinit>(RegistryManager.java:262) ~[neoforge-21.1.228-universal.jar%23179!/:?] {re:classloading}
	at TRANSFORMER/neoforge@21.1.228/net.neoforged.neoforge.registries.RegistryBuilder.create(RegistryBuilder.java:125) ~[neoforge-21.1.228-universal.jar%23179!/:?] {re:classloading}
	at TRANSFORMER/neoforge@21.1.228/net.neoforged.neoforge.registries.NeoForgeRegistries.<clinit>(NeoForgeRegistries.java:34) ~[neoforge-21.1.228-universal.jar%23179!/:?] {re:classloading}
	at TRANSFORMER/minecraft@1.21.1/net.minecraft.resources.HolderSetCodec.<init>(HolderSetCodec.java:48) ~[server-1.21.1-20240808.144430-srg.jar%23178!/:?] {re:classloading}
	at TRANSFORMER/minecraft@1.21.1/net.minecraft.resources.HolderSetCodec.create(HolderSetCodec.java:39) ~[server-1.21.1-20240808.144430-srg.jar%23178!/:?] {re:classloading}
	at TRANSFORMER/minecraft@1.21.1/net.minecraft.core.RegistryCodecs.homogeneousList(RegistryCodecs.java:23) ~[server-1.21.1-20240808.144430-srg.jar%23178!/:?] {re:classloading}
	at TRANSFORMER/minecraft@1.21.1/net.minecraft.core.RegistryCodecs.homogeneousList(RegistryCodecs.java:19) ~[server-1.21.1-20240808.144430-srg.jar%23178!/:?] {re:classloading}
	at TRANSFORMER/minecraft@1.21.1/net.minecraft.world.item.enchantment.Enchantment$EnchantmentDefinition.lambda$static$0(Enchantment.java:650) ~[server-1.21.1-20240808.144430-srg.jar%23178!/:?] {re:classloading}
	at MC-BOOTSTRAP/datafixerupper@8.0.16/com.mojang.serialization.codecs.RecordCodecBuilder.mapCodec(RecordCodecBuilder.java:76) ~[datafixerupper-8.0.16.jar%23132!/:?] {}
	at TRANSFORMER/minecraft@1.21.1/net.minecraft.world.item.enchantment.Enchantment$EnchantmentDefinition.<clinit>(Enchantment.java:648) ~[server-1.21.1-20240808.144430-srg.jar%23178!/:?] {re:classloading}
	at TRANSFORMER/minecraft@1.21.1/net.minecraft.world.item.enchantment.Enchantment.lambda$static$0(Enchantment.java:65) ~[server-1.21.1-20240808.144430-srg.jar%23178!/:?] {re:mixin,pl:accesstransformer:B,re:classloading,pl:accesstransformer:B}
	at MC-BOOTSTRAP/datafixerupper@8.0.16/com.mojang.serialization.codecs.RecordCodecBuilder.create(RecordCodecBuilder.java:72) ~[datafixerupper-8.0.16.jar%23132!/:?] {}
	at TRANSFORMER/minecraft@1.21.1/net.minecraft.world.item.enchantment.Enchantment.<clinit>(Enchantment.java:63) ~[server-1.21.1-20240808.144430-srg.jar%23178!/:?] {re:mixin,pl:accesstransformer:B,re:classloading,pl:accesstransformer:B}
	at TRANSFORMER/minecraft@1.21.1/net.minecraft.world.item.enchantment.ItemEnchantments.<clinit>(ItemEnchantments.java:36) ~[server-1.21.1-20240808.144430-srg.jar%23178!/:?] {re:classloading,pl:accesstransformer:B}
	at TRANSFORMER/minecraft@1.21.1/net.minecraft.core.component.DataComponents.lambda$static$9(DataComponents.java:93) ~[server-1.21.1-20240808.144430-srg.jar%23178!/:?] {re:classloading,re:mixin}
	at TRANSFORMER/minecraft@1.21.1/net.minecraft.core.component.DataComponents.register(DataComponents.java:276) ~[server-1.21.1-20240808.144430-srg.jar%23178!/:?] {re:classloading,re:mixin}
	at TRANSFORMER/minecraft@1.21.1/net.minecraft.core.component.DataComponents.<clinit>(DataComponents.java:93) ~[server-1.21.1-20240808.144430-srg.jar%23178!/:?] {re:classloading,re:mixin}
	at TRANSFORMER/minecraft@1.21.1/net.minecraft.world.item.Item$Properties.buildComponents(Item.java:464) ~[server-1.21.1-20240808.144430-srg.jar%23178!/:?] {re:mixin,re:classloading}
	at TRANSFORMER/minecraft@1.21.1/net.minecraft.world.item.Item$Properties.buildAndValidateComponents(Item.java:451) ~[server-1.21.1-20240808.144430-srg.jar%23178!/:?] {re:mixin,re:classloading}
	at TRANSFORMER/minecraft@1.21.1/net.minecraft.world.item.Item.<init>(ItemMixin_NeoForge.java:89) ~[server-1.21.1-20240808.144430-srg.jar%23178!/:?] {re:mixin,pl:accesstransformer:B,re:classloading,pl:accesstransformer:B,pl:mixin:APP:mixins.arclight.core.json:world.item.ItemMixin from mod (unknown),pl:mixin:APP:mixins.arclight.neoforge.json:core.world.item.ItemMixin_NeoForge from mod (unknown),pl:mixin:A}
	at TRANSFORMER/minecraft@1.21.1/net.minecraft.world.item.AirItem.<init>(AirItem.java:12) ~[server-1.21.1-20240808.144430-srg.jar%23178!/:?] {re:classloading}
	at TRANSFORMER/minecraft@1.21.1/net.minecraft.world.item.Items.<clinit>(Items.java:38) ~[server-1.21.1-20240808.144430-srg.jar%23178!/:?] {re:mixin,re:classloading}
	at TRANSFORMER/minecraft@1.21.1/net.minecraft.world.level.block.LightBlock.getShape(LightBlock.java:64) ~[server-1.21.1-20240808.144430-srg.jar%23178!/:?] {re:classloading}
	at TRANSFORMER/minecraft@1.21.1/net.minecraft.world.level.block.state.BlockBehaviour$BlockStateBase.getShape(BlockBehaviour_BlockStateBaseMixin.java:650) ~[server-1.21.1-20240808.144430-srg.jar%23178!/:?] {re:mixin,pl:accesstransformer:B,re:classloading,pl:accesstransformer:B,pl:mixin:APP:mixins.arclight.core.json:world.level.block.state.BlockBehaviour_BlockStateBaseMixin from mod (unknown),pl:mixin:A}
	at TRANSFORMER/minecraft@1.21.1/net.minecraft.world.level.block.state.BlockBehaviour$BlockStateBase.getShape(BlockBehaviour_BlockStateBaseMixin.java:646) ~[server-1.21.1-20240808.144430-srg.jar%23178!/:?] {re:mixin,pl:accesstransformer:B,re:classloading,pl:accesstransformer:B,pl:mixin:APP:mixins.arclight.core.json:world.level.block.state.BlockBehaviour_BlockStateBaseMixin from mod (unknown),pl:mixin:A}
	at TRANSFORMER/minecraft@1.21.1/net.minecraft.world.level.block.state.BlockBehaviour.getCollisionShape(BlockBehaviourMixin_NeoForge.java:322) ~[server-1.21.1-20240808.144430-srg.jar%23178!/:?] {re:mixin,pl:accesstransformer:B,re:classloading,pl:accesstransformer:B,pl:mixin:APP:mixins.arclight.core.json:world.level.block.state.BlockBehaviourMixin from mod (unknown),pl:mixin:APP:mixins.arclight.neoforge.json:core.world.level.block.state.BlockBehaviourMixin_NeoForge from mod (unknown),pl:mixin:A,pl:arclight_implementer:async,pl:arclight_implementer:A}
	at TRANSFORMER/minecraft@1.21.1/net.minecraft.world.level.block.state.BlockBehaviour$BlockStateBase$Cache.<init>(BlockBehaviour.java:920) ~[server-1.21.1-20240808.144430-srg.jar%23178!/:?] {re:classloading}
	at TRANSFORMER/minecraft@1.21.1/net.minecraft.world.level.block.state.BlockBehaviour$BlockStateBase.initCache(BlockBehaviour_BlockStateBaseMixin.java:488) ~[server-1.21.1-20240808.144430-srg.jar%23178!/:?] {re:mixin,pl:accesstransformer:B,re:classloading,pl:accesstransformer:B,pl:mixin:APP:mixins.arclight.core.json:world.level.block.state.BlockBehaviour_BlockStateBaseMixin from mod (unknown),pl:mixin:A}
	at TRANSFORMER/minecraft@1.21.1/net.minecraft.world.level.block.Blocks.<clinit>(Blocks.java:7811) ~[server-1.21.1-20240808.144430-srg.jar%23178!/:?] {re:mixin,pl:accesstransformer:B,re:classloading,pl:accesstransformer:B}
	at TRANSFORMER/minecraft@1.21.1/net.minecraft.world.level.block.FireBlock.bootStrap(FireBlockMixin_NeoForge.java:342) ~[server-1.21.1-20240808.144430-srg.jar%23178!/:?] {re:mixin,pl:accesstransformer:B,re:classloading,pl:accesstransformer:B,pl:mixin:APP:mixins.arclight.core.json:world.level.block.FireBlockMixin from mod (unknown),pl:mixin:APP:mixins.arclight.neoforge.json:core.world.level.block.FireBlockMixin_NeoForge from mod (unknown),pl:mixin:A}
	at TRANSFORMER/minecraft@1.21.1/net.minecraft.server.Bootstrap.bootStrap(BootstrapMixin.java:45) ~[server-1.21.1-20240808.144430-srg.jar%23178!/:?] {re:mixin,re:classloading,pl:mixin:APP:mixins.arclight.core.json:server.BootstrapMixin from mod (unknown),pl:mixin:A}
	at TRANSFORMER/minecraft@1.21.1/net.minecraft.server.Main.main(Main.java:120) ~[server-1.21.1-20240808.144430-srg.jar%23178!/:?] {re:classloading,pl:accesstransformer:B}
	at java.base/jdk.internal.reflect.DirectMethodHandleAccessor.invoke(DirectMethodHandleAccessor.java:103) ~[?:?] {}
	at java.base/java.lang.reflect.Method.invoke(Method.java:580) ~[?:?] {}
	at MC-BOOTSTRAP/fml_loader@4.0.42/net.neoforged.fml.loading.targets.CommonLaunchHandler.runTarget(CommonLaunchHandler.java:136) ~[loader-4.0.42.jar%2391!/:4.0] {}
	at MC-BOOTSTRAP/fml_loader@4.0.42/net.neoforged.fml.loading.targets.CommonLaunchHandler.serverService(CommonLaunchHandler.java:128) ~[loader-4.0.42.jar%2391!/:4.0] {}
	at MC-BOOTSTRAP/fml_loader@4.0.42/net.neoforged.fml.loading.targets.CommonServerLaunchHandler.runService(CommonServerLaunchHandler.java:32) ~[loader-4.0.42.jar%2391!/:4.0] {}
	at MC-BOOTSTRAP/fml_loader@4.0.42/net.neoforged.fml.loading.targets.CommonLaunchHandler.lambda$launchService$4(CommonLaunchHandler.java:118) ~[loader-4.0.42.jar%2391!/:4.0] {}
	at MC-BOOTSTRAP/cpw.mods.modlauncher@11.0.5/cpw.mods.modlauncher.LaunchServiceHandlerDecorator.launch(LaunchServiceHandlerDecorator.java:30) [modlauncher-11.0.5.jar%2396!/:?] {}
	at MC-BOOTSTRAP/cpw.mods.modlauncher@11.0.5/cpw.mods.modlauncher.LaunchServiceHandler.launch(LaunchServiceHandler.java:53) [modlauncher-11.0.5.jar%2396!/:?] {}
	at MC-BOOTSTRAP/cpw.mods.modlauncher@11.0.5/cpw.mods.modlauncher.LaunchServiceHandler.launch(LaunchServiceHandler.java:71) [modlauncher-11.0.5.jar%2396!/:?] {}
	at MC-BOOTSTRAP/cpw.mods.modlauncher@11.0.5/cpw.mods.modlauncher.Launcher.run(Launcher.java:103) [modlauncher-11.0.5.jar%2396!/:?] {}
	at MC-BOOTSTRAP/cpw.mods.modlauncher@11.0.5/cpw.mods.modlauncher.Launcher.main(Launcher.java:74) [modlauncher-11.0.5.jar%2396!/:?] {}
	at MC-BOOTSTRAP/cpw.mods.modlauncher@11.0.5/cpw.mods.modlauncher.BootstrapLaunchConsumer.accept(BootstrapLaunchConsumer.java:26) [modlauncher-11.0.5.jar%2396!/:?] {}
	at MC-BOOTSTRAP/cpw.mods.modlauncher@11.0.5/cpw.mods.modlauncher.BootstrapLaunchConsumer.accept(BootstrapLaunchConsumer.java:23) [modlauncher-11.0.5.jar%2396!/:?] {}
	at MC-BOOTSTRAP/arclight.boot@1.21.1-1.0.2-SNAPSHOT-0769551/io.izzel.arclight.boot.neoforge.application.ApplicationBootstrap.accept(ApplicationBootstrap.java:47) [arclight-neoforge-1.21.1-1.0.2-SNAPSHOT-0769551.jar%2389!/:arclight-1.21.1-1.0.2-SNAPSHOT-0769551] {}
	at MC-BOOTSTRAP/arclight.boot@1.21.1-1.0.2-SNAPSHOT-0769551/io.izzel.arclight.boot.neoforge.application.ApplicationBootstrap.accept(ApplicationBootstrap.java:14) [arclight-neoforge-1.21.1-1.0.2-SNAPSHOT-0769551.jar%2389!/:arclight-1.21.1-1.0.2-SNAPSHOT-0769551] {}
	at cpw.mods.bootstraplauncher@2.0.2/cpw.mods.bootstraplauncher.BootstrapLauncher.run(BootstrapLauncher.java:210) [bootstraplauncher-2.0.2.jar:?] {}
	at cpw.mods.bootstraplauncher@2.0.2/cpw.mods.bootstraplauncher.BootstrapLauncher.main(BootstrapLauncher.java:69) [bootstraplauncher-2.0.2.jar:?] {}
	at java.base/jdk.internal.reflect.DirectMethodHandleAccessor.invoke(DirectMethodHandleAccessor.java:103) ~[?:?] {}
	at java.base/java.lang.reflect.Method.invoke(Method.java:580) ~[?:?] {}
	at io.izzel.arclight.boot.neoforge.application.Main_Neoforge.main(Main_Neoforge.java:23) [arclight-neoforge-1.21.1-1.0.2-SNAPSHOT-0769551.jar:arclight-1.21.1-1.0.2-SNAPSHOT-0769551] {}
	at io.izzel.arclight.server.Launcher.main(Launcher.java:39) [arclight-neoforge-1.21.1-1.0.2-SNAPSHOT-0769551.jar:arclight-1.21.1-1.0.2-SNAPSHOT-0769551] {}
[076月2026 16:52:17.097] [main/DEBUG] [io.netty.util.internal.PlatformDependent0/]: java.nio.Bits.unaligned: available, true
[076月2026 16:52:17.097] [main/DEBUG] [io.netty.util.internal.PlatformDependent0/]: jdk.internal.misc.Unsafe.allocateUninitializedArray(int): unavailable
java.lang.IllegalAccessException: class io.netty.util.internal.PlatformDependent0$7 (in module io.netty.common) cannot access class jdk.internal.misc.Unsafe (in module java.base) because module java.base does not export jdk.internal.misc to module io.netty.common
	at java.base/jdk.internal.reflect.Reflection.newIllegalAccessException(Reflection.java:394) ~[?:?] {}
	at java.base/java.lang.reflect.AccessibleObject.checkAccess(AccessibleObject.java:714) ~[?:?] {}
	at java.base/java.lang.reflect.Method.invoke(Method.java:571) ~[?:?] {}
	at MC-BOOTSTRAP/io.netty.common@4.1.97.Final/io.netty.util.internal.PlatformDependent0$7.run(PlatformDependent0.java:411) ~[netty-common-4.1.97.Final.jar%23135!/:4.1.97.Final] {}
	at java.base/java.security.AccessController.doPrivileged(AccessController.java:319) ~[?:?] {}
	at MC-BOOTSTRAP/io.netty.common@4.1.97.Final/io.netty.util.internal.PlatformDependent0.<clinit>(PlatformDependent0.java:402) ~[netty-common-4.1.97.Final.jar%23135!/:4.1.97.Final] {}
	at MC-BOOTSTRAP/io.netty.common@4.1.97.Final/io.netty.util.internal.PlatformDependent.isAndroid(PlatformDependent.java:333) ~[netty-common-4.1.97.Final.jar%23135!/:4.1.97.Final] {}
	at MC-BOOTSTRAP/io.netty.common@4.1.97.Final/io.netty.util.internal.PlatformDependent.<clinit>(PlatformDependent.java:88) ~[netty-common-4.1.97.Final.jar%23135!/:4.1.97.Final] {}
	at MC-BOOTSTRAP/io.netty.common@4.1.97.Final/io.netty.util.ConstantPool.<init>(ConstantPool.java:34) ~[netty-common-4.1.97.Final.jar%23135!/:4.1.97.Final] {}
	at MC-BOOTSTRAP/io.netty.common@4.1.97.Final/io.netty.util.AttributeKey$1.<init>(AttributeKey.java:27) ~[netty-common-4.1.97.Final.jar%23135!/:4.1.97.Final] {}
	at MC-BOOTSTRAP/io.netty.common@4.1.97.Final/io.netty.util.AttributeKey.<clinit>(AttributeKey.java:27) ~[netty-common-4.1.97.Final.jar%23135!/:4.1.97.Final] {}
	at TRANSFORMER/neoforge@21.1.228/net.neoforged.neoforge.registries.RegistryManager.<clinit>(RegistryManager.java:262) ~[neoforge-21.1.228-universal.jar%23179!/:?] {re:classloading}
	at TRANSFORMER/neoforge@21.1.228/net.neoforged.neoforge.registries.RegistryBuilder.create(RegistryBuilder.java:125) ~[neoforge-21.1.228-universal.jar%23179!/:?] {re:classloading}
	at TRANSFORMER/neoforge@21.1.228/net.neoforged.neoforge.registries.NeoForgeRegistries.<clinit>(NeoForgeRegistries.java:34) ~[neoforge-21.1.228-universal.jar%23179!/:?] {re:classloading}
	at TRANSFORMER/minecraft@1.21.1/net.minecraft.resources.HolderSetCodec.<init>(HolderSetCodec.java:48) ~[server-1.21.1-20240808.144430-srg.jar%23178!/:?] {re:classloading}
	at TRANSFORMER/minecraft@1.21.1/net.minecraft.resources.HolderSetCodec.create(HolderSetCodec.java:39) ~[server-1.21.1-20240808.144430-srg.jar%23178!/:?] {re:classloading}
	at TRANSFORMER/minecraft@1.21.1/net.minecraft.core.RegistryCodecs.homogeneousList(RegistryCodecs.java:23) ~[server-1.21.1-20240808.144430-srg.jar%23178!/:?] {re:classloading}
	at TRANSFORMER/minecraft@1.21.1/net.minecraft.core.RegistryCodecs.homogeneousList(RegistryCodecs.java:19) ~[server-1.21.1-20240808.144430-srg.jar%23178!/:?] {re:classloading}
	at TRANSFORMER/minecraft@1.21.1/net.minecraft.world.item.enchantment.Enchantment$EnchantmentDefinition.lambda$static$0(Enchantment.java:650) ~[server-1.21.1-20240808.144430-srg.jar%23178!/:?] {re:classloading}
	at MC-BOOTSTRAP/datafixerupper@8.0.16/com.mojang.serialization.codecs.RecordCodecBuilder.mapCodec(RecordCodecBuilder.java:76) ~[datafixerupper-8.0.16.jar%23132!/:?] {}
	at TRANSFORMER/minecraft@1.21.1/net.minecraft.world.item.enchantment.Enchantment$EnchantmentDefinition.<clinit>(Enchantment.java:648) ~[server-1.21.1-20240808.144430-srg.jar%23178!/:?] {re:classloading}
	at TRANSFORMER/minecraft@1.21.1/net.minecraft.world.item.enchantment.Enchantment.lambda$static$0(Enchantment.java:65) ~[server-1.21.1-20240808.144430-srg.jar%23178!/:?] {re:mixin,pl:accesstransformer:B,re:classloading,pl:accesstransformer:B}
	at MC-BOOTSTRAP/datafixerupper@8.0.16/com.mojang.serialization.codecs.RecordCodecBuilder.create(RecordCodecBuilder.java:72) ~[datafixerupper-8.0.16.jar%23132!/:?] {}
	at TRANSFORMER/minecraft@1.21.1/net.minecraft.world.item.enchantment.Enchantment.<clinit>(Enchantment.java:63) ~[server-1.21.1-20240808.144430-srg.jar%23178!/:?] {re:mixin,pl:accesstransformer:B,re:classloading,pl:accesstransformer:B}
	at TRANSFORMER/minecraft@1.21.1/net.minecraft.world.item.enchantment.ItemEnchantments.<clinit>(ItemEnchantments.java:36) ~[server-1.21.1-20240808.144430-srg.jar%23178!/:?] {re:classloading,pl:accesstransformer:B}
	at TRANSFORMER/minecraft@1.21.1/net.minecraft.core.component.DataComponents.lambda$static$9(DataComponents.java:93) ~[server-1.21.1-20240808.144430-srg.jar%23178!/:?] {re:classloading,re:mixin}
	at TRANSFORMER/minecraft@1.21.1/net.minecraft.core.component.DataComponents.register(DataComponents.java:276) ~[server-1.21.1-20240808.144430-srg.jar%23178!/:?] {re:classloading,re:mixin}
	at TRANSFORMER/minecraft@1.21.1/net.minecraft.core.component.DataComponents.<clinit>(DataComponents.java:93) ~[server-1.21.1-20240808.144430-srg.jar%23178!/:?] {re:classloading,re:mixin}
	at TRANSFORMER/minecraft@1.21.1/net.minecraft.world.item.Item$Properties.buildComponents(Item.java:464) ~[server-1.21.1-20240808.144430-srg.jar%23178!/:?] {re:mixin,re:classloading}
	at TRANSFORMER/minecraft@1.21.1/net.minecraft.world.item.Item$Properties.buildAndValidateComponents(Item.java:451) ~[server-1.21.1-20240808.144430-srg.jar%23178!/:?] {re:mixin,re:classloading}
	at TRANSFORMER/minecraft@1.21.1/net.minecraft.world.item.Item.<init>(ItemMixin_NeoForge.java:89) ~[server-1.21.1-20240808.144430-srg.jar%23178!/:?] {re:mixin,pl:accesstransformer:B,re:classloading,pl:accesstransformer:B,pl:mixin:APP:mixins.arclight.core.json:world.item.ItemMixin from mod (unknown),pl:mixin:APP:mixins.arclight.neoforge.json:core.world.item.ItemMixin_NeoForge from mod (unknown),pl:mixin:A}
	at TRANSFORMER/minecraft@1.21.1/net.minecraft.world.item.AirItem.<init>(AirItem.java:12) ~[server-1.21.1-20240808.144430-srg.jar%23178!/:?] {re:classloading}
	at TRANSFORMER/minecraft@1.21.1/net.minecraft.world.item.Items.<clinit>(Items.java:38) ~[server-1.21.1-20240808.144430-srg.jar%23178!/:?] {re:mixin,re:classloading}
	at TRANSFORMER/minecraft@1.21.1/net.minecraft.world.level.block.LightBlock.getShape(LightBlock.java:64) ~[server-1.21.1-20240808.144430-srg.jar%23178!/:?] {re:classloading}
	at TRANSFORMER/minecraft@1.21.1/net.minecraft.world.level.block.state.BlockBehaviour$BlockStateBase.getShape(BlockBehaviour_BlockStateBaseMixin.java:650) ~[server-1.21.1-20240808.144430-srg.jar%23178!/:?] {re:mixin,pl:accesstransformer:B,re:classloading,pl:accesstransformer:B,pl:mixin:APP:mixins.arclight.core.json:world.level.block.state.BlockBehaviour_BlockStateBaseMixin from mod (unknown),pl:mixin:A}
	at TRANSFORMER/minecraft@1.21.1/net.minecraft.world.level.block.state.BlockBehaviour$BlockStateBase.getShape(BlockBehaviour_BlockStateBaseMixin.java:646) ~[server-1.21.1-20240808.144430-srg.jar%23178!/:?] {re:mixin,pl:accesstransformer:B,re:classloading,pl:accesstransformer:B,pl:mixin:APP:mixins.arclight.core.json:world.level.block.state.BlockBehaviour_BlockStateBaseMixin from mod (unknown),pl:mixin:A}
	at TRANSFORMER/minecraft@1.21.1/net.minecraft.world.level.block.state.BlockBehaviour.getCollisionShape(BlockBehaviourMixin_NeoForge.java:322) ~[server-1.21.1-20240808.144430-srg.jar%23178!/:?] {re:mixin,pl:accesstransformer:B,re:classloading,pl:accesstransformer:B,pl:mixin:APP:mixins.arclight.core.json:world.level.block.state.BlockBehaviourMixin from mod (unknown),pl:mixin:APP:mixins.arclight.neoforge.json:core.world.level.block.state.BlockBehaviourMixin_NeoForge from mod (unknown),pl:mixin:A,pl:arclight_implementer:async,pl:arclight_implementer:A}
	at TRANSFORMER/minecraft@1.21.1/net.minecraft.world.level.block.state.BlockBehaviour$BlockStateBase$Cache.<init>(BlockBehaviour.java:920) ~[server-1.21.1-20240808.144430-srg.jar%23178!/:?] {re:classloading}
	at TRANSFORMER/minecraft@1.21.1/net.minecraft.world.level.block.state.BlockBehaviour$BlockStateBase.initCache(BlockBehaviour_BlockStateBaseMixin.java:488) ~[server-1.21.1-20240808.144430-srg.jar%23178!/:?] {re:mixin,pl:accesstransformer:B,re:classloading,pl:accesstransformer:B,pl:mixin:APP:mixins.arclight.core.json:world.level.block.state.BlockBehaviour_BlockStateBaseMixin from mod (unknown),pl:mixin:A}
	at TRANSFORMER/minecraft@1.21.1/net.minecraft.world.level.block.Blocks.<clinit>(Blocks.java:7811) ~[server-1.21.1-20240808.144430-srg.jar%23178!/:?] {re:mixin,pl:accesstransformer:B,re:classloading,pl:accesstransformer:B}
	at TRANSFORMER/minecraft@1.21.1/net.minecraft.world.level.block.FireBlock.bootStrap(FireBlockMixin_NeoForge.java:342) ~[server-1.21.1-20240808.144430-srg.jar%23178!/:?] {re:mixin,pl:accesstransformer:B,re:classloading,pl:accesstransformer:B,pl:mixin:APP:mixins.arclight.core.json:world.level.block.FireBlockMixin from mod (unknown),pl:mixin:APP:mixins.arclight.neoforge.json:core.world.level.block.FireBlockMixin_NeoForge from mod (unknown),pl:mixin:A}
	at TRANSFORMER/minecraft@1.21.1/net.minecraft.server.Bootstrap.bootStrap(BootstrapMixin.java:45) ~[server-1.21.1-20240808.144430-srg.jar%23178!/:?] {re:mixin,re:classloading,pl:mixin:APP:mixins.arclight.core.json:server.BootstrapMixin from mod (unknown),pl:mixin:A}
	at TRANSFORMER/minecraft@1.21.1/net.minecraft.server.Main.main(Main.java:120) ~[server-1.21.1-20240808.144430-srg.jar%23178!/:?] {re:classloading,pl:accesstransformer:B}
	at java.base/jdk.internal.reflect.DirectMethodHandleAccessor.invoke(DirectMethodHandleAccessor.java:103) ~[?:?] {}
	at java.base/java.lang.reflect.Method.invoke(Method.java:580) ~[?:?] {}
	at MC-BOOTSTRAP/fml_loader@4.0.42/net.neoforged.fml.loading.targets.CommonLaunchHandler.runTarget(CommonLaunchHandler.java:136) ~[loader-4.0.42.jar%2391!/:4.0] {}
	at MC-BOOTSTRAP/fml_loader@4.0.42/net.neoforged.fml.loading.targets.CommonLaunchHandler.serverService(CommonLaunchHandler.java:128) ~[loader-4.0.42.jar%2391!/:4.0] {}
	at MC-BOOTSTRAP/fml_loader@4.0.42/net.neoforged.fml.loading.targets.CommonServerLaunchHandler.runService(CommonServerLaunchHandler.java:32) ~[loader-4.0.42.jar%2391!/:4.0] {}
	at MC-BOOTSTRAP/fml_loader@4.0.42/net.neoforged.fml.loading.targets.CommonLaunchHandler.lambda$launchService$4(CommonLaunchHandler.java:118) ~[loader-4.0.42.jar%2391!/:4.0] {}
	at MC-BOOTSTRAP/cpw.mods.modlauncher@11.0.5/cpw.mods.modlauncher.LaunchServiceHandlerDecorator.launch(LaunchServiceHandlerDecorator.java:30) [modlauncher-11.0.5.jar%2396!/:?] {}
	at MC-BOOTSTRAP/cpw.mods.modlauncher@11.0.5/cpw.mods.modlauncher.LaunchServiceHandler.launch(LaunchServiceHandler.java:53) [modlauncher-11.0.5.jar%2396!/:?] {}
	at MC-BOOTSTRAP/cpw.mods.modlauncher@11.0.5/cpw.mods.modlauncher.LaunchServiceHandler.launch(LaunchServiceHandler.java:71) [modlauncher-11.0.5.jar%2396!/:?] {}
	at MC-BOOTSTRAP/cpw.mods.modlauncher@11.0.5/cpw.mods.modlauncher.Launcher.run(Launcher.java:103) [modlauncher-11.0.5.jar%2396!/:?] {}
	at MC-BOOTSTRAP/cpw.mods.modlauncher@11.0.5/cpw.mods.modlauncher.Launcher.main(Launcher.java:74) [modlauncher-11.0.5.jar%2396!/:?] {}
	at MC-BOOTSTRAP/cpw.mods.modlauncher@11.0.5/cpw.mods.modlauncher.BootstrapLaunchConsumer.accept(BootstrapLaunchConsumer.java:26) [modlauncher-11.0.5.jar%2396!/:?] {}
	at MC-BOOTSTRAP/cpw.mods.modlauncher@11.0.5/cpw.mods.modlauncher.BootstrapLaunchConsumer.accept(BootstrapLaunchConsumer.java:23) [modlauncher-11.0.5.jar%2396!/:?] {}
	at MC-BOOTSTRAP/arclight.boot@1.21.1-1.0.2-SNAPSHOT-0769551/io.izzel.arclight.boot.neoforge.application.ApplicationBootstrap.accept(ApplicationBootstrap.java:47) [arclight-neoforge-1.21.1-1.0.2-SNAPSHOT-0769551.jar%2389!/:arclight-1.21.1-1.0.2-SNAPSHOT-0769551] {}
	at MC-BOOTSTRAP/arclight.boot@1.21.1-1.0.2-SNAPSHOT-0769551/io.izzel.arclight.boot.neoforge.application.ApplicationBootstrap.accept(ApplicationBootstrap.java:14) [arclight-neoforge-1.21.1-1.0.2-SNAPSHOT-0769551.jar%2389!/:arclight-1.21.1-1.0.2-SNAPSHOT-0769551] {}
	at cpw.mods.bootstraplauncher@2.0.2/cpw.mods.bootstraplauncher.BootstrapLauncher.run(BootstrapLauncher.java:210) [bootstraplauncher-2.0.2.jar:?] {}
	at cpw.mods.bootstraplauncher@2.0.2/cpw.mods.bootstraplauncher.BootstrapLauncher.main(BootstrapLauncher.java:69) [bootstraplauncher-2.0.2.jar:?] {}
	at java.base/jdk.internal.reflect.DirectMethodHandleAccessor.invoke(DirectMethodHandleAccessor.java:103) ~[?:?] {}
	at java.base/java.lang.reflect.Method.invoke(Method.java:580) ~[?:?] {}
	at io.izzel.arclight.boot.neoforge.application.Main_Neoforge.main(Main_Neoforge.java:23) [arclight-neoforge-1.21.1-1.0.2-SNAPSHOT-0769551.jar:arclight-1.21.1-1.0.2-SNAPSHOT-0769551] {}
	at io.izzel.arclight.server.Launcher.main(Launcher.java:39) [arclight-neoforge-1.21.1-1.0.2-SNAPSHOT-0769551.jar:arclight-1.21.1-1.0.2-SNAPSHOT-0769551] {}
[076月2026 16:52:17.098] [main/DEBUG] [io.netty.util.internal.PlatformDependent0/]: java.nio.DirectByteBuffer.<init>(long, {int,long}): unavailable
[076月2026 16:52:17.098] [main/DEBUG] [io.netty.util.internal.PlatformDependent/]: sun.misc.Unsafe: available
[076月2026 16:52:17.099] [main/DEBUG] [io.netty.util.internal.PlatformDependent/]: maxDirectMemory: 21474836480 bytes (maybe)
[076月2026 16:52:17.099] [main/DEBUG] [io.netty.util.internal.PlatformDependent/]: -Dio.netty.tmpdir: C:\Users\CHENJI~1\AppData\Local\Temp (java.io.tmpdir)
[076月2026 16:52:17.099] [main/DEBUG] [io.netty.util.internal.PlatformDependent/]: -Dio.netty.bitMode: 64 (sun.arch.data.model)
[076月2026 16:52:17.099] [main/DEBUG] [io.netty.util.internal.PlatformDependent/]: Platform: Windows
[076月2026 16:52:17.100] [main/DEBUG] [io.netty.util.internal.PlatformDependent/]: -Dio.netty.maxDirectMemory: -1 bytes
[076月2026 16:52:17.100] [main/DEBUG] [io.netty.util.internal.PlatformDependent/]: -Dio.netty.uninitializedArrayAllocationThreshold: -1
[076月2026 16:52:17.101] [main/DEBUG] [io.netty.util.internal.CleanerJava9/]: java.nio.ByteBuffer.cleaner(): available
[076月2026 16:52:17.101] [main/DEBUG] [io.netty.util.internal.PlatformDependent/]: -Dio.netty.noPreferDirect: false
[076月2026 16:52:17.187] [main/DEBUG] [mixin/]: Mixing world.level.border.WorldBorderMixin from mixins.arclight.core.json into net.minecraft.world.level.border.WorldBorder
[076月2026 16:52:17.188] [main/DEBUG] [mixin/]: mixins.arclight.core.json:world.level.border.WorldBorderMixin from mod (unknown)->@Inject::arclight$removeDuplicateListener(Lnet/minecraft/world/level/border/BorderChangeListener;Lorg/spongepowered/asm/mixin/injection/callback/CallbackInfo;)V does use it's CallbackInfo
[076月2026 16:52:17.189] [main/DEBUG] [mixin/]: Mixing world.level.redstone.NeighborUpdaterMixin from mixins.arclight.core.json into net.minecraft.world.level.redstone.NeighborUpdater
[076月2026 16:52:17.192] [main/DEBUG] [mixin/]: Mixing world.level.chunk.ChunkAccessMixin from mixins.arclight.core.json into net.minecraft.world.level.chunk.ChunkAccess
[076月2026 16:52:17.192] [main/DEBUG] [mixin/]: Renaming synthetic method lambda$setBiome$0(III)Ljava/lang/String; to md93a37e$lambda$setBiome$0$0 in mixins.arclight.core.json:world.level.chunk.ChunkAccessMixin from mod (unknown)
[076月2026 16:52:17.195] [main/DEBUG] [mixin/]: mixins.arclight.core.json:world.level.chunk.ChunkAccessMixin from mod (unknown)->@Inject::arclight$init(Lnet/minecraft/world/level/ChunkPos;Lnet/minecraft/world/level/chunk/UpgradeData;Lnet/minecraft/world/level/LevelHeightAccessor;Lnet/minecraft/core/Registry;J[Lnet/minecraft/world/level/chunk/LevelChunkSection;Lnet/minecraft/world/level/levelgen/blending/BlendingData;Lorg/spongepowered/asm/mixin/injection/callback/CallbackInfo;)V doesn't use it's CallbackInfo
[076月2026 16:52:17.195] [main/DEBUG] [mixin/]: mixins.arclight.core.json:world.level.chunk.ChunkAccessMixin from mod (unknown)->@Inject::arclight$init(Lnet/minecraft/world/level/ChunkPos;Lnet/minecraft/world/level/chunk/UpgradeData;Lnet/minecraft/world/level/LevelHeightAccessor;Lnet/minecraft/core/Registry;J[Lnet/minecraft/world/level/chunk/LevelChunkSection;Lnet/minecraft/world/level/levelgen/blending/BlendingData;Lorg/spongepowered/asm/mixin/injection/callback/CallbackInfo;)V has 0 override(s) in child classes
[076月2026 16:52:17.195] [main/DEBUG] [mixin/]: mixins.arclight.core.json:world.level.chunk.ChunkAccessMixin from mod (unknown)->@Inject::arclight$init(Lnet/minecraft/world/level/ChunkPos;Lnet/minecraft/world/level/chunk/UpgradeData;Lnet/minecraft/world/level/LevelHeightAccessor;Lnet/minecraft/core/Registry;J[Lnet/minecraft/world/level/chunk/LevelChunkSection;Lnet/minecraft/world/level/levelgen/blending/BlendingData;Lorg/spongepowered/asm/mixin/injection/callback/CallbackInfo;)V won't be passed a CallbackInfo as a result
[076月2026 16:52:17.196] [main/DEBUG] [mixin/]: mixins.arclight.core.json:world.level.chunk.ChunkAccessMixin from mod (unknown)->@Inject::arclight$dirty(ZLorg/spongepowered/asm/mixin/injection/callback/CallbackInfo;)V doesn't use it's CallbackInfo
[076月2026 16:52:17.196] [main/DEBUG] [mixin/]: mixins.arclight.core.json:world.level.chunk.ChunkAccessMixin from mod (unknown)->@Inject::arclight$dirty(ZLorg/spongepowered/asm/mixin/injection/callback/CallbackInfo;)V has 0 override(s) in child classes
[076月2026 16:52:17.196] [main/DEBUG] [mixin/]: mixins.arclight.core.json:world.level.chunk.ChunkAccessMixin from mod (unknown)->@Inject::arclight$dirty(ZLorg/spongepowered/asm/mixin/injection/callback/CallbackInfo;)V won't be passed a CallbackInfo as a result
[076月2026 16:52:17.196] [main/DEBUG] [mixin/]: mixins.arclight.core.json:world.level.chunk.ChunkAccessMixin from mod (unknown)->@Inject::arclight$isDirty(Lorg/spongepowered/asm/mixin/injection/callback/CallbackInfoReturnable;)V does use it's CallbackInfoReturnable
[076月2026 16:52:17.198] [main/DEBUG] [mixin/]: Mixing world.level.chunk.LevelChunkMixin from mixins.arclight.core.json into net.minecraft.world.level.chunk.LevelChunk
[076月2026 16:52:17.203] [main/DEBUG] [mixin/]: mixins.arclight.core.json:world.level.chunk.LevelChunkMixin from mod (unknown)->@Inject::arclight$init(Lnet/minecraft/world/level/Level;Lnet/minecraft/world/level/ChunkPos;Lnet/minecraft/world/level/chunk/UpgradeData;Lnet/minecraft/world/ticks/LevelChunkTicks;Lnet/minecraft/world/ticks/LevelChunkTicks;J[Lnet/minecraft/world/level/chunk/LevelChunkSection;Lnet/minecraft/world/level/chunk/LevelChunk$PostLoadProcessor;Lnet/minecraft/world/level/levelgen/blending/BlendingData;Lorg/spongepowered/asm/mixin/injection/callback/CallbackInfo;)V doesn't use it's CallbackInfo
[076月2026 16:52:17.203] [main/DEBUG] [mixin/]: mixins.arclight.core.json:world.level.chunk.LevelChunkMixin from mod (unknown)->@Inject::arclight$init(Lnet/minecraft/world/level/Level;Lnet/minecraft/world/level/ChunkPos;Lnet/minecraft/world/level/chunk/UpgradeData;Lnet/minecraft/world/ticks/LevelChunkTicks;Lnet/minecraft/world/ticks/LevelChunkTicks;J[Lnet/minecraft/world/level/chunk/LevelChunkSection;Lnet/minecraft/world/level/chunk/LevelChunk$PostLoadProcessor;Lnet/minecraft/world/level/levelgen/blending/BlendingData;Lorg/spongepowered/asm/mixin/injection/callback/CallbackInfo;)V has 0 override(s) in child classes
[076月2026 16:52:17.203] [main/DEBUG] [mixin/]: mixins.arclight.core.json:world.level.chunk.LevelChunkMixin from mod (unknown)->@Inject::arclight$init(Lnet/minecraft/world/level/Level;Lnet/minecraft/world/level/ChunkPos;Lnet/minecraft/world/level/chunk/UpgradeData;Lnet/minecraft/world/ticks/LevelChunkTicks;Lnet/minecraft/world/ticks/LevelChunkTicks;J[Lnet/minecraft/world/level/chunk/LevelChunkSection;Lnet/minecraft/world/level/chunk/LevelChunk$PostLoadProcessor;Lnet/minecraft/world/level/levelgen/blending/BlendingData;Lorg/spongepowered/asm/mixin/injection/callback/CallbackInfo;)V won't be passed a CallbackInfo as a result
[076月2026 16:52:17.203] [main/DEBUG] [mixin/]: mixins.arclight.core.json:world.level.chunk.LevelChunkMixin from mod (unknown)->@Inject::arclight$init(Lnet/minecraft/server/level/ServerLevel;Lnet/minecraft/world/level/chunk/ProtoChunk;Lnet/minecraft/world/level/chunk/LevelChunk$PostLoadProcessor;Lorg/spongepowered/asm/mixin/injection/callback/CallbackInfo;)V doesn't use it's CallbackInfo
[076月2026 16:52:17.203] [main/DEBUG] [mixin/]: mixins.arclight.core.json:world.level.chunk.LevelChunkMixin from mod (unknown)->@Inject::arclight$init(Lnet/minecraft/server/level/ServerLevel;Lnet/minecraft/world/level/chunk/ProtoChunk;Lnet/minecraft/world/level/chunk/LevelChunk$PostLoadProcessor;Lorg/spongepowered/asm/mixin/injection/callback/CallbackInfo;)V has 0 override(s) in child classes
[076月2026 16:52:17.203] [main/DEBUG] [mixin/]: mixins.arclight.core.json:world.level.chunk.LevelChunkMixin from mod (unknown)->@Inject::arclight$init(Lnet/minecraft/server/level/ServerLevel;Lnet/minecraft/world/level/chunk/ProtoChunk;Lnet/minecraft/world/level/chunk/LevelChunk$PostLoadProcessor;Lorg/spongepowered/asm/mixin/injection/callback/CallbackInfo;)V won't be passed a CallbackInfo as a result
[076月2026 16:52:17.203] [main/DEBUG] [mixin/]: mixins.arclight.core.json:world.level.chunk.LevelChunkMixin from mod (unknown)->@Inject::arclight$remove(Lnet/minecraft/core/BlockPos;Lorg/spongepowered/asm/mixin/injection/callback/CallbackInfo;)V doesn't use it's CallbackInfo
[076月2026 16:52:17.203] [main/DEBUG] [mixin/]: mixins.arclight.core.json:world.level.chunk.LevelChunkMixin from mod (unknown)->@Inject::arclight$remove(Lnet/minecraft/core/BlockPos;Lorg/spongepowered/asm/mixin/injection/callback/CallbackInfo;)V has 0 override(s) in child classes
[076月2026 16:52:17.203] [main/DEBUG] [mixin/]: mixins.arclight.core.json:world.level.chunk.LevelChunkMixin from mod (unknown)->@Inject::arclight$remove(Lnet/minecraft/core/BlockPos;Lorg/spongepowered/asm/mixin/injection/callback/CallbackInfo;)V won't be passed a CallbackInfo as a result
[076月2026 16:52:17.226] [main/DEBUG] [mixin/]: Mixing neoforge.CommonHooksMixin from mixins.arclight.neoforge.json into net.neoforged.neoforge.common.CommonHooks
[076月2026 16:52:17.227] [main/DEBUG] [mixin/]: mixins.arclight.neoforge.json:neoforge.CommonHooksMixin from mod (unknown)->@Inject::arclight$captureHand(Lnet/minecraft/world/item/context/UseOnContext;Lorg/spongepowered/asm/mixin/injection/callback/CallbackInfoReturnable;)V doesn't use it's CallbackInfoReturnable
[076月2026 16:52:17.227] [main/DEBUG] [mixin/]: mixins.arclight.neoforge.json:neoforge.CommonHooksMixin from mod (unknown)->@Inject::arclight$removeHand(Lnet/minecraft/world/item/context/UseOnContext;Lorg/spongepowered/asm/mixin/injection/callback/CallbackInfoReturnable;)V doesn't use it's CallbackInfoReturnable
[076月2026 16:52:17.227] [main/DEBUG] [mixin/]: mixins.arclight.neoforge.json:neoforge.CommonHooksMixin from mod (unknown)->@Inject::arclight$removeHand(Lnet/minecraft/world/item/context/UseOnContext;Lorg/spongepowered/asm/mixin/injection/callback/CallbackInfoReturnable;)V doesn't use it's CallbackInfoReturnable
[076月2026 16:52:17.243] [main/DEBUG] [mixin/]: Mixing world.level.ExplosionMixin from mixins.arclight.core.json into net.minecraft.world.level.Explosion
[076月2026 16:52:17.246] [main/DEBUG] [mixin/]: Mixing core.world.level.ExplosionMixin_NeoForge from mixins.arclight.neoforge.json into net.minecraft.world.level.Explosion
[076月2026 16:52:17.251] [main/DEBUG] [mixin/]: mixins.arclight.core.json:world.level.ExplosionMixin from mod (unknown)->@Inject::arclight$adjustSize(Lnet/minecraft/world/level/Level;Lnet/minecraft/world/entity/Entity;Lnet/minecraft/world/damagesource/DamageSource;Lnet/minecraft/world/level/ExplosionDamageCalculator;DDDFZLnet/minecraft/world/level/Explosion$BlockInteraction;Lnet/minecraft/core/particles/ParticleOptions;Lnet/minecraft/core/particles/ParticleOptions;Lnet/minecraft/core/Holder;Lorg/spongepowered/asm/mixin/injection/callback/CallbackInfo;)V doesn't use it's CallbackInfo
[076月2026 16:52:17.251] [main/DEBUG] [mixin/]: mixins.arclight.core.json:world.level.ExplosionMixin from mod (unknown)->@Inject::arclight$adjustSize(Lnet/minecraft/world/level/Level;Lnet/minecraft/world/entity/Entity;Lnet/minecraft/world/damagesource/DamageSource;Lnet/minecraft/world/level/ExplosionDamageCalculator;DDDFZLnet/minecraft/world/level/Explosion$BlockInteraction;Lnet/minecraft/core/particles/ParticleOptions;Lnet/minecraft/core/particles/ParticleOptions;Lnet/minecraft/core/Holder;Lorg/spongepowered/asm/mixin/injection/callback/CallbackInfo;)V has 0 override(s) in child classes
[076月2026 16:52:17.251] [main/DEBUG] [mixin/]: mixins.arclight.core.json:world.level.ExplosionMixin from mod (unknown)->@Inject::arclight$adjustSize(Lnet/minecraft/world/level/Level;Lnet/minecraft/world/entity/Entity;Lnet/minecraft/world/damagesource/DamageSource;Lnet/minecraft/world/level/ExplosionDamageCalculator;DDDFZLnet/minecraft/world/level/Explosion$BlockInteraction;Lnet/minecraft/core/particles/ParticleOptions;Lnet/minecraft/core/particles/ParticleOptions;Lnet/minecraft/core/Holder;Lorg/spongepowered/asm/mixin/injection/callback/CallbackInfo;)V won't be passed a CallbackInfo as a result
[076月2026 16:52:17.251] [main/DEBUG] [mixin/]: mixins.arclight.core.json:world.level.ExplosionMixin from mod (unknown)->@Inject::arclight$returnRadius(Lorg/spongepowered/asm/mixin/injection/callback/CallbackInfo;)V does use it's CallbackInfo
[076月2026 16:52:17.252] [main/DEBUG] [mixin/]: mixins.arclight.core.json:world.level.ExplosionMixin from mod (unknown)->@Inject::arclight$blockExplode(ZLorg/spongepowered/asm/mixin/injection/callback/CallbackInfo;)V does use it's CallbackInfo
[076月2026 16:52:17.252] [main/DEBUG] [mixin/]: mixins.arclight.core.json:world.level.ExplosionMixin from mod (unknown)->@Inject::arclight$fix(Ljava/util/List;Lnet/minecraft/world/item/ItemStack;Lnet/minecraft/core/BlockPos;Lorg/spongepowered/asm/mixin/injection/callback/CallbackInfo;)V does use it's CallbackInfo
[076月2026 16:52:17.259] [main/DEBUG] [mixin/]: Mixing world.entity.vehicle.BoatMixin from mixins.arclight.core.json into net.minecraft.world.entity.vehicle.Boat
[076月2026 16:52:17.262] [main/DEBUG] [mixin/]: mixins.arclight.core.json:world.entity.vehicle.BoatMixin from mod (unknown)->@Inject::arclight$collideVehicle(Lnet/minecraft/world/entity/Entity;Lorg/spongepowered/asm/mixin/injection/callback/CallbackInfo;)V does use it's CallbackInfo
[076月2026 16:52:17.262] [main/DEBUG] [mixin/]: mixins.arclight.core.json:world.entity.vehicle.BoatMixin from mod (unknown)->@Inject::arclight$collideVehicle(Lnet/minecraft/world/entity/Entity;Lorg/spongepowered/asm/mixin/injection/callback/CallbackInfo;)V does use it's CallbackInfo
[076月2026 16:52:17.262] [main/DEBUG] [mixin/]: mixins.arclight.core.json:world.entity.vehicle.BoatMixin from mod (unknown)->@Inject::arclight$updateVehicle(Lorg/spongepowered/asm/mixin/injection/callback/CallbackInfo;)V doesn't use it's CallbackInfo
[076月2026 16:52:17.262] [main/DEBUG] [mixin/]: mixins.arclight.core.json:world.entity.vehicle.BoatMixin from mod (unknown)->@Inject::arclight$updateVehicle(Lorg/spongepowered/asm/mixin/injection/callback/CallbackInfo;)V has 0 override(s) in child classes
[076月2026 16:52:17.262] [main/DEBUG] [mixin/]: mixins.arclight.core.json:world.entity.vehicle.BoatMixin from mod (unknown)->@Inject::arclight$updateVehicle(Lorg/spongepowered/asm/mixin/injection/callback/CallbackInfo;)V won't be passed a CallbackInfo as a result
[076月2026 16:52:17.265] [main/DEBUG] [mixin/]: Mixing world.entity.vehicle.VehicleEntityMixin from mixins.arclight.core.json into net.minecraft.world.entity.vehicle.VehicleEntity
[076月2026 16:52:17.267] [main/DEBUG] [mixin/]: mixins.arclight.core.json:world.entity.vehicle.VehicleEntityMixin from mod (unknown)->@Inject::arclight$playerDestroy(Lnet/minecraft/world/damagesource/DamageSource;FLorg/spongepowered/asm/mixin/injection/callback/CallbackInfoReturnable;)V does use it's CallbackInfoReturnable
[076月2026 16:52:17.267] [main/DEBUG] [mixin/]: mixins.arclight.core.json:world.entity.vehicle.VehicleEntityMixin from mod (unknown)->@Inject::arclight$destroy(Lnet/minecraft/world/damagesource/DamageSource;FLorg/spongepowered/asm/mixin/injection/callback/CallbackInfoReturnable;)V does use it's CallbackInfoReturnable
[076月2026 16:52:17.288] [main/DEBUG] [mixin/]: Mixing world.entity.vehicle.AbstractMinecartMixin from mixins.arclight.core.json into net.minecraft.world.entity.vehicle.AbstractMinecart
[076月2026 16:52:17.290] [main/DEBUG] [mixin/]: Mixing core.world.entity.vehicle.AbstractMinecartMixin_NeoForge from mixins.arclight.neoforge.json into net.minecraft.world.entity.vehicle.AbstractMinecart
[076月2026 16:52:17.295] [main/DEBUG] [mixin/]: mixins.arclight.core.json:world.entity.vehicle.AbstractMinecartMixin from mod (unknown)->@Inject::arclight$init(Lnet/minecraft/world/entity/EntityType;Lnet/minecraft/world/level/Level;Lorg/spongepowered/asm/mixin/injection/callback/CallbackInfo;)V doesn't use it's CallbackInfo
[076月2026 16:52:17.295] [main/DEBUG] [mixin/]: mixins.arclight.core.json:world.entity.vehicle.AbstractMinecartMixin from mod (unknown)->@Inject::arclight$init(Lnet/minecraft/world/entity/EntityType;Lnet/minecraft/world/level/Level;Lorg/spongepowered/asm/mixin/injection/callback/CallbackInfo;)V has 0 override(s) in child classes
[076月2026 16:52:17.295] [main/DEBUG] [mixin/]: mixins.arclight.core.json:world.entity.vehicle.AbstractMinecartMixin from mod (unknown)->@Inject::arclight$init(Lnet/minecraft/world/entity/EntityType;Lnet/minecraft/world/level/Level;Lorg/spongepowered/asm/mixin/injection/callback/CallbackInfo;)V won't be passed a CallbackInfo as a result
[076月2026 16:52:17.295] [main/DEBUG] [mixin/]: mixins.arclight.core.json:world.entity.vehicle.AbstractMinecartMixin from mod (unknown)->@Inject::arclight$vehicleUpdateEvent(Lorg/spongepowered/asm/mixin/injection/callback/CallbackInfo;)V doesn't use it's CallbackInfo
[076月2026 16:52:17.295] [main/DEBUG] [mixin/]: mixins.arclight.core.json:world.entity.vehicle.AbstractMinecartMixin from mod (unknown)->@Inject::arclight$vehicleUpdateEvent(Lorg/spongepowered/asm/mixin/injection/callback/CallbackInfo;)V has 0 override(s) in child classes
[076月2026 16:52:17.295] [main/DEBUG] [mixin/]: mixins.arclight.core.json:world.entity.vehicle.AbstractMinecartMixin from mod (unknown)->@Inject::arclight$vehicleUpdateEvent(Lorg/spongepowered/asm/mixin/injection/callback/CallbackInfo;)V won't be passed a CallbackInfo as a result
[076月2026 16:52:17.295] [main/DEBUG] [mixin/]: mixins.arclight.core.json:world.entity.vehicle.AbstractMinecartMixin from mod (unknown)->@Inject::arclight$vehicleUpdateEvent(Lorg/spongepowered/asm/mixin/injection/callback/CallbackInfo;)V doesn't use it's CallbackInfo
[076月2026 16:52:17.295] [main/DEBUG] [mixin/]: mixins.arclight.core.json:world.entity.vehicle.AbstractMinecartMixin from mod (unknown)->@Inject::arclight$vehicleUpdateEvent(Lorg/spongepowered/asm/mixin/injection/callback/CallbackInfo;)V has 0 override(s) in child classes
[076月2026 16:52:17.295] [main/DEBUG] [mixin/]: mixins.arclight.core.json:world.entity.vehicle.AbstractMinecartMixin from mod (unknown)->@Inject::arclight$vehicleUpdateEvent(Lorg/spongepowered/asm/mixin/injection/callback/CallbackInfo;)V won't be passed a CallbackInfo as a result
[076月2026 16:52:17.296] [main/DEBUG] [mixin/]: mixins.arclight.core.json:world.entity.vehicle.AbstractMinecartMixin from mod (unknown)->@Inject::arclight$vehicleCollide(Lnet/minecraft/world/entity/Entity;Lorg/spongepowered/asm/mixin/injection/callback/CallbackInfo;)V does use it's CallbackInfo
[076月2026 16:52:17.303] [main/DEBUG] [mixin/]: Mixing world.entity.animal.allay.AllayMixin from mixins.arclight.core.json into net.minecraft.world.entity.animal.allay.Allay
[076月2026 16:52:17.306] [main/DEBUG] [mixin/]: mixins.arclight.core.json:world.entity.animal.allay.AllayMixin from mod (unknown)->@Inject::arclight$healReason(Lorg/spongepowered/asm/mixin/injection/callback/CallbackInfo;)V doesn't use it's CallbackInfo
[076月2026 16:52:17.306] [main/DEBUG] [mixin/]: mixins.arclight.core.json:world.entity.animal.allay.AllayMixin from mod (unknown)->@Inject::arclight$healReason(Lorg/spongepowered/asm/mixin/injection/callback/CallbackInfo;)V has 0 override(s) in child classes
[076月2026 16:52:17.306] [main/DEBUG] [mixin/]: mixins.arclight.core.json:world.entity.animal.allay.AllayMixin from mod (unknown)->@Inject::arclight$healReason(Lorg/spongepowered/asm/mixin/injection/callback/CallbackInfo;)V won't be passed a CallbackInfo as a result
[076月2026 16:52:17.306] [main/DEBUG] [mixin/]: mixins.arclight.core.json:world.entity.animal.allay.AllayMixin from mod (unknown)->@Inject::arclight$cancelDuplicate(Lnet/minecraft/world/entity/player/Player;Lnet/minecraft/world/InteractionHand;Lorg/spongepowered/asm/mixin/injection/callback/CallbackInfoReturnable;)V does use it's CallbackInfoReturnable
[076月2026 16:52:17.306] [main/DEBUG] [mixin/]: mixins.arclight.core.json:world.entity.animal.allay.AllayMixin from mod (unknown)->@Inject::arclight$stopDancing(Lorg/spongepowered/asm/mixin/injection/callback/CallbackInfoReturnable;)V does use it's CallbackInfoReturnable
[076月2026 16:52:17.307] [main/DEBUG] [mixin/]: Mixing world.entity.npc.InventoryCarrierMixin from mixins.arclight.core.json into net.minecraft.world.entity.npc.InventoryCarrier
[076月2026 16:52:17.312] [main/DEBUG] [mixin/]: Mixing world.entity.boss.enderdragon.EnderDragonMixin from mixins.arclight.core.json into net.minecraft.world.entity.boss.enderdragon.EnderDragon
[076月2026 16:52:17.319] [main/DEBUG] [mixin/]: mixins.arclight.core.json:world.entity.boss.enderdragon.EnderDragonMixin from mod (unknown)->@Inject::arclight$killed(Lorg/spongepowered/asm/mixin/injection/callback/CallbackInfo;)V doesn't use it's CallbackInfo
[076月2026 16:52:17.320] [main/DEBUG] [mixin/]: mixins.arclight.core.json:world.entity.boss.enderdragon.EnderDragonMixin from mod (unknown)->@Inject::arclight$killed(Lorg/spongepowered/asm/mixin/injection/callback/CallbackInfo;)V has 0 override(s) in child classes
[076月2026 16:52:17.320] [main/DEBUG] [mixin/]: mixins.arclight.core.json:world.entity.boss.enderdragon.EnderDragonMixin from mod (unknown)->@Inject::arclight$killed(Lorg/spongepowered/asm/mixin/injection/callback/CallbackInfo;)V won't be passed a CallbackInfo as a result
[076月2026 16:52:17.320] [main/DEBUG] [mixin/]: mixins.arclight.core.json:world.entity.boss.enderdragon.EnderDragonMixin from mod (unknown)->@Inject::arclight$killed2(Lorg/spongepowered/asm/mixin/injection/callback/CallbackInfo;)V doesn't use it's CallbackInfo
[076月2026 16:52:17.320] [main/DEBUG] [mixin/]: mixins.arclight.core.json:world.entity.boss.enderdragon.EnderDragonMixin from mod (unknown)->@Inject::arclight$killed2(Lorg/spongepowered/asm/mixin/injection/callback/CallbackInfo;)V has 0 override(s) in child classes
[076月2026 16:52:17.320] [main/DEBUG] [mixin/]: mixins.arclight.core.json:world.entity.boss.enderdragon.EnderDragonMixin from mod (unknown)->@Inject::arclight$killed2(Lorg/spongepowered/asm/mixin/injection/callback/CallbackInfo;)V won't be passed a CallbackInfo as a result
[076月2026 16:52:17.320] [main/DEBUG] [mixin/]: mixins.arclight.core.json:world.entity.boss.enderdragon.EnderDragonMixin from mod (unknown)->@Inject::arclight$storeExpToDrop(Lnet/minecraft/nbt/CompoundTag;Lorg/spongepowered/asm/mixin/injection/callback/CallbackInfo;)V doesn't use it's CallbackInfo
[076月2026 16:52:17.320] [main/DEBUG] [mixin/]: mixins.arclight.core.json:world.entity.boss.enderdragon.EnderDragonMixin from mod (unknown)->@Inject::arclight$storeExpToDrop(Lnet/minecraft/nbt/CompoundTag;Lorg/spongepowered/asm/mixin/injection/callback/CallbackInfo;)V has 0 override(s) in child classes
[076月2026 16:52:17.320] [main/DEBUG] [mixin/]: mixins.arclight.core.json:world.entity.boss.enderdragon.EnderDragonMixin from mod (unknown)->@Inject::arclight$storeExpToDrop(Lnet/minecraft/nbt/CompoundTag;Lorg/spongepowered/asm/mixin/injection/callback/CallbackInfo;)V won't be passed a CallbackInfo as a result
[076月2026 16:52:17.320] [main/DEBUG] [mixin/]: mixins.arclight.core.json:world.entity.boss.enderdragon.EnderDragonMixin from mod (unknown)->@Inject::arclight$readExpToDrop(Lnet/minecraft/nbt/CompoundTag;Lorg/spongepowered/asm/mixin/injection/callback/CallbackInfo;)V doesn't use it's CallbackInfo
[076月2026 16:52:17.320] [main/DEBUG] [mixin/]: mixins.arclight.core.json:world.entity.boss.enderdragon.EnderDragonMixin from mod (unknown)->@Inject::arclight$readExpToDrop(Lnet/minecraft/nbt/CompoundTag;Lorg/spongepowered/asm/mixin/injection/callback/CallbackInfo;)V has 0 override(s) in child classes
[076月2026 16:52:17.320] [main/DEBUG] [mixin/]: mixins.arclight.core.json:world.entity.boss.enderdragon.EnderDragonMixin from mod (unknown)->@Inject::arclight$readExpToDrop(Lnet/minecraft/nbt/CompoundTag;Lorg/spongepowered/asm/mixin/injection/callback/CallbackInfo;)V won't be passed a CallbackInfo as a result
[076月2026 16:52:17.327] [main/DEBUG] [mixin/]: Mixing CraftEntityMixin from mixins.arclight.bukkit.json into org.bukkit.craftbukkit.v1_21_R1.entity.CraftEntity
[076月2026 16:52:17.328] [main/DEBUG] [mixin/]: mixins.arclight.bukkit.json:CraftEntityMixin from mod (unknown)->@Inject::arclight$modEntity(Lorg/bukkit/craftbukkit/v1_21_R1/CraftServer;Lnet/minecraft/world/entity/Entity;Lorg/spongepowered/asm/mixin/injection/callback/CallbackInfoReturnable;)V does use it's CallbackInfoReturnable
[076月2026 16:52:17.335] [main/DEBUG] [mixin/]: Mixing world.entity.decoration.LeashFenceKnotEntityMixin from mixins.arclight.core.json into net.minecraft.world.entity.decoration.LeashFenceKnotEntity
[076月2026 16:52:17.335] [main/DEBUG] [mixin/]: Renaming synthetic method lambda$interact$0(Lnet/minecraft/world/entity/player/Player;Lnet/minecraft/world/entity/Leashable;)Z to md93a37e$lambda$interact$0$0 in mixins.arclight.core.json:world.entity.decoration.LeashFenceKnotEntityMixin from mod (unknown)
[076月2026 16:52:17.338] [main/DEBUG] [mixin/]: Mixing world.entity.decoration.BlockAttachedEntityMixin from mixins.arclight.core.json into net.minecraft.world.entity.decoration.BlockAttachedEntity
[076月2026 16:52:17.341] [main/DEBUG] [mixin/]: mixins.arclight.core.json:world.entity.decoration.BlockAttachedEntityMixin from mod (unknown)->@Inject::arclight$skipSave(Lnet/minecraft/nbt/CompoundTag;Lorg/spongepowered/asm/mixin/injection/callback/CallbackInfo;)V does use it's CallbackInfo
[076月2026 16:52:17.341] [main/DEBUG] [mixin/]: mixins.arclight.core.json:world.entity.decoration.BlockAttachedEntityMixin from mod (unknown)->@Inject::arclight$hangingBreak(Lorg/spongepowered/asm/mixin/injection/callback/CallbackInfo;)V does use it's CallbackInfo
[076月2026 16:52:17.341] [main/DEBUG] [mixin/]: mixins.arclight.core.json:world.entity.decoration.BlockAttachedEntityMixin from mod (unknown)->@Inject::arclight$hangingBreakByAttack(Lnet/minecraft/world/damagesource/DamageSource;FLorg/spongepowered/asm/mixin/injection/callback/CallbackInfoReturnable;)V does use it's CallbackInfoReturnable
[076月2026 16:52:17.341] [main/DEBUG] [mixin/]: mixins.arclight.core.json:world.entity.decoration.BlockAttachedEntityMixin from mod (unknown)->@Inject::arclight$hangingBreakByMove(Lnet/minecraft/world/entity/MoverType;Lnet/minecraft/world/phys/Vec3;Lorg/spongepowered/asm/mixin/injection/callback/CallbackInfo;)V does use it's CallbackInfo
[076月2026 16:52:17.341] [main/DEBUG] [mixin/]: mixins.arclight.core.json:world.entity.decoration.BlockAttachedEntityMixin from mod (unknown)->@Inject::arclight$noVelocity(DDDLorg/spongepowered/asm/mixin/injection/callback/CallbackInfo;)V does use it's CallbackInfo
[076月2026 16:52:17.724] [main/DEBUG] [mixin/]: Mixing world.entity.AreaEffectCloudMixin from mixins.arclight.core.json into net.minecraft.world.entity.AreaEffectCloud
[076月2026 16:52:17.726] [main/DEBUG] [mixin/]: Mixing activationrange.entity.AreaEffectCloudMixin_ActivationRange from mixins.arclight.impl.optimization.json into net.minecraft.world.entity.AreaEffectCloud
[076月2026 16:52:17.730] [main/DEBUG] [mixin/]: mixins.arclight.core.json:world.entity.AreaEffectCloudMixin from mod (unknown)->@Inject::arclight$discard(Lorg/spongepowered/asm/mixin/injection/callback/CallbackInfo;)V doesn't use it's CallbackInfo
[076月2026 16:52:17.730] [main/DEBUG] [mixin/]: mixins.arclight.core.json:world.entity.AreaEffectCloudMixin from mod (unknown)->@Inject::arclight$discard(Lorg/spongepowered/asm/mixin/injection/callback/CallbackInfo;)V has 0 override(s) in child classes
[076月2026 16:52:17.730] [main/DEBUG] [mixin/]: mixins.arclight.core.json:world.entity.AreaEffectCloudMixin from mod (unknown)->@Inject::arclight$discard(Lorg/spongepowered/asm/mixin/injection/callback/CallbackInfo;)V won't be passed a CallbackInfo as a result
[076月2026 16:52:17.730] [main/DEBUG] [mixin/]: mixins.arclight.core.json:world.entity.AreaEffectCloudMixin from mod (unknown)->@Inject::arclight$discard(Lorg/spongepowered/asm/mixin/injection/callback/CallbackInfo;)V doesn't use it's CallbackInfo
[076月2026 16:52:17.730] [main/DEBUG] [mixin/]: mixins.arclight.core.json:world.entity.AreaEffectCloudMixin from mod (unknown)->@Inject::arclight$discard(Lorg/spongepowered/asm/mixin/injection/callback/CallbackInfo;)V has 0 override(s) in child classes
[076月2026 16:52:17.730] [main/DEBUG] [mixin/]: mixins.arclight.core.json:world.entity.AreaEffectCloudMixin from mod (unknown)->@Inject::arclight$discard(Lorg/spongepowered/asm/mixin/injection/callback/CallbackInfo;)V won't be passed a CallbackInfo as a result
[076月2026 16:52:17.730] [main/DEBUG] [mixin/]: mixins.arclight.core.json:world.entity.AreaEffectCloudMixin from mod (unknown)->@Inject::arclight$discard(Lorg/spongepowered/asm/mixin/injection/callback/CallbackInfo;)V doesn't use it's CallbackInfo
[076月2026 16:52:17.730] [main/DEBUG] [mixin/]: mixins.arclight.core.json:world.entity.AreaEffectCloudMixin from mod (unknown)->@Inject::arclight$discard(Lorg/spongepowered/asm/mixin/injection/callback/CallbackInfo;)V has 0 override(s) in child classes
[076月2026 16:52:17.730] [main/DEBUG] [mixin/]: mixins.arclight.core.json:world.entity.AreaEffectCloudMixin from mod (unknown)->@Inject::arclight$discard(Lorg/spongepowered/asm/mixin/injection/callback/CallbackInfo;)V won't be passed a CallbackInfo as a result
[076月2026 16:52:17.730] [main/DEBUG] [mixin/]: mixins.arclight.core.json:world.entity.AreaEffectCloudMixin from mod (unknown)->@Inject::arclight$discard(Lorg/spongepowered/asm/mixin/injection/callback/CallbackInfo;)V doesn't use it's CallbackInfo
[076月2026 16:52:17.730] [main/DEBUG] [mixin/]: mixins.arclight.core.json:world.entity.AreaEffectCloudMixin from mod (unknown)->@Inject::arclight$discard(Lorg/spongepowered/asm/mixin/injection/callback/CallbackInfo;)V has 0 override(s) in child classes
[076月2026 16:52:17.730] [main/DEBUG] [mixin/]: mixins.arclight.core.json:world.entity.AreaEffectCloudMixin from mod (unknown)->@Inject::arclight$discard(Lorg/spongepowered/asm/mixin/injection/callback/CallbackInfo;)V won't be passed a CallbackInfo as a result
[076月2026 16:52:17.732] [main/DEBUG] [mixin/]: Mixing world.entity.animal.armadillo.ArmadilloMixin from mixins.arclight.core.json into net.minecraft.world.entity.animal.armadillo.Armadillo
[076月2026 16:52:17.733] [main/DEBUG] [mixin/]: mixins.arclight.core.json:world.entity.animal.armadillo.ArmadilloMixin from mod (unknown)->@Inject::arclight$forceDrop1(Lorg/spongepowered/asm/mixin/injection/callback/CallbackInfo;)V doesn't use it's CallbackInfo
[076月2026 16:52:17.733] [main/DEBUG] [mixin/]: mixins.arclight.core.json:world.entity.animal.armadillo.ArmadilloMixin from mod (unknown)->@Inject::arclight$forceDrop1(Lorg/spongepowered/asm/mixin/injection/callback/CallbackInfo;)V has 0 override(s) in child classes
[076月2026 16:52:17.733] [main/DEBUG] [mixin/]: mixins.arclight.core.json:world.entity.animal.armadillo.ArmadilloMixin from mod (unknown)->@Inject::arclight$forceDrop1(Lorg/spongepowered/asm/mixin/injection/callback/CallbackInfo;)V won't be passed a CallbackInfo as a result
[076月2026 16:52:17.733] [main/DEBUG] [mixin/]: mixins.arclight.core.json:world.entity.animal.armadillo.ArmadilloMixin from mod (unknown)->@Inject::arclight$forceDrop2(Lorg/spongepowered/asm/mixin/injection/callback/CallbackInfo;)V doesn't use it's CallbackInfo
[076月2026 16:52:17.733] [main/DEBUG] [mixin/]: mixins.arclight.core.json:world.entity.animal.armadillo.ArmadilloMixin from mod (unknown)->@Inject::arclight$forceDrop2(Lorg/spongepowered/asm/mixin/injection/callback/CallbackInfo;)V has 0 override(s) in child classes
[076月2026 16:52:17.733] [main/DEBUG] [mixin/]: mixins.arclight.core.json:world.entity.animal.armadillo.ArmadilloMixin from mod (unknown)->@Inject::arclight$forceDrop2(Lorg/spongepowered/asm/mixin/injection/callback/CallbackInfo;)V won't be passed a CallbackInfo as a result
[076月2026 16:52:17.733] [main/DEBUG] [mixin/]: mixins.arclight.core.json:world.entity.animal.armadillo.ArmadilloMixin from mod (unknown)->@Inject::arclight$forceDrop3(Lorg/spongepowered/asm/mixin/injection/callback/CallbackInfoReturnable;)V doesn't use it's CallbackInfoReturnable
[076月2026 16:52:17.733] [main/DEBUG] [mixin/]: mixins.arclight.core.json:world.entity.animal.armadillo.ArmadilloMixin from mod (unknown)->@Inject::arclight$forceDrop3(Lorg/spongepowered/asm/mixin/injection/callback/CallbackInfoReturnable;)V has 0 override(s) in child classes
[076月2026 16:52:17.733] [main/DEBUG] [mixin/]: mixins.arclight.core.json:world.entity.animal.armadillo.ArmadilloMixin from mod (unknown)->@Inject::arclight$forceDrop3(Lorg/spongepowered/asm/mixin/injection/callback/CallbackInfoReturnable;)V won't be passed a CallbackInfoReturnable as a result
[076月2026 16:52:17.733] [main/DEBUG] [mixin/]: mixins.arclight.core.json:world.entity.animal.armadillo.ArmadilloMixin from mod (unknown)->@Inject::arclight$forceDrop4(Lorg/spongepowered/asm/mixin/injection/callback/CallbackInfoReturnable;)V doesn't use it's CallbackInfoReturnable
[076月2026 16:52:17.733] [main/DEBUG] [mixin/]: mixins.arclight.core.json:world.entity.animal.armadillo.ArmadilloMixin from mod (unknown)->@Inject::arclight$forceDrop4(Lorg/spongepowered/asm/mixin/injection/callback/CallbackInfoReturnable;)V has 0 override(s) in child classes
[076月2026 16:52:17.733] [main/DEBUG] [mixin/]: mixins.arclight.core.json:world.entity.animal.armadillo.ArmadilloMixin from mod (unknown)->@Inject::arclight$forceDrop4(Lorg/spongepowered/asm/mixin/injection/callback/CallbackInfoReturnable;)V won't be passed a CallbackInfoReturnable as a result
[076月2026 16:52:17.733] [main/DEBUG] [mixin/]: mixins.arclight.core.json:world.entity.animal.armadillo.ArmadilloMixin from mod (unknown)->@Inject::arclight$hurtCancel(Lnet/minecraft/world/damagesource/DamageSource;FLorg/spongepowered/asm/mixin/injection/callback/CallbackInfo;)V does use it's CallbackInfo
[076月2026 16:52:17.735] [main/DEBUG] [mixin/]: Mixing world.entity.ExperienceOrbMixin from mixins.arclight.core.json into net.minecraft.world.entity.ExperienceOrb
[076月2026 16:52:17.739] [main/DEBUG] [mixin/]: mixins.arclight.core.json:world.entity.ExperienceOrbMixin from mod (unknown)->@Inject::arclight$tickDespawn(Lorg/spongepowered/asm/mixin/injection/callback/CallbackInfo;)V doesn't use it's CallbackInfo
[076月2026 16:52:17.739] [main/DEBUG] [mixin/]: mixins.arclight.core.json:world.entity.ExperienceOrbMixin from mod (unknown)->@Inject::arclight$tickDespawn(Lorg/spongepowered/asm/mixin/injection/callback/CallbackInfo;)V has 0 override(s) in child classes
[076月2026 16:52:17.739] [main/DEBUG] [mixin/]: mixins.arclight.core.json:world.entity.ExperienceOrbMixin from mod (unknown)->@Inject::arclight$tickDespawn(Lorg/spongepowered/asm/mixin/injection/callback/CallbackInfo;)V won't be passed a CallbackInfo as a result
[076月2026 16:52:17.739] [main/DEBUG] [mixin/]: mixins.arclight.core.json:world.entity.ExperienceOrbMixin from mod (unknown)->@Inject::arclight$merge(Lorg/spongepowered/asm/mixin/injection/callback/CallbackInfo;)V doesn't use it's CallbackInfo
[076月2026 16:52:17.739] [main/DEBUG] [mixin/]: mixins.arclight.core.json:world.entity.ExperienceOrbMixin from mod (unknown)->@Inject::arclight$merge(Lorg/spongepowered/asm/mixin/injection/callback/CallbackInfo;)V has 0 override(s) in child classes
[076月2026 16:52:17.739] [main/DEBUG] [mixin/]: mixins.arclight.core.json:world.entity.ExperienceOrbMixin from mod (unknown)->@Inject::arclight$merge(Lorg/spongepowered/asm/mixin/injection/callback/CallbackInfo;)V won't be passed a CallbackInfo as a result
[076月2026 16:52:17.739] [main/DEBUG] [mixin/]: mixins.arclight.core.json:world.entity.ExperienceOrbMixin from mod (unknown)->@Inject::arclight$pickup(Lorg/spongepowered/asm/mixin/injection/callback/CallbackInfo;)V doesn't use it's CallbackInfo
[076月2026 16:52:17.739] [main/DEBUG] [mixin/]: mixins.arclight.core.json:world.entity.ExperienceOrbMixin from mod (unknown)->@Inject::arclight$pickup(Lorg/spongepowered/asm/mixin/injection/callback/CallbackInfo;)V has 0 override(s) in child classes
[076月2026 16:52:17.739] [main/DEBUG] [mixin/]: mixins.arclight.core.json:world.entity.ExperienceOrbMixin from mod (unknown)->@Inject::arclight$pickup(Lorg/spongepowered/asm/mixin/injection/callback/CallbackInfo;)V won't be passed a CallbackInfo as a result
[076月2026 16:52:17.739] [main/DEBUG] [mixin/]: mixins.arclight.core.json:world.entity.ExperienceOrbMixin from mod (unknown)->@Inject::arclight$captureLast(Lorg/spongepowered/asm/mixin/injection/callback/CallbackInfo;)V doesn't use it's CallbackInfo
[076月2026 16:52:17.739] [main/DEBUG] [mixin/]: mixins.arclight.core.json:world.entity.ExperienceOrbMixin from mod (unknown)->@Inject::arclight$captureLast(Lorg/spongepowered/asm/mixin/injection/callback/CallbackInfo;)V has 0 override(s) in child classes
[076月2026 16:52:17.739] [main/DEBUG] [mixin/]: mixins.arclight.core.json:world.entity.ExperienceOrbMixin from mod (unknown)->@Inject::arclight$captureLast(Lorg/spongepowered/asm/mixin/injection/callback/CallbackInfo;)V won't be passed a CallbackInfo as a result
[076月2026 16:52:17.739] [main/DEBUG] [mixin/]: mixins.arclight.core.json:world.entity.ExperienceOrbMixin from mod (unknown)->@Inject::arclight$captureReset(Lorg/spongepowered/asm/mixin/injection/callback/CallbackInfo;)V doesn't use it's CallbackInfo
[076月2026 16:52:17.739] [main/DEBUG] [mixin/]: mixins.arclight.core.json:world.entity.ExperienceOrbMixin from mod (unknown)->@Inject::arclight$captureReset(Lorg/spongepowered/asm/mixin/injection/callback/CallbackInfo;)V has 0 override(s) in child classes
[076月2026 16:52:17.739] [main/DEBUG] [mixin/]: mixins.arclight.core.json:world.entity.ExperienceOrbMixin from mod (unknown)->@Inject::arclight$captureReset(Lorg/spongepowered/asm/mixin/injection/callback/CallbackInfo;)V won't be passed a CallbackInfo as a result
[076月2026 16:52:17.740] [main/DEBUG] [mixin/]: mixins.arclight.core.json:world.entity.ExperienceOrbMixin from mod (unknown)->@Inject::arclight$higherLevelSplit(ILorg/spongepowered/asm/mixin/injection/callback/CallbackInfoReturnable;)V does use it's CallbackInfoReturnable
[076月2026 16:52:17.743] [main/DEBUG] [mixin/]: Mixing world.entity.decoration.ArmorStandMixin from mixins.arclight.core.json into net.minecraft.world.entity.decoration.ArmorStand
[076月2026 16:52:17.746] [main/DEBUG] [mixin/]: mixins.arclight.core.json:world.entity.decoration.ArmorStandMixin from mod (unknown)->@Inject::arclight$damageDropOut(Lnet/minecraft/world/damagesource/DamageSource;FLorg/spongepowered/asm/mixin/injection/callback/CallbackInfoReturnable;)V does use it's CallbackInfoReturnable
[076月2026 16:52:17.746] [main/DEBUG] [mixin/]: mixins.arclight.core.json:world.entity.decoration.ArmorStandMixin from mod (unknown)->@Inject::arclight$damageNormal(Lnet/minecraft/world/damagesource/DamageSource;FLorg/spongepowered/asm/mixin/injection/callback/CallbackInfoReturnable;)V does use it's CallbackInfoReturnable
[076月2026 16:52:17.746] [main/DEBUG] [mixin/]: mixins.arclight.core.json:world.entity.decoration.ArmorStandMixin from mod (unknown)->@Inject::arclight$pushRemoveCause(Lorg/spongepowered/asm/mixin/injection/callback/CallbackInfo;)V doesn't use it's CallbackInfo
[076月2026 16:52:17.746] [main/DEBUG] [mixin/]: mixins.arclight.core.json:world.entity.decoration.ArmorStandMixin from mod (unknown)->@Inject::arclight$pushRemoveCause(Lorg/spongepowered/asm/mixin/injection/callback/CallbackInfo;)V has 0 override(s) in child classes
[076月2026 16:52:17.746] [main/DEBUG] [mixin/]: mixins.arclight.core.json:world.entity.decoration.ArmorStandMixin from mod (unknown)->@Inject::arclight$pushRemoveCause(Lorg/spongepowered/asm/mixin/injection/callback/CallbackInfo;)V won't be passed a CallbackInfo as a result
[076月2026 16:52:17.746] [main/DEBUG] [mixin/]: mixins.arclight.core.json:world.entity.decoration.ArmorStandMixin from mod (unknown)->@Inject::arclight$spawnLast(Lnet/minecraft/server/level/ServerLevel;Lnet/minecraft/world/damagesource/DamageSource;Lorg/spongepowered/asm/mixin/injection/callback/CallbackInfo;)V doesn't use it's CallbackInfo
[076月2026 16:52:17.746] [main/DEBUG] [mixin/]: mixins.arclight.core.json:world.entity.decoration.ArmorStandMixin from mod (unknown)->@Inject::arclight$spawnLast(Lnet/minecraft/server/level/ServerLevel;Lnet/minecraft/world/damagesource/DamageSource;Lorg/spongepowered/asm/mixin/injection/callback/CallbackInfo;)V has 0 override(s) in child classes
[076月2026 16:52:17.746] [main/DEBUG] [mixin/]: mixins.arclight.core.json:world.entity.decoration.ArmorStandMixin from mod (unknown)->@Inject::arclight$spawnLast(Lnet/minecraft/server/level/ServerLevel;Lnet/minecraft/world/damagesource/DamageSource;Lorg/spongepowered/asm/mixin/injection/callback/CallbackInfo;)V won't be passed a CallbackInfo as a result
[076月2026 16:52:17.746] [main/DEBUG] [mixin/]: mixins.arclight.core.json:world.entity.decoration.ArmorStandMixin from mod (unknown)->@Inject::arclight$manipulateEvent(Lnet/minecraft/world/entity/player/Player;Lnet/minecraft/world/entity/EquipmentSlot;Lnet/minecraft/world/item/ItemStack;Lnet/minecraft/world/InteractionHand;Lorg/spongepowered/asm/mixin/injection/callback/CallbackInfoReturnable;)V does use it's CallbackInfoReturnable
[076月2026 16:52:17.749] [main/DEBUG] [mixin/]: Mixing world.entity.projectile.ArrowMixin from mixins.arclight.core.json into net.minecraft.world.entity.projectile.Arrow
[076月2026 16:52:17.750] [main/DEBUG] [mixin/]: mixins.arclight.core.json:world.entity.projectile.ArrowMixin from mod (unknown)->@Inject::arclight$arrowHit(Lnet/minecraft/world/entity/LivingEntity;Lorg/spongepowered/asm/mixin/injection/callback/CallbackInfo;)V doesn't use it's CallbackInfo
[076月2026 16:52:17.750] [main/DEBUG] [mixin/]: mixins.arclight.core.json:world.entity.projectile.ArrowMixin from mod (unknown)->@Inject::arclight$arrowHit(Lnet/minecraft/world/entity/LivingEntity;Lorg/spongepowered/asm/mixin/injection/callback/CallbackInfo;)V has 0 override(s) in child classes
[076月2026 16:52:17.750] [main/DEBUG] [mixin/]: mixins.arclight.core.json:world.entity.projectile.ArrowMixin from mod (unknown)->@Inject::arclight$arrowHit(Lnet/minecraft/world/entity/LivingEntity;Lorg/spongepowered/asm/mixin/injection/callback/CallbackInfo;)V won't be passed a CallbackInfo as a result
[076月2026 16:52:17.750] [main/DEBUG] [mixin/]: mixins.arclight.core.json:world.entity.projectile.ArrowMixin from mod (unknown)->@Inject::arclight$arrowHit(Lnet/minecraft/world/entity/LivingEntity;Lorg/spongepowered/asm/mixin/injection/callback/CallbackInfo;)V doesn't use it's CallbackInfo
[076月2026 16:52:17.750] [main/DEBUG] [mixin/]: mixins.arclight.core.json:world.entity.projectile.ArrowMixin from mod (unknown)->@Inject::arclight$arrowHit(Lnet/minecraft/world/entity/LivingEntity;Lorg/spongepowered/asm/mixin/injection/callback/CallbackInfo;)V has 0 override(s) in child classes
[076月2026 16:52:17.750] [main/DEBUG] [mixin/]: mixins.arclight.core.json:world.entity.projectile.ArrowMixin from mod (unknown)->@Inject::arclight$arrowHit(Lnet/minecraft/world/entity/LivingEntity;Lorg/spongepowered/asm/mixin/injection/callback/CallbackInfo;)V won't be passed a CallbackInfo as a result
[076月2026 16:52:17.753] [main/DEBUG] [mixin/]: Mixing world.entity.animal.axolotl.AxolotlMixin from mixins.arclight.core.json into net.minecraft.world.entity.animal.axolotl.Axolotl
[076月2026 16:52:17.754] [main/DEBUG] [mixin/]: mixins.arclight.core.json:world.entity.animal.axolotl.AxolotlMixin from mod (unknown)->@Inject::arclight$useBukkitMaxAir(Lorg/spongepowered/asm/mixin/injection/callback/CallbackInfoReturnable;)V does use it's CallbackInfoReturnable
[076月2026 16:52:17.754] [main/DEBUG] [mixin/]: mixins.arclight.core.json:world.entity.animal.axolotl.AxolotlMixin from mod (unknown)->@Inject::arclight$cause(Lnet/minecraft/world/entity/player/Player;Lorg/spongepowered/asm/mixin/injection/callback/CallbackInfo;)V doesn't use it's CallbackInfo
[076月2026 16:52:17.754] [main/DEBUG] [mixin/]: mixins.arclight.core.json:world.entity.animal.axolotl.AxolotlMixin from mod (unknown)->@Inject::arclight$cause(Lnet/minecraft/world/entity/player/Player;Lorg/spongepowered/asm/mixin/injection/callback/CallbackInfo;)V has 0 override(s) in child classes
[076月2026 16:52:17.754] [main/DEBUG] [mixin/]: mixins.arclight.core.json:world.entity.animal.axolotl.AxolotlMixin from mod (unknown)->@Inject::arclight$cause(Lnet/minecraft/world/entity/player/Player;Lorg/spongepowered/asm/mixin/injection/callback/CallbackInfo;)V won't be passed a CallbackInfo as a result
[076月2026 16:52:17.757] [main/DEBUG] [mixin/]: Mixing world.entity.ambient.BatMixin from mixins.arclight.core.json into net.minecraft.world.entity.ambient.Bat
[076月2026 16:52:17.758] [main/DEBUG] [mixin/]: mixins.arclight.core.json:world.entity.ambient.BatMixin from mod (unknown)->@Inject::arclight$toggleSleep(Lorg/spongepowered/asm/mixin/injection/callback/CallbackInfo;)V does use it's CallbackInfo
[076月2026 16:52:17.758] [main/DEBUG] [mixin/]: mixins.arclight.core.json:world.entity.ambient.BatMixin from mod (unknown)->@Inject::arclight$toggleSleep(Lorg/spongepowered/asm/mixin/injection/callback/CallbackInfo;)V does use it's CallbackInfo
[076月2026 16:52:17.758] [main/DEBUG] [mixin/]: mixins.arclight.core.json:world.entity.ambient.BatMixin from mod (unknown)->@Inject::arclight$toggleSleep(Lorg/spongepowered/asm/mixin/injection/callback/CallbackInfo;)V does use it's CallbackInfo
[076月2026 16:52:17.760] [main/DEBUG] [mixin/]: Mixing world.entity.animal.BeeMixin from mixins.arclight.core.json into net.minecraft.world.entity.animal.Bee
[076月2026 16:52:17.762] [main/DEBUG] [mixin/]: mixins.arclight.core.json:world.entity.animal.BeeMixin from mod (unknown)->@Inject::arclight$removePos(Lnet/minecraft/nbt/CompoundTag;Lorg/spongepowered/asm/mixin/injection/callback/CallbackInfo;)V doesn't use it's CallbackInfo
[076月2026 16:52:17.762] [main/DEBUG] [mixin/]: mixins.arclight.core.json:world.entity.animal.BeeMixin from mod (unknown)->@Inject::arclight$removePos(Lnet/minecraft/nbt/CompoundTag;Lorg/spongepowered/asm/mixin/injection/callback/CallbackInfo;)V has 0 override(s) in child classes
[076月2026 16:52:17.762] [main/DEBUG] [mixin/]: mixins.arclight.core.json:world.entity.animal.BeeMixin from mod (unknown)->@Inject::arclight$removePos(Lnet/minecraft/nbt/CompoundTag;Lorg/spongepowered/asm/mixin/injection/callback/CallbackInfo;)V won't be passed a CallbackInfo as a result
[076月2026 16:52:17.762] [main/DEBUG] [mixin/]: mixins.arclight.core.json:world.entity.animal.BeeMixin from mod (unknown)->@Inject::arclight$sting(Lnet/minecraft/world/entity/Entity;Lorg/spongepowered/asm/mixin/injection/callback/CallbackInfoReturnable;)V doesn't use it's CallbackInfoReturnable
[076月2026 16:52:17.762] [main/DEBUG] [mixin/]: mixins.arclight.core.json:world.entity.animal.BeeMixin from mod (unknown)->@Inject::arclight$sting(Lnet/minecraft/world/entity/Entity;Lorg/spongepowered/asm/mixin/injection/callback/CallbackInfoReturnable;)V has 0 override(s) in child classes
[076月2026 16:52:17.762] [main/DEBUG] [mixin/]: mixins.arclight.core.json:world.entity.animal.BeeMixin from mod (unknown)->@Inject::arclight$sting(Lnet/minecraft/world/entity/Entity;Lorg/spongepowered/asm/mixin/injection/callback/CallbackInfoReturnable;)V won't be passed a CallbackInfoReturnable as a result
[076月2026 16:52:17.764] [main/DEBUG] [mixin/]: Mixing GoalMixin from mixins.arclight.impl.optimization.json into net.minecraft.world.entity.ai.goal.Goal
[076月2026 16:52:17.765] [main/DEBUG] [mixin/]: Mixing world.entity.ai.goal.TemptGoalMixin from mixins.arclight.core.json into net.minecraft.world.entity.ai.goal.TemptGoal
[076月2026 16:52:17.766] [main/DEBUG] [mixin/]: mixins.arclight.core.json:world.entity.ai.goal.TemptGoalMixin from mod (unknown)->@Inject::arclight$tempt(Lorg/spongepowered/asm/mixin/injection/callback/CallbackInfoReturnable;)V does use it's CallbackInfoReturnable
[076月2026 16:52:17.768] [main/DEBUG] [mixin/]: Mixing world.entity.animal.Bee_GrowCropGoalMixin from mixins.arclight.core.json into net.minecraft.world.entity.animal.Bee$BeeGrowCropGoal
[076月2026 16:52:17.769] [main/DEBUG] [mixin/]: mixins.arclight.core.json:world.entity.animal.Bee_GrowCropGoalMixin from mod (unknown)->@Inject::arclight$entityChangeBlock(Lorg/spongepowered/asm/mixin/injection/callback/CallbackInfo;ILnet/minecraft/core/BlockPos;Lnet/minecraft/world/level/block/state/BlockState;Lnet/minecraft/world/level/block/Block;Lnet/minecraft/world/level/block/state/BlockState;)V does use it's CallbackInfo
[076月2026 16:52:17.770] [main/DEBUG] [mixin/]: Mixing world.entity.ai.goal.target.HurtByTargetGoalMixin from mixins.arclight.core.json into net.minecraft.world.entity.ai.goal.target.HurtByTargetGoal
[076月2026 16:52:17.770] [main/DEBUG] [mixin/]: mixins.arclight.core.json:world.entity.ai.goal.target.HurtByTargetGoalMixin from mod (unknown)->@Inject::arclight$reason1(Lorg/spongepowered/asm/mixin/injection/callback/CallbackInfo;)V doesn't use it's CallbackInfo
[076月2026 16:52:17.770] [main/DEBUG] [mixin/]: mixins.arclight.core.json:world.entity.ai.goal.target.HurtByTargetGoalMixin from mod (unknown)->@Inject::arclight$reason1(Lorg/spongepowered/asm/mixin/injection/callback/CallbackInfo;)V has 0 override(s) in child classes
[076月2026 16:52:17.770] [main/DEBUG] [mixin/]: mixins.arclight.core.json:world.entity.ai.goal.target.HurtByTargetGoalMixin from mod (unknown)->@Inject::arclight$reason1(Lorg/spongepowered/asm/mixin/injection/callback/CallbackInfo;)V won't be passed a CallbackInfo as a result
[076月2026 16:52:17.770] [main/DEBUG] [mixin/]: mixins.arclight.core.json:world.entity.ai.goal.target.HurtByTargetGoalMixin from mod (unknown)->@Inject::arclight$reason2(Lnet/minecraft/world/entity/Mob;Lnet/minecraft/world/entity/LivingEntity;Lorg/spongepowered/asm/mixin/injection/callback/CallbackInfo;)V doesn't use it's CallbackInfo
[076月2026 16:52:17.770] [main/DEBUG] [mixin/]: mixins.arclight.core.json:world.entity.ai.goal.target.HurtByTargetGoalMixin from mod (unknown)->@Inject::arclight$reason2(Lnet/minecraft/world/entity/Mob;Lnet/minecraft/world/entity/LivingEntity;Lorg/spongepowered/asm/mixin/injection/callback/CallbackInfo;)V has 0 override(s) in child classes
[076月2026 16:52:17.770] [main/DEBUG] [mixin/]: mixins.arclight.core.json:world.entity.ai.goal.target.HurtByTargetGoalMixin from mod (unknown)->@Inject::arclight$reason2(Lnet/minecraft/world/entity/Mob;Lnet/minecraft/world/entity/LivingEntity;Lorg/spongepowered/asm/mixin/injection/callback/CallbackInfo;)V won't be passed a CallbackInfo as a result
[076月2026 16:52:17.771] [main/DEBUG] [mixin/]: Mixing world.entity.ai.goal.target.TargetGoalMixin from mixins.arclight.core.json into net.minecraft.world.entity.ai.goal.target.TargetGoal
[076月2026 16:52:17.771] [main/DEBUG] [mixin/]: mixins.arclight.core.json:world.entity.ai.goal.target.TargetGoalMixin from mod (unknown)->@Inject::arclight$reason(Lorg/spongepowered/asm/mixin/injection/callback/CallbackInfoReturnable;)V doesn't use it's CallbackInfoReturnable
[076月2026 16:52:17.771] [main/DEBUG] [mixin/]: mixins.arclight.core.json:world.entity.ai.goal.target.TargetGoalMixin from mod (unknown)->@Inject::arclight$reason(Lorg/spongepowered/asm/mixin/injection/callback/CallbackInfoReturnable;)V has 0 override(s) in child classes
[076月2026 16:52:17.771] [main/DEBUG] [mixin/]: mixins.arclight.core.json:world.entity.ai.goal.target.TargetGoalMixin from mod (unknown)->@Inject::arclight$reason(Lorg/spongepowered/asm/mixin/injection/callback/CallbackInfoReturnable;)V won't be passed a CallbackInfoReturnable as a result
[076月2026 16:52:17.771] [main/DEBUG] [mixin/]: mixins.arclight.core.json:world.entity.ai.goal.target.TargetGoalMixin from mod (unknown)->@Inject::arclight$reason(Lorg/spongepowered/asm/mixin/injection/callback/CallbackInfo;)V doesn't use it's CallbackInfo
[076月2026 16:52:17.771] [main/DEBUG] [mixin/]: mixins.arclight.core.json:world.entity.ai.goal.target.TargetGoalMixin from mod (unknown)->@Inject::arclight$reason(Lorg/spongepowered/asm/mixin/injection/callback/CallbackInfo;)V has 3 override(s) in child classes
[076月2026 16:52:17.771] [main/DEBUG] [mixin/]: mixins.arclight.core.json:world.entity.ai.goal.target.TargetGoalMixin from mod (unknown)->@Inject::arclight$reason(Lorg/spongepowered/asm/mixin/injection/callback/CallbackInfo;)V won't be passed a CallbackInfo as a result
[076月2026 16:52:17.772] [main/DEBUG] [mixin/]: Mixing world.entity.ai.goal.target.NearestAttackableTargetGoalMixin from mixins.arclight.core.json into net.minecraft.world.entity.ai.goal.target.NearestAttackableTargetGoal
[076月2026 16:52:17.772] [main/DEBUG] [mixin/]: mixins.arclight.core.json:world.entity.ai.goal.target.NearestAttackableTargetGoalMixin from mod (unknown)->@Inject::arclight$reason(Lorg/spongepowered/asm/mixin/injection/callback/CallbackInfo;)V doesn't use it's CallbackInfo
[076月2026 16:52:17.772] [main/DEBUG] [mixin/]: mixins.arclight.core.json:world.entity.ai.goal.target.NearestAttackableTargetGoalMixin from mod (unknown)->@Inject::arclight$reason(Lorg/spongepowered/asm/mixin/injection/callback/CallbackInfo;)V has 0 override(s) in child classes
[076月2026 16:52:17.772] [main/DEBUG] [mixin/]: mixins.arclight.core.json:world.entity.ai.goal.target.NearestAttackableTargetGoalMixin from mod (unknown)->@Inject::arclight$reason(Lorg/spongepowered/asm/mixin/injection/callback/CallbackInfo;)V won't be passed a CallbackInfo as a result
[076月2026 16:52:17.782] [main/DEBUG] [mixin/]: Mixing world.entity.monster.AbstractSkeletonMixin from mixins.arclight.core.json into net.minecraft.world.entity.monster.AbstractSkeleton
[076月2026 16:52:17.783] [main/DEBUG] [mixin/]: mixins.arclight.core.json:world.entity.monster.AbstractSkeletonMixin from mod (unknown)->@Inject::arclight$shootBow(Lnet/minecraft/world/entity/LivingEntity;FLorg/spongepowered/asm/mixin/injection/callback/CallbackInfo;Lnet/minecraft/world/item/ItemStack;Lnet/minecraft/world/item/ItemStack;Lnet/minecraft/world/entity/projectile/AbstractArrow;)V does use it's CallbackInfo
[076月2026 16:52:17.788] [main/DEBUG] [mixin/]: Mixing world.entity.projectile.windcharge.AbstractWindChargeMixin from mixins.arclight.core.json into net.minecraft.world.entity.projectile.windcharge.AbstractWindCharge
[076月2026 16:52:17.789] [main/DEBUG] [mixin/]: mixins.arclight.core.json:world.entity.projectile.windcharge.AbstractWindChargeMixin from mod (unknown)->@Inject::arclight$hitBlock(Lnet/minecraft/world/phys/BlockHitResult;Lorg/spongepowered/asm/mixin/injection/callback/CallbackInfo;)V doesn't use it's CallbackInfo
[076月2026 16:52:17.789] [main/DEBUG] [mixin/]: mixins.arclight.core.json:world.entity.projectile.windcharge.AbstractWindChargeMixin from mod (unknown)->@Inject::arclight$hitBlock(Lnet/minecraft/world/phys/BlockHitResult;Lorg/spongepowered/asm/mixin/injection/callback/CallbackInfo;)V has 0 override(s) in child classes
[076月2026 16:52:17.789] [main/DEBUG] [mixin/]: mixins.arclight.core.json:world.entity.projectile.windcharge.AbstractWindChargeMixin from mod (unknown)->@Inject::arclight$hitBlock(Lnet/minecraft/world/phys/BlockHitResult;Lorg/spongepowered/asm/mixin/injection/callback/CallbackInfo;)V won't be passed a CallbackInfo as a result
[076月2026 16:52:17.789] [main/DEBUG] [mixin/]: mixins.arclight.core.json:world.entity.projectile.windcharge.AbstractWindChargeMixin from mod (unknown)->@Inject::arclight$hit(Lnet/minecraft/world/phys/HitResult;Lorg/spongepowered/asm/mixin/injection/callback/CallbackInfo;)V doesn't use it's CallbackInfo
[076月2026 16:52:17.789] [main/DEBUG] [mixin/]: mixins.arclight.core.json:world.entity.projectile.windcharge.AbstractWindChargeMixin from mod (unknown)->@Inject::arclight$hit(Lnet/minecraft/world/phys/HitResult;Lorg/spongepowered/asm/mixin/injection/callback/CallbackInfo;)V has 0 override(s) in child classes
[076月2026 16:52:17.789] [main/DEBUG] [mixin/]: mixins.arclight.core.json:world.entity.projectile.windcharge.AbstractWindChargeMixin from mod (unknown)->@Inject::arclight$hit(Lnet/minecraft/world/phys/HitResult;Lorg/spongepowered/asm/mixin/injection/callback/CallbackInfo;)V won't be passed a CallbackInfo as a result
[076月2026 16:52:17.789] [main/DEBUG] [mixin/]: mixins.arclight.core.json:world.entity.projectile.windcharge.AbstractWindChargeMixin from mod (unknown)->@Inject::arclight$outOfWorld(Lorg/spongepowered/asm/mixin/injection/callback/CallbackInfo;)V doesn't use it's CallbackInfo
[076月2026 16:52:17.789] [main/DEBUG] [mixin/]: mixins.arclight.core.json:world.entity.projectile.windcharge.AbstractWindChargeMixin from mod (unknown)->@Inject::arclight$outOfWorld(Lorg/spongepowered/asm/mixin/injection/callback/CallbackInfo;)V has 0 override(s) in child classes
[076月2026 16:52:17.789] [main/DEBUG] [mixin/]: mixins.arclight.core.json:world.entity.projectile.windcharge.AbstractWindChargeMixin from mod (unknown)->@Inject::arclight$outOfWorld(Lorg/spongepowered/asm/mixin/injection/callback/CallbackInfo;)V won't be passed a CallbackInfo as a result
[076月2026 16:52:17.791] [main/DEBUG] [mixin/]: Mixing world.entity.projectile.AbstractHurtingProjectileMixin from mixins.arclight.core.json into net.minecraft.world.entity.projectile.AbstractHurtingProjectile
[076月2026 16:52:17.792] [main/DEBUG] [mixin/]: mixins.arclight.core.json:world.entity.projectile.AbstractHurtingProjectileMixin from mod (unknown)->@Inject::arclight$init(Lnet/minecraft/world/entity/EntityType;Lnet/minecraft/world/level/Level;Lorg/spongepowered/asm/mixin/injection/callback/CallbackInfo;)V doesn't use it's CallbackInfo
[076月2026 16:52:17.792] [main/DEBUG] [mixin/]: mixins.arclight.core.json:world.entity.projectile.AbstractHurtingProjectileMixin from mod (unknown)->@Inject::arclight$init(Lnet/minecraft/world/entity/EntityType;Lnet/minecraft/world/level/Level;Lorg/spongepowered/asm/mixin/injection/callback/CallbackInfo;)V has 0 override(s) in child classes
[076月2026 16:52:17.792] [main/DEBUG] [mixin/]: mixins.arclight.core.json:world.entity.projectile.AbstractHurtingProjectileMixin from mod (unknown)->@Inject::arclight$init(Lnet/minecraft/world/entity/EntityType;Lnet/minecraft/world/level/Level;Lorg/spongepowered/asm/mixin/injection/callback/CallbackInfo;)V won't be passed a CallbackInfo as a result
[076月2026 16:52:17.792] [main/DEBUG] [mixin/]: mixins.arclight.core.json:world.entity.projectile.AbstractHurtingProjectileMixin from mod (unknown)->@Inject::arclight$despawn(Lorg/spongepowered/asm/mixin/injection/callback/CallbackInfo;)V doesn't use it's CallbackInfo
[076月2026 16:52:17.792] [main/DEBUG] [mixin/]: mixins.arclight.core.json:world.entity.projectile.AbstractHurtingProjectileMixin from mod (unknown)->@Inject::arclight$despawn(Lorg/spongepowered/asm/mixin/injection/callback/CallbackInfo;)V has 0 override(s) in child classes
[076月2026 16:52:17.792] [main/DEBUG] [mixin/]: mixins.arclight.core.json:world.entity.projectile.AbstractHurtingProjectileMixin from mod (unknown)->@Inject::arclight$despawn(Lorg/spongepowered/asm/mixin/injection/callback/CallbackInfo;)V won't be passed a CallbackInfo as a result
[076月2026 16:52:17.795] [main/DEBUG] [mixin/]: Mixing world.entity.animal.camel.CamelMixin from mixins.arclight.core.json into net.minecraft.world.entity.animal.camel.Camel
[076月2026 16:52:17.799] [main/DEBUG] [mixin/]: Mixing world.entity.animal.horse.AbstractHorseMixin from mixins.arclight.core.json into net.minecraft.world.entity.animal.horse.AbstractHorse
[076月2026 16:52:17.802] [main/DEBUG] [mixin/]: mixins.arclight.core.json:world.entity.animal.horse.AbstractHorseMixin from mod (unknown)->@Inject::arclight$init(Lnet/minecraft/world/entity/EntityType;Lnet/minecraft/world/level/Level;Lorg/spongepowered/asm/mixin/injection/callback/CallbackInfo;)V doesn't use it's CallbackInfo
[076月2026 16:52:17.802] [main/DEBUG] [mixin/]: mixins.arclight.core.json:world.entity.animal.horse.AbstractHorseMixin from mod (unknown)->@Inject::arclight$init(Lnet/minecraft/world/entity/EntityType;Lnet/minecraft/world/level/Level;Lorg/spongepowered/asm/mixin/injection/callback/CallbackInfo;)V has 0 override(s) in child classes
[076月2026 16:52:17.802] [main/DEBUG] [mixin/]: mixins.arclight.core.json:world.entity.animal.horse.AbstractHorseMixin from mod (unknown)->@Inject::arclight$init(Lnet/minecraft/world/entity/EntityType;Lnet/minecraft/world/level/Level;Lorg/spongepowered/asm/mixin/injection/callback/CallbackInfo;)V won't be passed a CallbackInfo as a result
[076月2026 16:52:17.802] [main/DEBUG] [mixin/]: mixins.arclight.core.json:world.entity.animal.horse.AbstractHorseMixin from mod (unknown)->@Inject::arclight$healByEating(Lnet/minecraft/world/entity/player/Player;Lnet/minecraft/world/item/ItemStack;Lorg/spongepowered/asm/mixin/injection/callback/CallbackInfoReturnable;)V doesn't use it's CallbackInfoReturnable
[076月2026 16:52:17.802] [main/DEBUG] [mixin/]: mixins.arclight.core.json:world.entity.animal.horse.AbstractHorseMixin from mod (unknown)->@Inject::arclight$healByEating(Lnet/minecraft/world/entity/player/Player;Lnet/minecraft/world/item/ItemStack;Lorg/spongepowered/asm/mixin/injection/callback/CallbackInfoReturnable;)V has 0 override(s) in child classes
[076月2026 16:52:17.802] [main/DEBUG] [mixin/]: mixins.arclight.core.json:world.entity.animal.horse.AbstractHorseMixin from mod (unknown)->@Inject::arclight$healByEating(Lnet/minecraft/world/entity/player/Player;Lnet/minecraft/world/item/ItemStack;Lorg/spongepowered/asm/mixin/injection/callback/CallbackInfoReturnable;)V won't be passed a CallbackInfoReturnable as a result
[076月2026 16:52:17.802] [main/DEBUG] [mixin/]: mixins.arclight.core.json:world.entity.animal.horse.AbstractHorseMixin from mod (unknown)->@Inject::arclight$healByRegen(Lorg/spongepowered/asm/mixin/injection/callback/CallbackInfo;)V doesn't use it's CallbackInfo
[076月2026 16:52:17.802] [main/DEBUG] [mixin/]: mixins.arclight.core.json:world.entity.animal.horse.AbstractHorseMixin from mod (unknown)->@Inject::arclight$healByRegen(Lorg/spongepowered/asm/mixin/injection/callback/CallbackInfo;)V has 0 override(s) in child classes
[076月2026 16:52:17.802] [main/DEBUG] [mixin/]: mixins.arclight.core.json:world.entity.animal.horse.AbstractHorseMixin from mod (unknown)->@Inject::arclight$healByRegen(Lorg/spongepowered/asm/mixin/injection/callback/CallbackInfo;)V won't be passed a CallbackInfo as a result
[076月2026 16:52:17.802] [main/DEBUG] [mixin/]: mixins.arclight.core.json:world.entity.animal.horse.AbstractHorseMixin from mod (unknown)->@Inject::arclight$writeTemper(Lnet/minecraft/nbt/CompoundTag;Lorg/spongepowered/asm/mixin/injection/callback/CallbackInfo;)V doesn't use it's CallbackInfo
[076月2026 16:52:17.802] [main/DEBUG] [mixin/]: mixins.arclight.core.json:world.entity.animal.horse.AbstractHorseMixin from mod (unknown)->@Inject::arclight$writeTemper(Lnet/minecraft/nbt/CompoundTag;Lorg/spongepowered/asm/mixin/injection/callback/CallbackInfo;)V has 0 override(s) in child classes
[076月2026 16:52:17.802] [main/DEBUG] [mixin/]: mixins.arclight.core.json:world.entity.animal.horse.AbstractHorseMixin from mod (unknown)->@Inject::arclight$writeTemper(Lnet/minecraft/nbt/CompoundTag;Lorg/spongepowered/asm/mixin/injection/callback/CallbackInfo;)V won't be passed a CallbackInfo as a result
[076月2026 16:52:17.802] [main/DEBUG] [mixin/]: mixins.arclight.core.json:world.entity.animal.horse.AbstractHorseMixin from mod (unknown)->@Inject::arclight$readTemper(Lnet/minecraft/nbt/CompoundTag;Lorg/spongepowered/asm/mixin/injection/callback/CallbackInfo;)V doesn't use it's CallbackInfo
[076月2026 16:52:17.802] [main/DEBUG] [mixin/]: mixins.arclight.core.json:world.entity.animal.horse.AbstractHorseMixin from mod (unknown)->@Inject::arclight$readTemper(Lnet/minecraft/nbt/CompoundTag;Lorg/spongepowered/asm/mixin/injection/callback/CallbackInfo;)V has 0 override(s) in child classes
[076月2026 16:52:17.802] [main/DEBUG] [mixin/]: mixins.arclight.core.json:world.entity.animal.horse.AbstractHorseMixin from mod (unknown)->@Inject::arclight$readTemper(Lnet/minecraft/nbt/CompoundTag;Lorg/spongepowered/asm/mixin/injection/callback/CallbackInfo;)V won't be passed a CallbackInfo as a result
[076月2026 16:52:17.802] [main/DEBUG] [mixin/]: mixins.arclight.core.json:world.entity.animal.horse.AbstractHorseMixin from mod (unknown)->@Inject::arclight$horseJump(ILorg/spongepowered/asm/mixin/injection/callback/CallbackInfo;)V does use it's CallbackInfo
[076月2026 16:52:17.806] [main/DEBUG] [mixin/]: Mixing world.entity.ai.goal.RunAroundLikeCrazyGoalMixin from mixins.arclight.core.json into net.minecraft.world.entity.ai.goal.RunAroundLikeCrazyGoal
[076月2026 16:52:17.810] [main/DEBUG] [mixin/]: Mixing world.entity.animal.CatMixin from mixins.arclight.core.json into net.minecraft.world.entity.animal.Cat
[076月2026 16:52:17.812] [main/DEBUG] [mixin/]: Mixing world.entity.TamableAnimalMixin from mixins.arclight.core.json into net.minecraft.world.entity.TamableAnimal
[076月2026 16:52:17.815] [main/DEBUG] [mixin/]: Mixing world.entity.animal.Cat_CatRelaxOnOwnerGoalMixin from mixins.arclight.core.json into net.minecraft.world.entity.animal.Cat$CatRelaxOnOwnerGoal
[076月2026 16:52:17.818] [main/DEBUG] [mixin/]: Mixing world.entity.monster.CaveSpiderMixin from mixins.arclight.core.json into net.minecraft.world.entity.monster.CaveSpider
[076月2026 16:52:17.819] [main/DEBUG] [mixin/]: mixins.arclight.core.json:world.entity.monster.CaveSpiderMixin from mod (unknown)->@Inject::arclight$potionAttack(Lnet/minecraft/world/entity/Entity;Lorg/spongepowered/asm/mixin/injection/callback/CallbackInfoReturnable;)V doesn't use it's CallbackInfoReturnable
[076月2026 16:52:17.819] [main/DEBUG] [mixin/]: mixins.arclight.core.json:world.entity.monster.CaveSpiderMixin from mod (unknown)->@Inject::arclight$potionAttack(Lnet/minecraft/world/entity/Entity;Lorg/spongepowered/asm/mixin/injection/callback/CallbackInfoReturnable;)V has 0 override(s) in child classes
[076月2026 16:52:17.819] [main/DEBUG] [mixin/]: mixins.arclight.core.json:world.entity.monster.CaveSpiderMixin from mod (unknown)->@Inject::arclight$potionAttack(Lnet/minecraft/world/entity/Entity;Lorg/spongepowered/asm/mixin/injection/callback/CallbackInfoReturnable;)V won't be passed a CallbackInfoReturnable as a result
[076月2026 16:52:17.820] [main/DEBUG] [mixin/]: Mixing world.entity.monster.SpiderMixin from mixins.arclight.core.json into net.minecraft.world.entity.monster.Spider
[076月2026 16:52:17.820] [main/DEBUG] [mixin/]: mixins.arclight.core.json:world.entity.monster.SpiderMixin from mod (unknown)->@Inject::arclight$potionReason(Lnet/minecraft/world/level/ServerLevelAccessor;Lnet/minecraft/world/DifficultyInstance;Lnet/minecraft/world/entity/MobSpawnType;Lnet/minecraft/world/entity/SpawnGroupData;Lorg/spongepowered/asm/mixin/injection/callback/CallbackInfoReturnable;)V doesn't use it's CallbackInfoReturnable
[076月2026 16:52:17.820] [main/DEBUG] [mixin/]: mixins.arclight.core.json:world.entity.monster.SpiderMixin from mod (unknown)->@Inject::arclight$potionReason(Lnet/minecraft/world/level/ServerLevelAccessor;Lnet/minecraft/world/DifficultyInstance;Lnet/minecraft/world/entity/MobSpawnType;Lnet/minecraft/world/entity/SpawnGroupData;Lorg/spongepowered/asm/mixin/injection/callback/CallbackInfoReturnable;)V has 0 override(s) in child classes
[076月2026 16:52:17.820] [main/DEBUG] [mixin/]: mixins.arclight.core.json:world.entity.monster.SpiderMixin from mod (unknown)->@Inject::arclight$potionReason(Lnet/minecraft/world/level/ServerLevelAccessor;Lnet/minecraft/world/DifficultyInstance;Lnet/minecraft/world/entity/MobSpawnType;Lnet/minecraft/world/entity/SpawnGroupData;Lorg/spongepowered/asm/mixin/injection/callback/CallbackInfoReturnable;)V won't be passed a CallbackInfoReturnable as a result
[076月2026 16:52:17.823] [main/DEBUG] [mixin/]: Mixing world.entity.vehicle.ChestBoatMixin from mixins.arclight.core.json into net.minecraft.world.entity.vehicle.ChestBoat
[076月2026 16:52:17.827] [main/DEBUG] [mixin/]: Mixing world.entity.vehicle.AbstractMinecartContainerMixin from mixins.arclight.core.json into net.minecraft.world.entity.vehicle.AbstractMinecartContainer
[076月2026 16:52:17.829] [main/DEBUG] [mixin/]: mixins.arclight.core.json:world.entity.vehicle.AbstractMinecartContainerMixin from mod (unknown)->@Inject::arclight$init(Lnet/minecraft/world/entity/EntityType;Lnet/minecraft/world/level/Level;Lorg/spongepowered/asm/mixin/injection/callback/CallbackInfo;)V doesn't use it's CallbackInfo
[076月2026 16:52:17.829] [main/DEBUG] [mixin/]: mixins.arclight.core.json:world.entity.vehicle.AbstractMinecartContainerMixin from mod (unknown)->@Inject::arclight$init(Lnet/minecraft/world/entity/EntityType;Lnet/minecraft/world/level/Level;Lorg/spongepowered/asm/mixin/injection/callback/CallbackInfo;)V has 0 override(s) in child classes
[076月2026 16:52:17.829] [main/DEBUG] [mixin/]: mixins.arclight.core.json:world.entity.vehicle.AbstractMinecartContainerMixin from mod (unknown)->@Inject::arclight$init(Lnet/minecraft/world/entity/EntityType;Lnet/minecraft/world/level/Level;Lorg/spongepowered/asm/mixin/injection/callback/CallbackInfo;)V won't be passed a CallbackInfo as a result
[076月2026 16:52:17.829] [main/DEBUG] [mixin/]: mixins.arclight.core.json:world.entity.vehicle.AbstractMinecartContainerMixin from mod (unknown)->@Inject::arclight$init(Lnet/minecraft/world/entity/EntityType;DDDLnet/minecraft/world/level/Level;Lorg/spongepowered/asm/mixin/injection/callback/CallbackInfo;)V doesn't use it's CallbackInfo
[076月2026 16:52:17.829] [main/DEBUG] [mixin/]: mixins.arclight.core.json:world.entity.vehicle.AbstractMinecartContainerMixin from mod (unknown)->@Inject::arclight$init(Lnet/minecraft/world/entity/EntityType;DDDLnet/minecraft/world/level/Level;Lorg/spongepowered/asm/mixin/injection/callback/CallbackInfo;)V has 0 override(s) in child classes
[076月2026 16:52:17.829] [main/DEBUG] [mixin/]: mixins.arclight.core.json:world.entity.vehicle.AbstractMinecartContainerMixin from mod (unknown)->@Inject::arclight$init(Lnet/minecraft/world/entity/EntityType;DDDLnet/minecraft/world/level/Level;Lorg/spongepowered/asm/mixin/injection/callback/CallbackInfo;)V won't be passed a CallbackInfo as a result
[076月2026 16:52:17.831] [main/DEBUG] [mixin/]: Mixing world.entity.vehicle.MinecartTNTMixin from mixins.arclight.core.json into net.minecraft.world.entity.vehicle.MinecartTNT
[076月2026 16:52:17.832] [main/DEBUG] [mixin/]: mixins.arclight.core.json:world.entity.vehicle.MinecartTNTMixin from mod (unknown)->@Inject::arclight$explodeCause(Lnet/minecraft/world/damagesource/DamageSource;DLorg/spongepowered/asm/mixin/injection/callback/CallbackInfo;)V doesn't use it's CallbackInfo
[076月2026 16:52:17.832] [main/DEBUG] [mixin/]: mixins.arclight.core.json:world.entity.vehicle.MinecartTNTMixin from mod (unknown)->@Inject::arclight$explodeCause(Lnet/minecraft/world/damagesource/DamageSource;DLorg/spongepowered/asm/mixin/injection/callback/CallbackInfo;)V has 0 override(s) in child classes
[076月2026 16:52:17.832] [main/DEBUG] [mixin/]: mixins.arclight.core.json:world.entity.vehicle.MinecartTNTMixin from mod (unknown)->@Inject::arclight$explodeCause(Lnet/minecraft/world/damagesource/DamageSource;DLorg/spongepowered/asm/mixin/injection/callback/CallbackInfo;)V won't be passed a CallbackInfo as a result
[076月2026 16:52:17.835] [main/DEBUG] [mixin/]: Mixing world.entity.animal.ChickenMixin from mixins.arclight.core.json into net.minecraft.world.entity.animal.Chicken
[076月2026 16:52:17.835] [main/DEBUG] [mixin/]: mixins.arclight.core.json:world.entity.animal.ChickenMixin from mod (unknown)->@Inject::arclight$forceDropOn(Lorg/spongepowered/asm/mixin/injection/callback/CallbackInfo;)V doesn't use it's CallbackInfo
[076月2026 16:52:17.835] [main/DEBUG] [mixin/]: mixins.arclight.core.json:world.entity.animal.ChickenMixin from mod (unknown)->@Inject::arclight$forceDropOn(Lorg/spongepowered/asm/mixin/injection/callback/CallbackInfo;)V has 0 override(s) in child classes
[076月2026 16:52:17.835] [main/DEBUG] [mixin/]: mixins.arclight.core.json:world.entity.animal.ChickenMixin from mod (unknown)->@Inject::arclight$forceDropOn(Lorg/spongepowered/asm/mixin/injection/callback/CallbackInfo;)V won't be passed a CallbackInfo as a result
[076月2026 16:52:17.835] [main/DEBUG] [mixin/]: mixins.arclight.core.json:world.entity.animal.ChickenMixin from mod (unknown)->@Inject::arclight$forceDropOff(Lorg/spongepowered/asm/mixin/injection/callback/CallbackInfo;)V doesn't use it's CallbackInfo
[076月2026 16:52:17.836] [main/DEBUG] [mixin/]: mixins.arclight.core.json:world.entity.animal.ChickenMixin from mod (unknown)->@Inject::arclight$forceDropOff(Lorg/spongepowered/asm/mixin/injection/callback/CallbackInfo;)V has 0 override(s) in child classes
[076月2026 16:52:17.836] [main/DEBUG] [mixin/]: mixins.arclight.core.json:world.entity.animal.ChickenMixin from mod (unknown)->@Inject::arclight$forceDropOff(Lorg/spongepowered/asm/mixin/injection/callback/CallbackInfo;)V won't be passed a CallbackInfo as a result
[076月2026 16:52:17.840] [main/DEBUG] [mixin/]: Mixing world.level.BaseCommandBlockMixin from mixins.arclight.core.json into net.minecraft.world.level.BaseCommandBlock
[076月2026 16:52:17.842] [main/DEBUG] [mixin/]: Mixing world.entity.vehicle.MinecartCommandBlock_MinecartCommandBaseMixin from mixins.arclight.core.json into net.minecraft.world.entity.vehicle.MinecartCommandBlock$MinecartCommandBase
[076月2026 16:52:17.844] [main/DEBUG] [mixin/]: Mixing world.entity.animal.CowMixin from mixins.arclight.core.json into net.minecraft.world.entity.animal.Cow
[076月2026 16:52:17.846] [main/DEBUG] [mixin/]: Mixing world.entity.monster.CreeperMixin from mixins.arclight.core.json into net.minecraft.world.entity.monster.Creeper
[076月2026 16:52:17.850] [main/DEBUG] [mixin/]: mixins.arclight.core.json:world.entity.monster.CreeperMixin from mod (unknown)->@Inject::arclight$catchIgniter(Lnet/minecraft/world/entity/player/Player;Lnet/minecraft/world/InteractionHand;Lorg/spongepowered/asm/mixin/injection/callback/CallbackInfoReturnable;)V doesn't use it's CallbackInfoReturnable
[076月2026 16:52:17.850] [main/DEBUG] [mixin/]: mixins.arclight.core.json:world.entity.monster.CreeperMixin from mod (unknown)->@Inject::arclight$catchIgniter(Lnet/minecraft/world/entity/player/Player;Lnet/minecraft/world/InteractionHand;Lorg/spongepowered/asm/mixin/injection/callback/CallbackInfoReturnable;)V has 0 override(s) in child classes
[076月2026 16:52:17.850] [main/DEBUG] [mixin/]: mixins.arclight.core.json:world.entity.monster.CreeperMixin from mod (unknown)->@Inject::arclight$catchIgniter(Lnet/minecraft/world/entity/player/Player;Lnet/minecraft/world/InteractionHand;Lorg/spongepowered/asm/mixin/injection/callback/CallbackInfoReturnable;)V won't be passed a CallbackInfoReturnable as a result
[076月2026 16:52:17.850] [main/DEBUG] [mixin/]: mixins.arclight.core.json:world.entity.monster.CreeperMixin from mod (unknown)->@Inject::arclight$lightningBolt(Lnet/minecraft/server/level/ServerLevel;Lnet/minecraft/world/entity/LightningBolt;Lorg/spongepowered/asm/mixin/injection/callback/CallbackInfo;)V does use it's CallbackInfo
[076月2026 16:52:17.850] [main/DEBUG] [mixin/]: mixins.arclight.core.json:world.entity.monster.CreeperMixin from mod (unknown)->@Inject::arclight$creeperCloud(Lorg/spongepowered/asm/mixin/injection/callback/CallbackInfo;Ljava/util/Collection;Lnet/minecraft/world/entity/AreaEffectCloud;)V doesn't use it's CallbackInfo
[076月2026 16:52:17.850] [main/DEBUG] [mixin/]: mixins.arclight.core.json:world.entity.monster.CreeperMixin from mod (unknown)->@Inject::arclight$creeperCloud(Lorg/spongepowered/asm/mixin/injection/callback/CallbackInfo;Ljava/util/Collection;Lnet/minecraft/world/entity/AreaEffectCloud;)V has 0 override(s) in child classes
[076月2026 16:52:17.850] [main/DEBUG] [mixin/]: mixins.arclight.core.json:world.entity.monster.CreeperMixin from mod (unknown)->@Inject::arclight$creeperCloud(Lorg/spongepowered/asm/mixin/injection/callback/CallbackInfo;Ljava/util/Collection;Lnet/minecraft/world/entity/AreaEffectCloud;)V won't be passed a CallbackInfo as a result
[076月2026 16:52:17.852] [main/DEBUG] [mixin/]: Mixing world.entity.LightningBoltMixin from mixins.arclight.core.json into net.minecraft.world.entity.LightningBolt
[076月2026 16:52:17.853] [main/DEBUG] [mixin/]: mixins.arclight.core.json:world.entity.LightningBoltMixin from mod (unknown)->@Inject::arclight$tickDespawn(Lorg/spongepowered/asm/mixin/injection/callback/CallbackInfo;)V doesn't use it's CallbackInfo
[076月2026 16:52:17.853] [main/DEBUG] [mixin/]: mixins.arclight.core.json:world.entity.LightningBoltMixin from mod (unknown)->@Inject::arclight$tickDespawn(Lorg/spongepowered/asm/mixin/injection/callback/CallbackInfo;)V has 0 override(s) in child classes
[076月2026 16:52:17.853] [main/DEBUG] [mixin/]: mixins.arclight.core.json:world.entity.LightningBoltMixin from mod (unknown)->@Inject::arclight$tickDespawn(Lorg/spongepowered/asm/mixin/injection/callback/CallbackInfo;)V won't be passed a CallbackInfo as a result
[076月2026 16:52:17.853] [main/DEBUG] [mixin/]: mixins.arclight.core.json:world.entity.LightningBoltMixin from mod (unknown)->@Inject::arclight$captureEntity(Lorg/spongepowered/asm/mixin/injection/callback/CallbackInfo;)V doesn't use it's CallbackInfo
[076月2026 16:52:17.853] [main/DEBUG] [mixin/]: mixins.arclight.core.json:world.entity.LightningBoltMixin from mod (unknown)->@Inject::arclight$captureEntity(Lorg/spongepowered/asm/mixin/injection/callback/CallbackInfo;)V has 0 override(s) in child classes
[076月2026 16:52:17.853] [main/DEBUG] [mixin/]: mixins.arclight.core.json:world.entity.LightningBoltMixin from mod (unknown)->@Inject::arclight$captureEntity(Lorg/spongepowered/asm/mixin/injection/callback/CallbackInfo;)V won't be passed a CallbackInfo as a result
[076月2026 16:52:17.853] [main/DEBUG] [mixin/]: mixins.arclight.core.json:world.entity.LightningBoltMixin from mod (unknown)->@Inject::arclight$resetEntity(Lorg/spongepowered/asm/mixin/injection/callback/CallbackInfo;)V doesn't use it's CallbackInfo
[076月2026 16:52:17.853] [main/DEBUG] [mixin/]: mixins.arclight.core.json:world.entity.LightningBoltMixin from mod (unknown)->@Inject::arclight$resetEntity(Lorg/spongepowered/asm/mixin/injection/callback/CallbackInfo;)V has 0 override(s) in child classes
[076月2026 16:52:17.853] [main/DEBUG] [mixin/]: mixins.arclight.core.json:world.entity.LightningBoltMixin from mod (unknown)->@Inject::arclight$resetEntity(Lorg/spongepowered/asm/mixin/injection/callback/CallbackInfo;)V won't be passed a CallbackInfo as a result
[076月2026 16:52:17.853] [main/DEBUG] [mixin/]: mixins.arclight.core.json:world.entity.LightningBoltMixin from mod (unknown)->@Inject::arclight$onLightning(Lorg/spongepowered/asm/mixin/injection/callback/CallbackInfo;)V doesn't use it's CallbackInfo
[076月2026 16:52:17.853] [main/DEBUG] [mixin/]: mixins.arclight.core.json:world.entity.LightningBoltMixin from mod (unknown)->@Inject::arclight$onLightning(Lorg/spongepowered/asm/mixin/injection/callback/CallbackInfo;)V has 0 override(s) in child classes
[076月2026 16:52:17.853] [main/DEBUG] [mixin/]: mixins.arclight.core.json:world.entity.LightningBoltMixin from mod (unknown)->@Inject::arclight$onLightning(Lorg/spongepowered/asm/mixin/injection/callback/CallbackInfo;)V won't be passed a CallbackInfo as a result
[076月2026 16:52:17.856] [main/DEBUG] [mixin/]: Mixing world.entity.animal.DolphinMixin from mixins.arclight.core.json into net.minecraft.world.entity.animal.Dolphin
[076月2026 16:52:17.856] [main/DEBUG] [mixin/]: mixins.arclight.core.json:world.entity.animal.DolphinMixin from mod (unknown)->@Inject::arclight$entityPick(Lnet/minecraft/world/entity/item/ItemEntity;Lorg/spongepowered/asm/mixin/injection/callback/CallbackInfo;)V does use it's CallbackInfo
[076月2026 16:52:17.856] [main/DEBUG] [mixin/]: mixins.arclight.core.json:world.entity.animal.DolphinMixin from mod (unknown)->@Inject::arclight$pickCause(Lnet/minecraft/world/entity/item/ItemEntity;Lorg/spongepowered/asm/mixin/injection/callback/CallbackInfo;)V doesn't use it's CallbackInfo
[076月2026 16:52:17.856] [main/DEBUG] [mixin/]: mixins.arclight.core.json:world.entity.animal.DolphinMixin from mod (unknown)->@Inject::arclight$pickCause(Lnet/minecraft/world/entity/item/ItemEntity;Lorg/spongepowered/asm/mixin/injection/callback/CallbackInfo;)V has 0 override(s) in child classes
[076月2026 16:52:17.856] [main/DEBUG] [mixin/]: mixins.arclight.core.json:world.entity.animal.DolphinMixin from mod (unknown)->@Inject::arclight$pickCause(Lnet/minecraft/world/entity/item/ItemEntity;Lorg/spongepowered/asm/mixin/injection/callback/CallbackInfo;)V won't be passed a CallbackInfo as a result
[076月2026 16:52:17.856] [main/DEBUG] [mixin/]: mixins.arclight.core.json:world.entity.animal.DolphinMixin from mod (unknown)->@Inject::arclight$useBukkitMaxAir(Lorg/spongepowered/asm/mixin/injection/callback/CallbackInfoReturnable;)V does use it's CallbackInfoReturnable
[076月2026 16:52:17.859] [main/DEBUG] [mixin/]: Mixing world.entity.animal.DolphinEntity_SwimWithPlayerGoalMixin from mixins.arclight.core.json into net.minecraft.world.entity.animal.Dolphin$DolphinSwimWithPlayerGoal
[076月2026 16:52:17.860] [main/DEBUG] [mixin/]: mixins.arclight.core.json:world.entity.animal.DolphinEntity_SwimWithPlayerGoalMixin from mod (unknown)->@Inject::arclight$potionReason1(Lorg/spongepowered/asm/mixin/injection/callback/CallbackInfo;)V doesn't use it's CallbackInfo
[076月2026 16:52:17.860] [main/DEBUG] [mixin/]: mixins.arclight.core.json:world.entity.animal.DolphinEntity_SwimWithPlayerGoalMixin from mod (unknown)->@Inject::arclight$potionReason1(Lorg/spongepowered/asm/mixin/injection/callback/CallbackInfo;)V has 0 override(s) in child classes
[076月2026 16:52:17.860] [main/DEBUG] [mixin/]: mixins.arclight.core.json:world.entity.animal.DolphinEntity_SwimWithPlayerGoalMixin from mod (unknown)->@Inject::arclight$potionReason1(Lorg/spongepowered/asm/mixin/injection/callback/CallbackInfo;)V won't be passed a CallbackInfo as a result
[076月2026 16:52:17.860] [main/DEBUG] [mixin/]: mixins.arclight.core.json:world.entity.animal.DolphinEntity_SwimWithPlayerGoalMixin from mod (unknown)->@Inject::arclight$potionReason2(Lorg/spongepowered/asm/mixin/injection/callback/CallbackInfo;)V doesn't use it's CallbackInfo
[076月2026 16:52:17.860] [main/DEBUG] [mixin/]: mixins.arclight.core.json:world.entity.animal.DolphinEntity_SwimWithPlayerGoalMixin from mod (unknown)->@Inject::arclight$potionReason2(Lorg/spongepowered/asm/mixin/injection/callback/CallbackInfo;)V has 0 override(s) in child classes
[076月2026 16:52:17.860] [main/DEBUG] [mixin/]: mixins.arclight.core.json:world.entity.animal.DolphinEntity_SwimWithPlayerGoalMixin from mod (unknown)->@Inject::arclight$potionReason2(Lorg/spongepowered/asm/mixin/injection/callback/CallbackInfo;)V won't be passed a CallbackInfo as a result
[076月2026 16:52:17.864] [main/DEBUG] [mixin/]: Mixing world.entity.projectile.DragonFireballMixin from mixins.arclight.core.json into net.minecraft.world.entity.projectile.DragonFireball
[076月2026 16:52:17.865] [main/DEBUG] [mixin/]: mixins.arclight.core.json:world.entity.projectile.DragonFireballMixin from mod (unknown)->@Inject::arclight$hit(Lnet/minecraft/world/phys/HitResult;Lorg/spongepowered/asm/mixin/injection/callback/CallbackInfo;)V doesn't use it's CallbackInfo
[076月2026 16:52:17.865] [main/DEBUG] [mixin/]: mixins.arclight.core.json:world.entity.projectile.DragonFireballMixin from mod (unknown)->@Inject::arclight$hit(Lnet/minecraft/world/phys/HitResult;Lorg/spongepowered/asm/mixin/injection/callback/CallbackInfo;)V has 0 override(s) in child classes
[076月2026 16:52:17.865] [main/DEBUG] [mixin/]: mixins.arclight.core.json:world.entity.projectile.DragonFireballMixin from mod (unknown)->@Inject::arclight$hit(Lnet/minecraft/world/phys/HitResult;Lorg/spongepowered/asm/mixin/injection/callback/CallbackInfo;)V won't be passed a CallbackInfo as a result
[076月2026 16:52:17.868] [main/DEBUG] [mixin/]: Mixing world.entity.monster.ZombieMixin from mixins.arclight.core.json into net.minecraft.world.entity.monster.Zombie
[076月2026 16:52:17.870] [main/DEBUG] [mixin/]: Mixing core.world.entity.monster.ZombieMixin_NeoForge from mixins.arclight.neoforge.json into net.minecraft.world.entity.monster.Zombie
[076月2026 16:52:17.872] [main/DEBUG] [mixin/]: mixins.arclight.core.json:world.entity.monster.ZombieMixin from mod (unknown)->@Inject::arclight$transformReason(Lnet/minecraft/world/entity/EntityType;Lorg/spongepowered/asm/mixin/injection/callback/CallbackInfo;)V doesn't use it's CallbackInfo
[076月2026 16:52:17.872] [main/DEBUG] [mixin/]: mixins.arclight.core.json:world.entity.monster.ZombieMixin from mod (unknown)->@Inject::arclight$transformReason(Lnet/minecraft/world/entity/EntityType;Lorg/spongepowered/asm/mixin/injection/callback/CallbackInfo;)V has 0 override(s) in child classes
[076月2026 16:52:17.872] [main/DEBUG] [mixin/]: mixins.arclight.core.json:world.entity.monster.ZombieMixin from mod (unknown)->@Inject::arclight$transformReason(Lnet/minecraft/world/entity/EntityType;Lorg/spongepowered/asm/mixin/injection/callback/CallbackInfo;)V won't be passed a CallbackInfo as a result
[076月2026 16:52:17.872] [main/DEBUG] [mixin/]: mixins.arclight.core.json:world.entity.monster.ZombieMixin from mod (unknown)->@Inject::arclight$stopConversion(Lnet/minecraft/world/entity/EntityType;Lorg/spongepowered/asm/mixin/injection/callback/CallbackInfo;Lnet/minecraft/world/entity/monster/Zombie;)V doesn't use it's CallbackInfo
[076月2026 16:52:17.872] [main/DEBUG] [mixin/]: mixins.arclight.core.json:world.entity.monster.ZombieMixin from mod (unknown)->@Inject::arclight$stopConversion(Lnet/minecraft/world/entity/EntityType;Lorg/spongepowered/asm/mixin/injection/callback/CallbackInfo;Lnet/minecraft/world/entity/monster/Zombie;)V has 0 override(s) in child classes
[076月2026 16:52:17.872] [main/DEBUG] [mixin/]: mixins.arclight.core.json:world.entity.monster.ZombieMixin from mod (unknown)->@Inject::arclight$stopConversion(Lnet/minecraft/world/entity/EntityType;Lorg/spongepowered/asm/mixin/injection/callback/CallbackInfo;Lnet/minecraft/world/entity/monster/Zombie;)V won't be passed a CallbackInfo as a result
[076月2026 16:52:17.873] [main/DEBUG] [mixin/]: mixins.arclight.core.json:world.entity.monster.ZombieMixin from mod (unknown)->@Inject::arclight$mount(Lnet/minecraft/world/level/ServerLevelAccessor;Lnet/minecraft/world/DifficultyInstance;Lnet/minecraft/world/entity/MobSpawnType;Lnet/minecraft/world/entity/SpawnGroupData;Lorg/spongepowered/asm/mixin/injection/callback/CallbackInfoReturnable;)V doesn't use it's CallbackInfoReturnable
[076月2026 16:52:17.873] [main/DEBUG] [mixin/]: mixins.arclight.core.json:world.entity.monster.ZombieMixin from mod (unknown)->@Inject::arclight$mount(Lnet/minecraft/world/level/ServerLevelAccessor;Lnet/minecraft/world/DifficultyInstance;Lnet/minecraft/world/entity/MobSpawnType;Lnet/minecraft/world/entity/SpawnGroupData;Lorg/spongepowered/asm/mixin/injection/callback/CallbackInfoReturnable;)V has 0 override(s) in child classes
[076月2026 16:52:17.873] [main/DEBUG] [mixin/]: mixins.arclight.core.json:world.entity.monster.ZombieMixin from mod (unknown)->@Inject::arclight$mount(Lnet/minecraft/world/level/ServerLevelAccessor;Lnet/minecraft/world/DifficultyInstance;Lnet/minecraft/world/entity/MobSpawnType;Lnet/minecraft/world/entity/SpawnGroupData;Lorg/spongepowered/asm/mixin/injection/callback/CallbackInfoReturnable;)V won't be passed a CallbackInfoReturnable as a result
[076月2026 16:52:17.876] [main/DEBUG] [mixin/]: Mixing world.entity.monster.ZombieVillagerMixin from mixins.arclight.core.json into net.minecraft.world.entity.monster.ZombieVillager
[076月2026 16:52:17.877] [main/DEBUG] [mixin/]: mixins.arclight.core.json:world.entity.monster.ZombieVillagerMixin from mod (unknown)->@Inject::arclight$convert1(Ljava/util/UUID;ILorg/spongepowered/asm/mixin/injection/callback/CallbackInfo;)V doesn't use it's CallbackInfo
[076月2026 16:52:17.877] [main/DEBUG] [mixin/]: mixins.arclight.core.json:world.entity.monster.ZombieVillagerMixin from mod (unknown)->@Inject::arclight$convert1(Ljava/util/UUID;ILorg/spongepowered/asm/mixin/injection/callback/CallbackInfo;)V has 0 override(s) in child classes
[076月2026 16:52:17.877] [main/DEBUG] [mixin/]: mixins.arclight.core.json:world.entity.monster.ZombieVillagerMixin from mod (unknown)->@Inject::arclight$convert1(Ljava/util/UUID;ILorg/spongepowered/asm/mixin/injection/callback/CallbackInfo;)V won't be passed a CallbackInfo as a result
[076月2026 16:52:17.878] [main/DEBUG] [mixin/]: mixins.arclight.core.json:world.entity.monster.ZombieVillagerMixin from mod (unknown)->@Inject::arclight$convert2(Ljava/util/UUID;ILorg/spongepowered/asm/mixin/injection/callback/CallbackInfo;)V doesn't use it's CallbackInfo
[076月2026 16:52:17.878] [main/DEBUG] [mixin/]: mixins.arclight.core.json:world.entity.monster.ZombieVillagerMixin from mod (unknown)->@Inject::arclight$convert2(Ljava/util/UUID;ILorg/spongepowered/asm/mixin/injection/callback/CallbackInfo;)V has 0 override(s) in child classes
[076月2026 16:52:17.878] [main/DEBUG] [mixin/]: mixins.arclight.core.json:world.entity.monster.ZombieVillagerMixin from mod (unknown)->@Inject::arclight$convert2(Ljava/util/UUID;ILorg/spongepowered/asm/mixin/injection/callback/CallbackInfo;)V won't be passed a CallbackInfo as a result
[076月2026 16:52:17.878] [main/DEBUG] [mixin/]: mixins.arclight.core.json:world.entity.monster.ZombieVillagerMixin from mod (unknown)->@Inject::arclight$dropPre(Lnet/minecraft/server/level/ServerLevel;Lorg/spongepowered/asm/mixin/injection/callback/CallbackInfo;)V doesn't use it's CallbackInfo
[076月2026 16:52:17.878] [main/DEBUG] [mixin/]: mixins.arclight.core.json:world.entity.monster.ZombieVillagerMixin from mod (unknown)->@Inject::arclight$dropPre(Lnet/minecraft/server/level/ServerLevel;Lorg/spongepowered/asm/mixin/injection/callback/CallbackInfo;)V has 0 override(s) in child classes
[076月2026 16:52:17.878] [main/DEBUG] [mixin/]: mixins.arclight.core.json:world.entity.monster.ZombieVillagerMixin from mod (unknown)->@Inject::arclight$dropPre(Lnet/minecraft/server/level/ServerLevel;Lorg/spongepowered/asm/mixin/injection/callback/CallbackInfo;)V won't be passed a CallbackInfo as a result
[076月2026 16:52:17.878] [main/DEBUG] [mixin/]: mixins.arclight.core.json:world.entity.monster.ZombieVillagerMixin from mod (unknown)->@Inject::arclight$dropPost(Lnet/minecraft/server/level/ServerLevel;Lorg/spongepowered/asm/mixin/injection/callback/CallbackInfo;)V doesn't use it's CallbackInfo
[076月2026 16:52:17.878] [main/DEBUG] [mixin/]: mixins.arclight.core.json:world.entity.monster.ZombieVillagerMixin from mod (unknown)->@Inject::arclight$dropPost(Lnet/minecraft/server/level/ServerLevel;Lorg/spongepowered/asm/mixin/injection/callback/CallbackInfo;)V has 0 override(s) in child classes
[076月2026 16:52:17.878] [main/DEBUG] [mixin/]: mixins.arclight.core.json:world.entity.monster.ZombieVillagerMixin from mod (unknown)->@Inject::arclight$dropPost(Lnet/minecraft/server/level/ServerLevel;Lorg/spongepowered/asm/mixin/injection/callback/CallbackInfo;)V won't be passed a CallbackInfo as a result
[076月2026 16:52:17.879] [main/DEBUG] [mixin/]: Mixing world.entity.ai.goal.RemoveBlockGoalMixin from mixins.arclight.core.json into net.minecraft.world.entity.ai.goal.RemoveBlockGoal
[076月2026 16:52:17.881] [main/DEBUG] [mixin/]: mixins.arclight.core.json:world.entity.ai.goal.RemoveBlockGoalMixin from mod (unknown)->@Inject::arclight$removeBlock(Lorg/spongepowered/asm/mixin/injection/callback/CallbackInfo;Lnet/minecraft/world/level/Level;Lnet/minecraft/core/BlockPos;Lnet/minecraft/core/BlockPos;)V does use it's CallbackInfo
[076月2026 16:52:17.881] [main/DEBUG] [mixin/]: Mixing world.entity.ai.goal.BreakDoorGoalMixin from mixins.arclight.core.json into net.minecraft.world.entity.ai.goal.BreakDoorGoal
[076月2026 16:52:17.882] [main/DEBUG] [mixin/]: mixins.arclight.core.json:world.entity.ai.goal.BreakDoorGoalMixin from mod (unknown)->@Inject::arclight$breakDoor(Lorg/spongepowered/asm/mixin/injection/callback/CallbackInfo;)V does use it's CallbackInfo
[076月2026 16:52:17.883] [main/DEBUG] [mixin/]: Mixing world.entity.npc.VillagerMixin from mixins.arclight.core.json into net.minecraft.world.entity.npc.Villager
[076月2026 16:52:17.884] [main/DEBUG] [mixin/]: Mixing activationrange.entity.VillagerMixin_ActivationRange from mixins.arclight.impl.optimization.json into net.minecraft.world.entity.npc.Villager
[076月2026 16:52:17.887] [main/DEBUG] [mixin/]: mixins.arclight.core.json:world.entity.npc.VillagerMixin from mod (unknown)->@Inject::arclight$reason(Lorg/spongepowered/asm/mixin/injection/callback/CallbackInfo;)V doesn't use it's CallbackInfo
[076月2026 16:52:17.887] [main/DEBUG] [mixin/]: mixins.arclight.core.json:world.entity.npc.VillagerMixin from mod (unknown)->@Inject::arclight$reason(Lorg/spongepowered/asm/mixin/injection/callback/CallbackInfo;)V has 0 override(s) in child classes
[076月2026 16:52:17.887] [main/DEBUG] [mixin/]: mixins.arclight.core.json:world.entity.npc.VillagerMixin from mod (unknown)->@Inject::arclight$reason(Lorg/spongepowered/asm/mixin/injection/callback/CallbackInfo;)V won't be passed a CallbackInfo as a result
[076月2026 16:52:17.887] [main/DEBUG] [mixin/]: mixins.arclight.core.json:world.entity.npc.VillagerMixin from mod (unknown)->@Inject::arclight$transformWitch(Lnet/minecraft/server/level/ServerLevel;Lnet/minecraft/world/entity/LightningBolt;Lorg/spongepowered/asm/mixin/injection/callback/CallbackInfo;Lnet/minecraft/world/entity/monster/Witch;)V does use it's CallbackInfo
[076月2026 16:52:17.887] [main/DEBUG] [mixin/]: mixins.arclight.core.json:world.entity.npc.VillagerMixin from mod (unknown)->@Inject::arclight$ironGolemReason(Lnet/minecraft/server/level/ServerLevel;JILorg/spongepowered/asm/mixin/injection/callback/CallbackInfo;)V doesn't use it's CallbackInfo
[076月2026 16:52:17.887] [main/DEBUG] [mixin/]: mixins.arclight.core.json:world.entity.npc.VillagerMixin from mod (unknown)->@Inject::arclight$ironGolemReason(Lnet/minecraft/server/level/ServerLevel;JILorg/spongepowered/asm/mixin/injection/callback/CallbackInfo;)V has 0 override(s) in child classes
[076月2026 16:52:17.887] [main/DEBUG] [mixin/]: mixins.arclight.core.json:world.entity.npc.VillagerMixin from mod (unknown)->@Inject::arclight$ironGolemReason(Lnet/minecraft/server/level/ServerLevel;JILorg/spongepowered/asm/mixin/injection/callback/CallbackInfo;)V won't be passed a CallbackInfo as a result
[076月2026 16:52:17.887] [main/DEBUG] [mixin/]: mixins.arclight.core.json:world.entity.npc.VillagerMixin from mod (unknown)->@Inject::arclight$ironGolemReasonReset(Lnet/minecraft/server/level/ServerLevel;JILorg/spongepowered/asm/mixin/injection/callback/CallbackInfo;)V doesn't use it's CallbackInfo
[076月2026 16:52:17.887] [main/DEBUG] [mixin/]: mixins.arclight.core.json:world.entity.npc.VillagerMixin from mod (unknown)->@Inject::arclight$ironGolemReasonReset(Lnet/minecraft/server/level/ServerLevel;JILorg/spongepowered/asm/mixin/injection/callback/CallbackInfo;)V has 0 override(s) in child classes
[076月2026 16:52:17.887] [main/DEBUG] [mixin/]: mixins.arclight.core.json:world.entity.npc.VillagerMixin from mod (unknown)->@Inject::arclight$ironGolemReasonReset(Lnet/minecraft/server/level/ServerLevel;JILorg/spongepowered/asm/mixin/injection/callback/CallbackInfo;)V won't be passed a CallbackInfo as a result
[076月2026 16:52:17.889] [main/DEBUG] [mixin/]: Mixing world.entity.npc.AbstractVillagerMixin from mixins.arclight.core.json into net.minecraft.world.entity.npc.AbstractVillager
[076月2026 16:52:17.891] [main/DEBUG] [mixin/]: mixins.arclight.core.json:world.entity.npc.AbstractVillagerMixin from mod (unknown)->@Inject::arclight$init(Lnet/minecraft/world/entity/EntityType;Lnet/minecraft/world/level/Level;Lorg/spongepowered/asm/mixin/injection/callback/CallbackInfo;)V doesn't use it's CallbackInfo
[076月2026 16:52:17.891] [main/DEBUG] [mixin/]: mixins.arclight.core.json:world.entity.npc.AbstractVillagerMixin from mod (unknown)->@Inject::arclight$init(Lnet/minecraft/world/entity/EntityType;Lnet/minecraft/world/level/Level;Lorg/spongepowered/asm/mixin/injection/callback/CallbackInfo;)V has 0 override(s) in child classes
[076月2026 16:52:17.891] [main/DEBUG] [mixin/]: mixins.arclight.core.json:world.entity.npc.AbstractVillagerMixin from mod (unknown)->@Inject::arclight$init(Lnet/minecraft/world/entity/EntityType;Lnet/minecraft/world/level/Level;Lorg/spongepowered/asm/mixin/injection/callback/CallbackInfo;)V won't be passed a CallbackInfo as a result
[076月2026 16:52:17.892] [main/DEBUG] [mixin/]: Mixing world.item.trading.MerchantMixin from mixins.arclight.core.json into net.minecraft.world.item.trading.Merchant
[076月2026 16:52:17.895] [main/DEBUG] [mixin/]: Mixing world.entity.projectile.ThrownTridentMixin from mixins.arclight.core.json into net.minecraft.world.entity.projectile.ThrownTrident
[076月2026 16:52:17.895] [main/DEBUG] [mixin/]: mixins.arclight.core.json:world.entity.projectile.ThrownTridentMixin from mod (unknown)->@Inject::arclight$dropCause(Lorg/spongepowered/asm/mixin/injection/callback/CallbackInfo;)V doesn't use it's CallbackInfo
[076月2026 16:52:17.895] [main/DEBUG] [mixin/]: mixins.arclight.core.json:world.entity.projectile.ThrownTridentMixin from mod (unknown)->@Inject::arclight$dropCause(Lorg/spongepowered/asm/mixin/injection/callback/CallbackInfo;)V has 0 override(s) in child classes
[076月2026 16:52:17.895] [main/DEBUG] [mixin/]: mixins.arclight.core.json:world.entity.projectile.ThrownTridentMixin from mod (unknown)->@Inject::arclight$dropCause(Lorg/spongepowered/asm/mixin/injection/callback/CallbackInfo;)V won't be passed a CallbackInfo as a result
[076月2026 16:52:17.898] [main/DEBUG] [mixin/]: Mixing world.entity.projectile.ThrownEggMixin from mixins.arclight.core.json into net.minecraft.world.entity.projectile.ThrownEgg
[076月2026 16:52:17.901] [main/DEBUG] [mixin/]: Mixing world.entity.projectile.ThrowableItemProjectileMixin from mixins.arclight.core.json into net.minecraft.world.entity.projectile.ThrowableItemProjectile
[076月2026 16:52:17.902] [main/DEBUG] [mixin/]: Mixing world.entity.projectile.ThrowableProjectileMixin from mixins.arclight.core.json into net.minecraft.world.entity.projectile.ThrowableProjectile
[076月2026 16:52:17.902] [main/DEBUG] [mixin/]: mixins.arclight.core.json:world.entity.projectile.ThrowableProjectileMixin from mod (unknown)->@Inject::arclight$init(Lnet/minecraft/world/entity/EntityType;Lnet/minecraft/world/entity/LivingEntity;Lnet/minecraft/world/level/Level;Lorg/spongepowered/asm/mixin/injection/callback/CallbackInfo;)V doesn't use it's CallbackInfo
[076月2026 16:52:17.902] [main/DEBUG] [mixin/]: mixins.arclight.core.json:world.entity.projectile.ThrowableProjectileMixin from mod (unknown)->@Inject::arclight$init(Lnet/minecraft/world/entity/EntityType;Lnet/minecraft/world/entity/LivingEntity;Lnet/minecraft/world/level/Level;Lorg/spongepowered/asm/mixin/injection/callback/CallbackInfo;)V has 0 override(s) in child classes
[076月2026 16:52:17.902] [main/DEBUG] [mixin/]: mixins.arclight.core.json:world.entity.projectile.ThrowableProjectileMixin from mod (unknown)->@Inject::arclight$init(Lnet/minecraft/world/entity/EntityType;Lnet/minecraft/world/entity/LivingEntity;Lnet/minecraft/world/level/Level;Lorg/spongepowered/asm/mixin/injection/callback/CallbackInfo;)V won't be passed a CallbackInfo as a result
[076月2026 16:52:17.904] [main/DEBUG] [mixin/]: Mixing world.entity.monster.ElderGuardianMixin from mixins.arclight.core.json into net.minecraft.world.entity.monster.ElderGuardian
[076月2026 16:52:17.905] [main/DEBUG] [mixin/]: mixins.arclight.core.json:world.entity.monster.ElderGuardianMixin from mod (unknown)->@Inject::arclight$potionReason(Lorg/spongepowered/asm/mixin/injection/callback/CallbackInfo;)V doesn't use it's CallbackInfo
[076月2026 16:52:17.905] [main/DEBUG] [mixin/]: mixins.arclight.core.json:world.entity.monster.ElderGuardianMixin from mod (unknown)->@Inject::arclight$potionReason(Lorg/spongepowered/asm/mixin/injection/callback/CallbackInfo;)V has 0 override(s) in child classes
[076月2026 16:52:17.905] [main/DEBUG] [mixin/]: mixins.arclight.core.json:world.entity.monster.ElderGuardianMixin from mod (unknown)->@Inject::arclight$potionReason(Lorg/spongepowered/asm/mixin/injection/callback/CallbackInfo;)V won't be passed a CallbackInfo as a result
[076月2026 16:52:17.905] [main/DEBUG] [mixin/]: Mixing world.entity.monster.GuardianMixin from mixins.arclight.core.json into net.minecraft.world.entity.monster.Guardian
[076月2026 16:52:17.909] [main/DEBUG] [mixin/]: Mixing world.entity.boss.enderdragon.EndCrystalMixin from mixins.arclight.core.json into net.minecraft.world.entity.boss.enderdragon.EndCrystal
[076月2026 16:52:17.911] [main/DEBUG] [mixin/]: mixins.arclight.core.json:world.entity.boss.enderdragon.EndCrystalMixin from mod (unknown)->@Inject::arclight$blockIgnite(Lorg/spongepowered/asm/mixin/injection/callback/CallbackInfo;)V does use it's CallbackInfo
[076月2026 16:52:17.911] [main/DEBUG] [mixin/]: mixins.arclight.core.json:world.entity.boss.enderdragon.EndCrystalMixin from mod (unknown)->@Inject::arclight$entityDamage(Lnet/minecraft/world/damagesource/DamageSource;FLorg/spongepowered/asm/mixin/injection/callback/CallbackInfoReturnable;)V does use it's CallbackInfoReturnable
[076月2026 16:52:17.913] [main/DEBUG] [mixin/]: Mixing world.entity.projectile.ThrownEnderpearlMixin from mixins.arclight.core.json into net.minecraft.world.entity.projectile.ThrownEnderpearl
[076月2026 16:52:17.914] [main/DEBUG] [mixin/]: mixins.arclight.core.json:world.entity.projectile.ThrownEnderpearlMixin from mod (unknown)->@Inject::arclight$hit(Lnet/minecraft/world/phys/HitResult;Lorg/spongepowered/asm/mixin/injection/callback/CallbackInfo;)V doesn't use it's CallbackInfo
[076月2026 16:52:17.914] [main/DEBUG] [mixin/]: mixins.arclight.core.json:world.entity.projectile.ThrownEnderpearlMixin from mod (unknown)->@Inject::arclight$hit(Lnet/minecraft/world/phys/HitResult;Lorg/spongepowered/asm/mixin/injection/callback/CallbackInfo;)V has 0 override(s) in child classes
[076月2026 16:52:17.914] [main/DEBUG] [mixin/]: mixins.arclight.core.json:world.entity.projectile.ThrownEnderpearlMixin from mod (unknown)->@Inject::arclight$hit(Lnet/minecraft/world/phys/HitResult;Lorg/spongepowered/asm/mixin/injection/callback/CallbackInfo;)V won't be passed a CallbackInfo as a result
[076月2026 16:52:17.914] [main/DEBUG] [mixin/]: mixins.arclight.core.json:world.entity.projectile.ThrownEnderpearlMixin from mod (unknown)->@Inject::arclight$hit(Lnet/minecraft/world/phys/HitResult;Lorg/spongepowered/asm/mixin/injection/callback/CallbackInfo;)V doesn't use it's CallbackInfo
[076月2026 16:52:17.914] [main/DEBUG] [mixin/]: mixins.arclight.core.json:world.entity.projectile.ThrownEnderpearlMixin from mod (unknown)->@Inject::arclight$hit(Lnet/minecraft/world/phys/HitResult;Lorg/spongepowered/asm/mixin/injection/callback/CallbackInfo;)V has 0 override(s) in child classes
[076月2026 16:52:17.914] [main/DEBUG] [mixin/]: mixins.arclight.core.json:world.entity.projectile.ThrownEnderpearlMixin from mod (unknown)->@Inject::arclight$hit(Lnet/minecraft/world/phys/HitResult;Lorg/spongepowered/asm/mixin/injection/callback/CallbackInfo;)V won't be passed a CallbackInfo as a result
[076月2026 16:52:17.914] [main/DEBUG] [mixin/]: mixins.arclight.core.json:world.entity.projectile.ThrownEnderpearlMixin from mod (unknown)->@Inject::arclight$despawn(Lorg/spongepowered/asm/mixin/injection/callback/CallbackInfo;)V doesn't use it's CallbackInfo
[076月2026 16:52:17.914] [main/DEBUG] [mixin/]: mixins.arclight.core.json:world.entity.projectile.ThrownEnderpearlMixin from mod (unknown)->@Inject::arclight$despawn(Lorg/spongepowered/asm/mixin/injection/callback/CallbackInfo;)V has 0 override(s) in child classes
[076月2026 16:52:17.914] [main/DEBUG] [mixin/]: mixins.arclight.core.json:world.entity.projectile.ThrownEnderpearlMixin from mod (unknown)->@Inject::arclight$despawn(Lorg/spongepowered/asm/mixin/injection/callback/CallbackInfo;)V won't be passed a CallbackInfo as a result
[076月2026 16:52:17.914] [main/DEBUG] [mixin/]: mixins.arclight.core.json:world.entity.projectile.ThrownEnderpearlMixin from mod (unknown)->@Inject::arclight$spawnEndermite(Lnet/minecraft/world/phys/HitResult;Lorg/spongepowered/asm/mixin/injection/callback/CallbackInfo;)V doesn't use it's CallbackInfo
[076月2026 16:52:17.914] [main/DEBUG] [mixin/]: mixins.arclight.core.json:world.entity.projectile.ThrownEnderpearlMixin from mod (unknown)->@Inject::arclight$spawnEndermite(Lnet/minecraft/world/phys/HitResult;Lorg/spongepowered/asm/mixin/injection/callback/CallbackInfo;)V has 0 override(s) in child classes
[076月2026 16:52:17.914] [main/DEBUG] [mixin/]: mixins.arclight.core.json:world.entity.projectile.ThrownEnderpearlMixin from mod (unknown)->@Inject::arclight$spawnEndermite(Lnet/minecraft/world/phys/HitResult;Lorg/spongepowered/asm/mixin/injection/callback/CallbackInfo;)V won't be passed a CallbackInfo as a result
[076月2026 16:52:17.915] [main/DEBUG] [mixin/]: Mixing world.entity.monster.EndermiteMixin from mixins.arclight.core.json into net.minecraft.world.entity.monster.Endermite
[076月2026 16:52:17.916] [main/DEBUG] [mixin/]: mixins.arclight.core.json:world.entity.monster.EndermiteMixin from mod (unknown)->@Inject::arclight$despawn(Lorg/spongepowered/asm/mixin/injection/callback/CallbackInfo;)V doesn't use it's CallbackInfo
[076月2026 16:52:17.916] [main/DEBUG] [mixin/]: mixins.arclight.core.json:world.entity.monster.EndermiteMixin from mod (unknown)->@Inject::arclight$despawn(Lorg/spongepowered/asm/mixin/injection/callback/CallbackInfo;)V has 0 override(s) in child classes
[076月2026 16:52:17.916] [main/DEBUG] [mixin/]: mixins.arclight.core.json:world.entity.monster.EndermiteMixin from mod (unknown)->@Inject::arclight$despawn(Lorg/spongepowered/asm/mixin/injection/callback/CallbackInfo;)V won't be passed a CallbackInfo as a result
[076月2026 16:52:17.917] [main/DEBUG] [mixin/]: Mixing world.entity.monster.EnderManMixin from mixins.arclight.core.json into net.minecraft.world.entity.monster.EnderMan
[076月2026 16:52:17.919] [main/DEBUG] [mixin/]: mixins.arclight.core.json:world.entity.monster.EnderManMixin from mod (unknown)->@Inject::arclight$returnIfFailed(Lnet/minecraft/world/entity/LivingEntity;Lorg/spongepowered/asm/mixin/injection/callback/CallbackInfo;)V does use it's CallbackInfo
[076月2026 16:52:17.921] [main/DEBUG] [mixin/]: Mixing world.entity.monster.EnderMan_EndermanLeaveBlockGoalMixin from mixins.arclight.core.json into net.minecraft.world.entity.monster.EnderMan$EndermanLeaveBlockGoal
[076月2026 16:52:17.922] [main/DEBUG] [mixin/]: mixins.arclight.core.json:world.entity.monster.EnderMan_EndermanLeaveBlockGoalMixin from mod (unknown)->@Inject::arclight$entityChangeBlock(Lorg/spongepowered/asm/mixin/injection/callback/CallbackInfo;Lnet/minecraft/util/RandomSource;Lnet/minecraft/world/level/Level;IIILnet/minecraft/core/BlockPos;Lnet/minecraft/world/level/block/state/BlockState;Lnet/minecraft/core/BlockPos;Lnet/minecraft/world/level/block/state/BlockState;Lnet/minecraft/world/level/block/state/BlockState;)V does use it's CallbackInfo
[076月2026 16:52:17.922] [main/DEBUG] [mixin/]: Mixing world.entity.monster.EnderMan_EndermanTakeBlockGoalMixin from mixins.arclight.core.json into net.minecraft.world.entity.monster.EnderMan$EndermanTakeBlockGoal
[076月2026 16:52:17.923] [main/DEBUG] [mixin/]: mixins.arclight.core.json:world.entity.monster.EnderMan_EndermanTakeBlockGoalMixin from mod (unknown)->@Inject::arclight$entityChangeBlock(Lorg/spongepowered/asm/mixin/injection/callback/CallbackInfo;Lnet/minecraft/util/RandomSource;Lnet/minecraft/world/level/Level;IIILnet/minecraft/core/BlockPos;)V does use it's CallbackInfo
[076月2026 16:52:17.926] [main/DEBUG] [mixin/]: Mixing world.entity.raid.RaiderMixin from mixins.arclight.core.json into net.minecraft.world.entity.raid.Raider
[076月2026 16:52:17.927] [main/DEBUG] [mixin/]: mixins.arclight.core.json:world.entity.raid.RaiderMixin from mod (unknown)->@Inject::arclight$pickup(Lnet/minecraft/world/entity/item/ItemEntity;Lorg/spongepowered/asm/mixin/injection/callback/CallbackInfo;)V doesn't use it's CallbackInfo
[076月2026 16:52:17.927] [main/DEBUG] [mixin/]: mixins.arclight.core.json:world.entity.raid.RaiderMixin from mod (unknown)->@Inject::arclight$pickup(Lnet/minecraft/world/entity/item/ItemEntity;Lorg/spongepowered/asm/mixin/injection/callback/CallbackInfo;)V has 0 override(s) in child classes
[076月2026 16:52:17.927] [main/DEBUG] [mixin/]: mixins.arclight.core.json:world.entity.raid.RaiderMixin from mod (unknown)->@Inject::arclight$pickup(Lnet/minecraft/world/entity/item/ItemEntity;Lorg/spongepowered/asm/mixin/injection/callback/CallbackInfo;)V won't be passed a CallbackInfo as a result
[076月2026 16:52:17.932] [main/DEBUG] [mixin/]: Mixing world.entity.monster.Evoker_EvokerSummonSpellGoalMixin from mixins.arclight.core.json into net.minecraft.world.entity.monster.Evoker$EvokerSummonSpellGoal
[076月2026 16:52:17.933] [main/DEBUG] [mixin/]: mixins.arclight.core.json:world.entity.monster.Evoker_EvokerSummonSpellGoalMixin from mod (unknown)->@Inject::arclight$reason(Lorg/spongepowered/asm/mixin/injection/callback/CallbackInfo;Lnet/minecraft/server/level/ServerLevel;)V doesn't use it's CallbackInfo
[076月2026 16:52:17.933] [main/DEBUG] [mixin/]: mixins.arclight.core.json:world.entity.monster.Evoker_EvokerSummonSpellGoalMixin from mod (unknown)->@Inject::arclight$reason(Lorg/spongepowered/asm/mixin/injection/callback/CallbackInfo;Lnet/minecraft/server/level/ServerLevel;)V has 0 override(s) in child classes
[076月2026 16:52:17.933] [main/DEBUG] [mixin/]: mixins.arclight.core.json:world.entity.monster.Evoker_EvokerSummonSpellGoalMixin from mod (unknown)->@Inject::arclight$reason(Lorg/spongepowered/asm/mixin/injection/callback/CallbackInfo;Lnet/minecraft/server/level/ServerLevel;)V won't be passed a CallbackInfo as a result
[076月2026 16:52:17.933] [main/DEBUG] [mixin/]: Mixing world.entity.monster.SpellcastingIllager_UseSpellGoalMixin from mixins.arclight.core.json into net.minecraft.world.entity.monster.SpellcasterIllager$SpellcasterUseSpellGoal
[076月2026 16:52:17.934] [main/DEBUG] [mixin/]: mixins.arclight.core.json:world.entity.monster.SpellcastingIllager_UseSpellGoalMixin from mod (unknown)->@Inject::arclight$castSpell(Lorg/spongepowered/asm/mixin/injection/callback/CallbackInfo;)V does use it's CallbackInfo
[076月2026 16:52:17.936] [main/DEBUG] [mixin/]: Mixing world.entity.projectile.EvokerFangsMixin from mixins.arclight.core.json into net.minecraft.world.entity.projectile.EvokerFangs
[076月2026 16:52:17.936] [main/DEBUG] [mixin/]: mixins.arclight.core.json:world.entity.projectile.EvokerFangsMixin from mod (unknown)->@Inject::arclight$despawn(Lorg/spongepowered/asm/mixin/injection/callback/CallbackInfo;)V doesn't use it's CallbackInfo
[076月2026 16:52:17.936] [main/DEBUG] [mixin/]: mixins.arclight.core.json:world.entity.projectile.EvokerFangsMixin from mod (unknown)->@Inject::arclight$despawn(Lorg/spongepowered/asm/mixin/injection/callback/CallbackInfo;)V has 0 override(s) in child classes
[076月2026 16:52:17.936] [main/DEBUG] [mixin/]: mixins.arclight.core.json:world.entity.projectile.EvokerFangsMixin from mod (unknown)->@Inject::arclight$despawn(Lorg/spongepowered/asm/mixin/injection/callback/CallbackInfo;)V won't be passed a CallbackInfo as a result
[076月2026 16:52:17.938] [main/DEBUG] [mixin/]: Mixing world.entity.projectile.ThrownExperienceBottleMixin from mixins.arclight.core.json into net.minecraft.world.entity.projectile.ThrownExperienceBottle
[076月2026 16:52:17.941] [main/DEBUG] [mixin/]: Mixing world.entity.projectile.EyeOfEnderMixin from mixins.arclight.core.json into net.minecraft.world.entity.projectile.EyeOfEnder
[076月2026 16:52:17.942] [main/DEBUG] [mixin/]: mixins.arclight.core.json:world.entity.projectile.EyeOfEnderMixin from mod (unknown)->@Inject::arclight$drop(Lorg/spongepowered/asm/mixin/injection/callback/CallbackInfo;)V doesn't use it's CallbackInfo
[076月2026 16:52:17.942] [main/DEBUG] [mixin/]: mixins.arclight.core.json:world.entity.projectile.EyeOfEnderMixin from mod (unknown)->@Inject::arclight$drop(Lorg/spongepowered/asm/mixin/injection/callback/CallbackInfo;)V has 0 override(s) in child classes
[076月2026 16:52:17.942] [main/DEBUG] [mixin/]: mixins.arclight.core.json:world.entity.projectile.EyeOfEnderMixin from mod (unknown)->@Inject::arclight$drop(Lorg/spongepowered/asm/mixin/injection/callback/CallbackInfo;)V won't be passed a CallbackInfo as a result
[076月2026 16:52:17.944] [main/DEBUG] [mixin/]: Mixing world.entity.projectile.FireworkRocketEntityMixin from mixins.arclight.core.json into net.minecraft.world.entity.projectile.FireworkRocketEntity
[076月2026 16:52:17.944] [main/DEBUG] [mixin/]: Mixing activationrange.entity.FireworkRocketEntityMixin_ActivationRange from mixins.arclight.impl.optimization.json into net.minecraft.world.entity.projectile.FireworkRocketEntity
[076月2026 16:52:17.945] [main/DEBUG] [mixin/]: mixins.arclight.core.json:world.entity.projectile.FireworkRocketEntityMixin from mod (unknown)->@Inject::arclight$fireworksExplode(Lorg/spongepowered/asm/mixin/injection/callback/CallbackInfo;)V does use it's CallbackInfo
[076月2026 16:52:17.948] [main/DEBUG] [mixin/]: Mixing world.entity.animal.FoxMixin from mixins.arclight.core.json into net.minecraft.world.entity.animal.Fox
[076月2026 16:52:17.949] [main/DEBUG] [mixin/]: mixins.arclight.core.json:world.entity.animal.FoxMixin from mod (unknown)->@Inject::arclight$pickCause(Lnet/minecraft/world/entity/item/ItemEntity;Lorg/spongepowered/asm/mixin/injection/callback/CallbackInfo;)V doesn't use it's CallbackInfo
[076月2026 16:52:17.949] [main/DEBUG] [mixin/]: mixins.arclight.core.json:world.entity.animal.FoxMixin from mod (unknown)->@Inject::arclight$pickCause(Lnet/minecraft/world/entity/item/ItemEntity;Lorg/spongepowered/asm/mixin/injection/callback/CallbackInfo;)V has 0 override(s) in child classes
[076月2026 16:52:17.949] [main/DEBUG] [mixin/]: mixins.arclight.core.json:world.entity.animal.FoxMixin from mod (unknown)->@Inject::arclight$pickCause(Lnet/minecraft/world/entity/item/ItemEntity;Lorg/spongepowered/asm/mixin/injection/callback/CallbackInfo;)V won't be passed a CallbackInfo as a result
[076月2026 16:52:17.952] [main/DEBUG] [mixin/]: Mixing world.entity.animal.Fox_BreedGoalMixin from mixins.arclight.core.json into net.minecraft.world.entity.animal.Fox$FoxBreedGoal
[076月2026 16:52:17.956] [main/DEBUG] [mixin/]: Mixing world.entity.animal.Fox_EatBerriesGoalMixin from mixins.arclight.core.json into net.minecraft.world.entity.animal.Fox$FoxEatBerriesGoal
[076月2026 16:52:17.957] [main/DEBUG] [mixin/]: mixins.arclight.core.json:world.entity.animal.Fox_EatBerriesGoalMixin from mod (unknown)->@Inject::arclight$eatBerry(Lnet/minecraft/world/level/block/state/BlockState;Lorg/spongepowered/asm/mixin/injection/callback/CallbackInfo;)V does use it's CallbackInfo
[076月2026 16:52:17.963] [main/DEBUG] [mixin/]: Mixing world.entity.monster.Ghast_GhastShootFireballGoalMixin from mixins.arclight.core.json into net.minecraft.world.entity.monster.Ghast$GhastShootFireballGoal
[076月2026 16:52:17.965] [main/DEBUG] [mixin/]: Mixing world.entity.decoration.ItemFrameMixin from mixins.arclight.core.json into net.minecraft.world.entity.decoration.ItemFrame
[076月2026 16:52:17.967] [main/DEBUG] [mixin/]: mixins.arclight.core.json:world.entity.decoration.ItemFrameMixin from mod (unknown)->@Inject::arclight$damageNonLiving(Lnet/minecraft/world/damagesource/DamageSource;FLorg/spongepowered/asm/mixin/injection/callback/CallbackInfoReturnable;)V does use it's CallbackInfoReturnable
[076月2026 16:52:17.967] [main/DEBUG] [mixin/]: mixins.arclight.core.json:world.entity.decoration.ItemFrameMixin from mod (unknown)->@Inject::arclight$calculateBoundingBox(Lnet/minecraft/core/BlockPos;Lnet/minecraft/core/Direction;Lorg/spongepowered/asm/mixin/injection/callback/CallbackInfoReturnable;)V does use it's CallbackInfoReturnable
[076月2026 16:52:17.972] [main/DEBUG] [mixin/]: Mixing world.entity.animal.goat.GoatMixin from mixins.arclight.core.json into net.minecraft.world.entity.animal.goat.Goat
[076月2026 16:52:17.980] [main/DEBUG] [mixin/]: Mixing world.inventory.HopperMenuMixin from mixins.arclight.core.json into net.minecraft.world.inventory.HopperMenu
[076月2026 16:52:17.982] [main/DEBUG] [mixin/]: mixins.arclight.core.json:world.inventory.HopperMenuMixin from mod (unknown)->@Inject::arclight$init(ILnet/minecraft/world/entity/player/Inventory;Lnet/minecraft/world/Container;Lorg/spongepowered/asm/mixin/injection/callback/CallbackInfo;)V doesn't use it's CallbackInfo
[076月2026 16:52:17.982] [main/DEBUG] [mixin/]: mixins.arclight.core.json:world.inventory.HopperMenuMixin from mod (unknown)->@Inject::arclight$init(ILnet/minecraft/world/entity/player/Inventory;Lnet/minecraft/world/Container;Lorg/spongepowered/asm/mixin/injection/callback/CallbackInfo;)V has 0 override(s) in child classes
[076月2026 16:52:17.982] [main/DEBUG] [mixin/]: mixins.arclight.core.json:world.inventory.HopperMenuMixin from mod (unknown)->@Inject::arclight$init(ILnet/minecraft/world/entity/player/Inventory;Lnet/minecraft/world/Container;Lorg/spongepowered/asm/mixin/injection/callback/CallbackInfo;)V won't be passed a CallbackInfo as a result
[076月2026 16:52:17.982] [main/DEBUG] [mixin/]: mixins.arclight.core.json:world.inventory.HopperMenuMixin from mod (unknown)->@Inject::arclight$unreachable(Lnet/minecraft/world/entity/player/Player;Lorg/spongepowered/asm/mixin/injection/callback/CallbackInfoReturnable;)V does use it's CallbackInfoReturnable
[076月2026 16:52:17.986] [main/DEBUG] [mixin/]: Mixing world.entity.monster.HuskMixin from mixins.arclight.core.json into net.minecraft.world.entity.monster.Husk
[076月2026 16:52:17.986] [main/DEBUG] [mixin/]: mixins.arclight.core.json:world.entity.monster.HuskMixin from mod (unknown)->@Inject::arclight$reason(Lnet/minecraft/world/entity/Entity;Lorg/spongepowered/asm/mixin/injection/callback/CallbackInfoReturnable;)V doesn't use it's CallbackInfoReturnable
[076月2026 16:52:17.986] [main/DEBUG] [mixin/]: mixins.arclight.core.json:world.entity.monster.HuskMixin from mod (unknown)->@Inject::arclight$reason(Lnet/minecraft/world/entity/Entity;Lorg/spongepowered/asm/mixin/injection/callback/CallbackInfoReturnable;)V has 0 override(s) in child classes
[076月2026 16:52:17.986] [main/DEBUG] [mixin/]: mixins.arclight.core.json:world.entity.monster.HuskMixin from mod (unknown)->@Inject::arclight$reason(Lnet/minecraft/world/entity/Entity;Lorg/spongepowered/asm/mixin/injection/callback/CallbackInfoReturnable;)V won't be passed a CallbackInfoReturnable as a result
[076月2026 16:52:17.988] [main/DEBUG] [mixin/]: Mixing world.entity.monster.Illusioner_MirrorSpellGoalMixin from mixins.arclight.core.json into net.minecraft.world.entity.monster.Illusioner$IllusionerMirrorSpellGoal
[076月2026 16:52:17.989] [main/DEBUG] [mixin/]: mixins.arclight.core.json:world.entity.monster.Illusioner_MirrorSpellGoalMixin from mod (unknown)->@Inject::arclight$reason(Lorg/spongepowered/asm/mixin/injection/callback/CallbackInfo;)V doesn't use it's CallbackInfo
[076月2026 16:52:17.989] [main/DEBUG] [mixin/]: mixins.arclight.core.json:world.entity.monster.Illusioner_MirrorSpellGoalMixin from mod (unknown)->@Inject::arclight$reason(Lorg/spongepowered/asm/mixin/injection/callback/CallbackInfo;)V has 0 override(s) in child classes
[076月2026 16:52:17.989] [main/DEBUG] [mixin/]: mixins.arclight.core.json:world.entity.monster.Illusioner_MirrorSpellGoalMixin from mod (unknown)->@Inject::arclight$reason(Lorg/spongepowered/asm/mixin/injection/callback/CallbackInfo;)V won't be passed a CallbackInfo as a result
[076月2026 16:52:17.990] [main/DEBUG] [mixin/]: Mixing world.entity.monster.Illusioner_BlindnessSpellGoalMixin from mixins.arclight.core.json into net.minecraft.world.entity.monster.Illusioner$IllusionerBlindnessSpellGoal
[076月2026 16:52:17.990] [main/DEBUG] [mixin/]: mixins.arclight.core.json:world.entity.monster.Illusioner_BlindnessSpellGoalMixin from mod (unknown)->@Inject::arclight$reason(Lorg/spongepowered/asm/mixin/injection/callback/CallbackInfo;)V doesn't use it's CallbackInfo
[076月2026 16:52:17.990] [main/DEBUG] [mixin/]: mixins.arclight.core.json:world.entity.monster.Illusioner_BlindnessSpellGoalMixin from mod (unknown)->@Inject::arclight$reason(Lorg/spongepowered/asm/mixin/injection/callback/CallbackInfo;)V has 0 override(s) in child classes
[076月2026 16:52:17.990] [main/DEBUG] [mixin/]: mixins.arclight.core.json:world.entity.monster.Illusioner_BlindnessSpellGoalMixin from mod (unknown)->@Inject::arclight$reason(Lorg/spongepowered/asm/mixin/injection/callback/CallbackInfo;)V won't be passed a CallbackInfo as a result
[076月2026 16:52:17.991] [main/DEBUG] [mixin/]: Mixing world.entity.InteractionMixin from mixins.arclight.core.json into net.minecraft.world.entity.Interaction
[076月2026 16:52:17.992] [main/DEBUG] [mixin/]: mixins.arclight.core.json:world.entity.InteractionMixin from mod (unknown)->@Inject::arclight$onDamage(Lnet/minecraft/world/entity/Entity;Lorg/spongepowered/asm/mixin/injection/callback/CallbackInfoReturnable;)V does use it's CallbackInfoReturnable
[076月2026 16:52:17.995] [main/DEBUG] [mixin/]: Mixing world.entity.ai.goal.target.DefendVillageTargetGoalMixin from mixins.arclight.core.json into net.minecraft.world.entity.ai.goal.target.DefendVillageTargetGoal
[076月2026 16:52:17.995] [main/DEBUG] [mixin/]: mixins.arclight.core.json:world.entity.ai.goal.target.DefendVillageTargetGoalMixin from mod (unknown)->@Inject::arclight$reason(Lorg/spongepowered/asm/mixin/injection/callback/CallbackInfo;)V doesn't use it's CallbackInfo
[076月2026 16:52:17.995] [main/DEBUG] [mixin/]: mixins.arclight.core.json:world.entity.ai.goal.target.DefendVillageTargetGoalMixin from mod (unknown)->@Inject::arclight$reason(Lorg/spongepowered/asm/mixin/injection/callback/CallbackInfo;)V has 0 override(s) in child classes
[076月2026 16:52:17.995] [main/DEBUG] [mixin/]: mixins.arclight.core.json:world.entity.ai.goal.target.DefendVillageTargetGoalMixin from mod (unknown)->@Inject::arclight$reason(Lorg/spongepowered/asm/mixin/injection/callback/CallbackInfo;)V won't be passed a CallbackInfo as a result
[076月2026 16:52:17.999] [main/DEBUG] [mixin/]: Mixing world.entity.projectile.LargeFireballMixin from mixins.arclight.core.json into net.minecraft.world.entity.projectile.LargeFireball
[076月2026 16:52:18.000] [main/DEBUG] [mixin/]: mixins.arclight.core.json:world.entity.projectile.LargeFireballMixin from mod (unknown)->@Inject::arclight$init(Lnet/minecraft/world/entity/EntityType;Lnet/minecraft/world/level/Level;Lorg/spongepowered/asm/mixin/injection/callback/CallbackInfo;)V doesn't use it's CallbackInfo
[076月2026 16:52:18.000] [main/DEBUG] [mixin/]: mixins.arclight.core.json:world.entity.projectile.LargeFireballMixin from mod (unknown)->@Inject::arclight$init(Lnet/minecraft/world/entity/EntityType;Lnet/minecraft/world/level/Level;Lorg/spongepowered/asm/mixin/injection/callback/CallbackInfo;)V has 0 override(s) in child classes
[076月2026 16:52:18.000] [main/DEBUG] [mixin/]: mixins.arclight.core.json:world.entity.projectile.LargeFireballMixin from mod (unknown)->@Inject::arclight$init(Lnet/minecraft/world/entity/EntityType;Lnet/minecraft/world/level/Level;Lorg/spongepowered/asm/mixin/injection/callback/CallbackInfo;)V won't be passed a CallbackInfo as a result
[076月2026 16:52:18.000] [main/DEBUG] [mixin/]: mixins.arclight.core.json:world.entity.projectile.LargeFireballMixin from mod (unknown)->@Inject::arclight$init(Lnet/minecraft/world/level/Level;Lnet/minecraft/world/entity/LivingEntity;Lnet/minecraft/world/phys/Vec3;ILorg/spongepowered/asm/mixin/injection/callback/CallbackInfo;)V doesn't use it's CallbackInfo
[076月2026 16:52:18.000] [main/DEBUG] [mixin/]: mixins.arclight.core.json:world.entity.projectile.LargeFireballMixin from mod (unknown)->@Inject::arclight$init(Lnet/minecraft/world/level/Level;Lnet/minecraft/world/entity/LivingEntity;Lnet/minecraft/world/phys/Vec3;ILorg/spongepowered/asm/mixin/injection/callback/CallbackInfo;)V has 0 override(s) in child classes
[076月2026 16:52:18.000] [main/DEBUG] [mixin/]: mixins.arclight.core.json:world.entity.projectile.LargeFireballMixin from mod (unknown)->@Inject::arclight$init(Lnet/minecraft/world/level/Level;Lnet/minecraft/world/entity/LivingEntity;Lnet/minecraft/world/phys/Vec3;ILorg/spongepowered/asm/mixin/injection/callback/CallbackInfo;)V won't be passed a CallbackInfo as a result
[076月2026 16:52:18.000] [main/DEBUG] [mixin/]: mixins.arclight.core.json:world.entity.projectile.LargeFireballMixin from mod (unknown)->@Inject::arclight$explode(Lnet/minecraft/world/phys/HitResult;Lorg/spongepowered/asm/mixin/injection/callback/CallbackInfo;)V doesn't use it's CallbackInfo
[076月2026 16:52:18.000] [main/DEBUG] [mixin/]: mixins.arclight.core.json:world.entity.projectile.LargeFireballMixin from mod (unknown)->@Inject::arclight$explode(Lnet/minecraft/world/phys/HitResult;Lorg/spongepowered/asm/mixin/injection/callback/CallbackInfo;)V has 0 override(s) in child classes
[076月2026 16:52:18.000] [main/DEBUG] [mixin/]: mixins.arclight.core.json:world.entity.projectile.LargeFireballMixin from mod (unknown)->@Inject::arclight$explode(Lnet/minecraft/world/phys/HitResult;Lorg/spongepowered/asm/mixin/injection/callback/CallbackInfo;)V won't be passed a CallbackInfo as a result
[076月2026 16:52:18.000] [main/DEBUG] [mixin/]: mixins.arclight.core.json:world.entity.projectile.LargeFireballMixin from mod (unknown)->@Inject::arclight$setYield(Lnet/minecraft/nbt/CompoundTag;Lorg/spongepowered/asm/mixin/injection/callback/CallbackInfo;)V doesn't use it's CallbackInfo
[076月2026 16:52:18.000] [main/DEBUG] [mixin/]: mixins.arclight.core.json:world.entity.projectile.LargeFireballMixin from mod (unknown)->@Inject::arclight$setYield(Lnet/minecraft/nbt/CompoundTag;Lorg/spongepowered/asm/mixin/injection/callback/CallbackInfo;)V has 0 override(s) in child classes
[076月2026 16:52:18.000] [main/DEBUG] [mixin/]: mixins.arclight.core.json:world.entity.projectile.LargeFireballMixin from mod (unknown)->@Inject::arclight$setYield(Lnet/minecraft/nbt/CompoundTag;Lorg/spongepowered/asm/mixin/injection/callback/CallbackInfo;)V won't be passed a CallbackInfo as a result
[076月2026 16:52:18.003] [main/DEBUG] [mixin/]: Mixing world.entity.animal.horse.LlamaMixin from mixins.arclight.core.json into net.minecraft.world.entity.animal.horse.Llama
[076月2026 16:52:18.006] [main/DEBUG] [mixin/]: Mixing world.entity.projectile.LlamaSpitMixin from mixins.arclight.core.json into net.minecraft.world.entity.projectile.LlamaSpit
[076月2026 16:52:18.007] [main/DEBUG] [mixin/]: mixins.arclight.core.json:world.entity.projectile.LlamaSpitMixin from mod (unknown)->@Inject::arclight$despawn(Lorg/spongepowered/asm/mixin/injection/callback/CallbackInfo;)V doesn't use it's CallbackInfo
[076月2026 16:52:18.007] [main/DEBUG] [mixin/]: mixins.arclight.core.json:world.entity.projectile.LlamaSpitMixin from mod (unknown)->@Inject::arclight$despawn(Lorg/spongepowered/asm/mixin/injection/callback/CallbackInfo;)V has 0 override(s) in child classes
[076月2026 16:52:18.007] [main/DEBUG] [mixin/]: mixins.arclight.core.json:world.entity.projectile.LlamaSpitMixin from mod (unknown)->@Inject::arclight$despawn(Lorg/spongepowered/asm/mixin/injection/callback/CallbackInfo;)V won't be passed a CallbackInfo as a result
[076月2026 16:52:18.007] [main/DEBUG] [mixin/]: mixins.arclight.core.json:world.entity.projectile.LlamaSpitMixin from mod (unknown)->@Inject::arclight$despawn(Lorg/spongepowered/asm/mixin/injection/callback/CallbackInfo;)V doesn't use it's CallbackInfo
[076月2026 16:52:18.007] [main/DEBUG] [mixin/]: mixins.arclight.core.json:world.entity.projectile.LlamaSpitMixin from mod (unknown)->@Inject::arclight$despawn(Lorg/spongepowered/asm/mixin/injection/callback/CallbackInfo;)V has 0 override(s) in child classes
[076月2026 16:52:18.007] [main/DEBUG] [mixin/]: mixins.arclight.core.json:world.entity.projectile.LlamaSpitMixin from mod (unknown)->@Inject::arclight$despawn(Lorg/spongepowered/asm/mixin/injection/callback/CallbackInfo;)V won't be passed a CallbackInfo as a result
[076月2026 16:52:18.007] [main/DEBUG] [mixin/]: mixins.arclight.core.json:world.entity.projectile.LlamaSpitMixin from mod (unknown)->@Inject::arclight$hit(Lnet/minecraft/world/phys/BlockHitResult;Lorg/spongepowered/asm/mixin/injection/callback/CallbackInfo;)V doesn't use it's CallbackInfo
[076月2026 16:52:18.007] [main/DEBUG] [mixin/]: mixins.arclight.core.json:world.entity.projectile.LlamaSpitMixin from mod (unknown)->@Inject::arclight$hit(Lnet/minecraft/world/phys/BlockHitResult;Lorg/spongepowered/asm/mixin/injection/callback/CallbackInfo;)V has 0 override(s) in child classes
[076月2026 16:52:18.007] [main/DEBUG] [mixin/]: mixins.arclight.core.json:world.entity.projectile.LlamaSpitMixin from mod (unknown)->@Inject::arclight$hit(Lnet/minecraft/world/phys/BlockHitResult;Lorg/spongepowered/asm/mixin/injection/callback/CallbackInfo;)V won't be passed a CallbackInfo as a result
[076月2026 16:52:18.011] [main/DEBUG] [mixin/]: Mixing world.entity.animal.MushroomCowMixin from mixins.arclight.core.json into net.minecraft.world.entity.animal.MushroomCow
[076月2026 16:52:18.011] [main/DEBUG] [mixin/]: Mixing core.world.entity.animal.MushroomCowMixin_NeoForge from mixins.arclight.neoforge.json into net.minecraft.world.entity.animal.MushroomCow
[076月2026 16:52:18.013] [main/DEBUG] [mixin/]: mixins.arclight.neoforge.json:core.world.entity.animal.MushroomCowMixin_NeoForge from mod (unknown)->@Inject::arclight$animalTransform(Lnet/minecraft/sounds/SoundSource;Lorg/spongepowered/asm/mixin/injection/callback/CallbackInfo;Lnet/minecraft/world/entity/animal/Cow;)V does use it's CallbackInfo
[076月2026 16:52:18.015] [main/DEBUG] [mixin/]: Mixing world.entity.animal.OcelotMixin from mixins.arclight.core.json into net.minecraft.world.entity.animal.Ocelot
[076月2026 16:52:18.018] [main/DEBUG] [mixin/]: Mixing world.entity.decoration.PaintingMixin from mixins.arclight.core.json into net.minecraft.world.entity.decoration.Painting
[076月2026 16:52:18.020] [main/DEBUG] [mixin/]: mixins.arclight.core.json:world.entity.decoration.PaintingMixin from mod (unknown)->@Inject::arclight$calculateBoundingBox(Lnet/minecraft/core/BlockPos;Lnet/minecraft/core/Direction;Lorg/spongepowered/asm/mixin/injection/callback/CallbackInfoReturnable;)V does use it's CallbackInfoReturnable
[076月2026 16:52:18.022] [main/DEBUG] [mixin/]: Mixing world.entity.animal.PandaMixin from mixins.arclight.core.json into net.minecraft.world.entity.animal.Panda
[076月2026 16:52:18.027] [main/DEBUG] [mixin/]: Mixing world.entity.animal.ParrotMixin from mixins.arclight.core.json into net.minecraft.world.entity.animal.Parrot
[076月2026 16:52:18.028] [main/DEBUG] [mixin/]: mixins.arclight.core.json:world.entity.animal.ParrotMixin from mod (unknown)->@Inject::arclight$feed(Lnet/minecraft/world/entity/player/Player;Lnet/minecraft/world/InteractionHand;Lorg/spongepowered/asm/mixin/injection/callback/CallbackInfoReturnable;)V doesn't use it's CallbackInfoReturnable
[076月2026 16:52:18.028] [main/DEBUG] [mixin/]: mixins.arclight.core.json:world.entity.animal.ParrotMixin from mod (unknown)->@Inject::arclight$feed(Lnet/minecraft/world/entity/player/Player;Lnet/minecraft/world/InteractionHand;Lorg/spongepowered/asm/mixin/injection/callback/CallbackInfoReturnable;)V has 0 override(s) in child classes
[076月2026 16:52:18.028] [main/DEBUG] [mixin/]: mixins.arclight.core.json:world.entity.animal.ParrotMixin from mod (unknown)->@Inject::arclight$feed(Lnet/minecraft/world/entity/player/Player;Lnet/minecraft/world/InteractionHand;Lorg/spongepowered/asm/mixin/injection/callback/CallbackInfoReturnable;)V won't be passed a CallbackInfoReturnable as a result
[076月2026 16:52:18.029] [main/DEBUG] [mixin/]: Mixing world.entity.animal.ShoulderRidingEntityMixin from mixins.arclight.core.json into net.minecraft.world.entity.animal.ShoulderRidingEntity
[076月2026 16:52:18.030] [main/DEBUG] [mixin/]: mixins.arclight.core.json:world.entity.animal.ShoulderRidingEntityMixin from mod (unknown)->@Inject::arclight$pickCause(Lnet/minecraft/server/level/ServerPlayer;Lorg/spongepowered/asm/mixin/injection/callback/CallbackInfoReturnable;)V doesn't use it's CallbackInfoReturnable
[076月2026 16:52:18.030] [main/DEBUG] [mixin/]: mixins.arclight.core.json:world.entity.animal.ShoulderRidingEntityMixin from mod (unknown)->@Inject::arclight$pickCause(Lnet/minecraft/server/level/ServerPlayer;Lorg/spongepowered/asm/mixin/injection/callback/CallbackInfoReturnable;)V has 0 override(s) in child classes
[076月2026 16:52:18.030] [main/DEBUG] [mixin/]: mixins.arclight.core.json:world.entity.animal.ShoulderRidingEntityMixin from mod (unknown)->@Inject::arclight$pickCause(Lnet/minecraft/server/level/ServerPlayer;Lorg/spongepowered/asm/mixin/injection/callback/CallbackInfoReturnable;)V won't be passed a CallbackInfoReturnable as a result
[076月2026 16:52:18.034] [main/DEBUG] [mixin/]: Mixing world.entity.monster.Phantom_AttackPlayerTargetGoalMixin from mixins.arclight.core.json into net.minecraft.world.entity.monster.Phantom$PhantomAttackPlayerTargetGoal
[076月2026 16:52:18.034] [main/DEBUG] [mixin/]: mixins.arclight.core.json:world.entity.monster.Phantom_AttackPlayerTargetGoalMixin from mod (unknown)->@Inject::arclight$reason(Lorg/spongepowered/asm/mixin/injection/callback/CallbackInfoReturnable;)V doesn't use it's CallbackInfoReturnable
[076月2026 16:52:18.034] [main/DEBUG] [mixin/]: mixins.arclight.core.json:world.entity.monster.Phantom_AttackPlayerTargetGoalMixin from mod (unknown)->@Inject::arclight$reason(Lorg/spongepowered/asm/mixin/injection/callback/CallbackInfoReturnable;)V has 0 override(s) in child classes
[076月2026 16:52:18.034] [main/DEBUG] [mixin/]: mixins.arclight.core.json:world.entity.monster.Phantom_AttackPlayerTargetGoalMixin from mod (unknown)->@Inject::arclight$reason(Lorg/spongepowered/asm/mixin/injection/callback/CallbackInfoReturnable;)V won't be passed a CallbackInfoReturnable as a result
[076月2026 16:52:18.035] [main/DEBUG] [mixin/]: Mixing world.entity.animal.PigMixin from mixins.arclight.core.json into net.minecraft.world.entity.animal.Pig
[076月2026 16:52:18.036] [main/DEBUG] [mixin/]: mixins.arclight.core.json:world.entity.animal.PigMixin from mod (unknown)->@Inject::arclight$pigZap(Lnet/minecraft/server/level/ServerLevel;Lnet/minecraft/world/entity/LightningBolt;Lorg/spongepowered/asm/mixin/injection/callback/CallbackInfo;Lnet/minecraft/world/entity/monster/ZombifiedPiglin;)V does use it's CallbackInfo
[076月2026 16:52:18.038] [main/DEBUG] [mixin/]: Mixing world.entity.monster.ZombifiedPiglinMixin from mixins.arclight.core.json into net.minecraft.world.entity.monster.ZombifiedPiglin
[076月2026 16:52:18.042] [main/DEBUG] [mixin/]: Mixing world.entity.monster.piglin.PiglinMixin from mixins.arclight.core.json into net.minecraft.world.entity.monster.piglin.Piglin
[076月2026 16:52:18.044] [main/DEBUG] [mixin/]: Mixing core.world.entity.monster.piglin.PiglinMixin_NeoForge from mixins.arclight.neoforge.json into net.minecraft.world.entity.monster.piglin.Piglin
[076月2026 16:52:18.047] [main/DEBUG] [mixin/]: mixins.arclight.core.json:world.entity.monster.piglin.PiglinMixin from mod (unknown)->@Inject::arclight$writeAdditional(Lnet/minecraft/nbt/CompoundTag;Lorg/spongepowered/asm/mixin/injection/callback/CallbackInfo;)V doesn't use it's CallbackInfo
[076月2026 16:52:18.047] [main/DEBUG] [mixin/]: mixins.arclight.core.json:world.entity.monster.piglin.PiglinMixin from mod (unknown)->@Inject::arclight$writeAdditional(Lnet/minecraft/nbt/CompoundTag;Lorg/spongepowered/asm/mixin/injection/callback/CallbackInfo;)V has 0 override(s) in child classes
[076月2026 16:52:18.047] [main/DEBUG] [mixin/]: mixins.arclight.core.json:world.entity.monster.piglin.PiglinMixin from mod (unknown)->@Inject::arclight$writeAdditional(Lnet/minecraft/nbt/CompoundTag;Lorg/spongepowered/asm/mixin/injection/callback/CallbackInfo;)V won't be passed a CallbackInfo as a result
[076月2026 16:52:18.047] [main/DEBUG] [mixin/]: mixins.arclight.core.json:world.entity.monster.piglin.PiglinMixin from mod (unknown)->@Inject::arclight$readAdditional(Lnet/minecraft/nbt/CompoundTag;Lorg/spongepowered/asm/mixin/injection/callback/CallbackInfo;)V doesn't use it's CallbackInfo
[076月2026 16:52:18.047] [main/DEBUG] [mixin/]: mixins.arclight.core.json:world.entity.monster.piglin.PiglinMixin from mod (unknown)->@Inject::arclight$readAdditional(Lnet/minecraft/nbt/CompoundTag;Lorg/spongepowered/asm/mixin/injection/callback/CallbackInfo;)V has 0 override(s) in child classes
[076月2026 16:52:18.047] [main/DEBUG] [mixin/]: mixins.arclight.core.json:world.entity.monster.piglin.PiglinMixin from mod (unknown)->@Inject::arclight$readAdditional(Lnet/minecraft/nbt/CompoundTag;Lorg/spongepowered/asm/mixin/injection/callback/CallbackInfo;)V won't be passed a CallbackInfo as a result
[076月2026 16:52:18.058] [main/DEBUG] [mixin/]: Mixing world.entity.monster.PillagerMixin from mixins.arclight.core.json into net.minecraft.world.entity.monster.Pillager
[076月2026 16:52:18.059] [main/DEBUG] [mixin/]: mixins.arclight.core.json:world.entity.monster.PillagerMixin from mod (unknown)->@Inject::arclight$pickup(Lnet/minecraft/world/entity/item/ItemEntity;Lorg/spongepowered/asm/mixin/injection/callback/CallbackInfo;)V doesn't use it's CallbackInfo
[076月2026 16:52:18.059] [main/DEBUG] [mixin/]: mixins.arclight.core.json:world.entity.monster.PillagerMixin from mod (unknown)->@Inject::arclight$pickup(Lnet/minecraft/world/entity/item/ItemEntity;Lorg/spongepowered/asm/mixin/injection/callback/CallbackInfo;)V has 0 override(s) in child classes
[076月2026 16:52:18.059] [main/DEBUG] [mixin/]: mixins.arclight.core.json:world.entity.monster.PillagerMixin from mod (unknown)->@Inject::arclight$pickup(Lnet/minecraft/world/entity/item/ItemEntity;Lorg/spongepowered/asm/mixin/injection/callback/CallbackInfo;)V won't be passed a CallbackInfo as a result
[076月2026 16:52:18.060] [main/DEBUG] [mixin/]: Mixing world.entity.raider.Raider_HoldGroundAttackGoalMixin from mixins.arclight.core.json into net.minecraft.world.entity.raid.Raider$HoldGroundAttackGoal
[076月2026 16:52:18.064] [main/DEBUG] [mixin/]: Mixing world.entity.projectile.ThrownPotionMixin from mixins.arclight.core.json into net.minecraft.world.entity.projectile.ThrownPotion
[076月2026 16:52:18.068] [main/DEBUG] [mixin/]: mixins.arclight.core.json:world.entity.projectile.ThrownPotionMixin from mod (unknown)->@Inject::arclight$resetResult(Lnet/minecraft/world/phys/HitResult;Lorg/spongepowered/asm/mixin/injection/callback/CallbackInfo;)V doesn't use it's CallbackInfo
[076月2026 16:52:18.068] [main/DEBUG] [mixin/]: mixins.arclight.core.json:world.entity.projectile.ThrownPotionMixin from mod (unknown)->@Inject::arclight$resetResult(Lnet/minecraft/world/phys/HitResult;Lorg/spongepowered/asm/mixin/injection/callback/CallbackInfo;)V has 0 override(s) in child classes
[076月2026 16:52:18.068] [main/DEBUG] [mixin/]: mixins.arclight.core.json:world.entity.projectile.ThrownPotionMixin from mod (unknown)->@Inject::arclight$resetResult(Lnet/minecraft/world/phys/HitResult;Lorg/spongepowered/asm/mixin/injection/callback/CallbackInfo;)V won't be passed a CallbackInfo as a result
[076月2026 16:52:18.068] [main/DEBUG] [mixin/]: mixins.arclight.core.json:world.entity.projectile.ThrownPotionMixin from mod (unknown)->@Inject::arclight$resetResult(Lnet/minecraft/world/phys/HitResult;Lorg/spongepowered/asm/mixin/injection/callback/CallbackInfo;)V doesn't use it's CallbackInfo
[076月2026 16:52:18.068] [main/DEBUG] [mixin/]: mixins.arclight.core.json:world.entity.projectile.ThrownPotionMixin from mod (unknown)->@Inject::arclight$resetResult(Lnet/minecraft/world/phys/HitResult;Lorg/spongepowered/asm/mixin/injection/callback/CallbackInfo;)V has 0 override(s) in child classes
[076月2026 16:52:18.068] [main/DEBUG] [mixin/]: mixins.arclight.core.json:world.entity.projectile.ThrownPotionMixin from mod (unknown)->@Inject::arclight$resetResult(Lnet/minecraft/world/phys/HitResult;Lorg/spongepowered/asm/mixin/injection/callback/CallbackInfo;)V won't be passed a CallbackInfo as a result
[076月2026 16:52:18.068] [main/DEBUG] [mixin/]: mixins.arclight.core.json:world.entity.projectile.ThrownPotionMixin from mod (unknown)->@Inject::arclight$hitCause(Lnet/minecraft/world/phys/HitResult;Lorg/spongepowered/asm/mixin/injection/callback/CallbackInfo;)V doesn't use it's CallbackInfo
[076月2026 16:52:18.068] [main/DEBUG] [mixin/]: mixins.arclight.core.json:world.entity.projectile.ThrownPotionMixin from mod (unknown)->@Inject::arclight$hitCause(Lnet/minecraft/world/phys/HitResult;Lorg/spongepowered/asm/mixin/injection/callback/CallbackInfo;)V has 0 override(s) in child classes
[076月2026 16:52:18.068] [main/DEBUG] [mixin/]: mixins.arclight.core.json:world.entity.projectile.ThrownPotionMixin from mod (unknown)->@Inject::arclight$hitCause(Lnet/minecraft/world/phys/HitResult;Lorg/spongepowered/asm/mixin/injection/callback/CallbackInfo;)V won't be passed a CallbackInfo as a result
[076月2026 16:52:18.068] [main/DEBUG] [mixin/]: mixins.arclight.core.json:world.entity.projectile.ThrownPotionMixin from mod (unknown)->@Inject::arclight$makeCloud(Lnet/minecraft/world/item/alchemy/PotionContents;Lorg/spongepowered/asm/mixin/injection/callback/CallbackInfo;Lnet/minecraft/world/entity/AreaEffectCloud;)V does use it's CallbackInfo
[076月2026 16:52:18.068] [main/DEBUG] [mixin/]: mixins.arclight.core.json:world.entity.projectile.ThrownPotionMixin from mod (unknown)->@Inject::arclight$entityChangeBlock(Lnet/minecraft/core/BlockPos;Lorg/spongepowered/asm/mixin/injection/callback/CallbackInfo;)V does use it's CallbackInfo
[076月2026 16:52:18.068] [main/DEBUG] [mixin/]: mixins.arclight.core.json:world.entity.projectile.ThrownPotionMixin from mod (unknown)->@Inject::arclight$entityChangeBlock2(Lnet/minecraft/core/BlockPos;Lorg/spongepowered/asm/mixin/injection/callback/CallbackInfo;Lnet/minecraft/world/level/block/state/BlockState;)V does use it's CallbackInfo
[076月2026 16:52:18.068] [main/DEBUG] [mixin/]: mixins.arclight.core.json:world.entity.projectile.ThrownPotionMixin from mod (unknown)->@Inject::arclight$entityChangeBlock3(Lnet/minecraft/core/BlockPos;Lorg/spongepowered/asm/mixin/injection/callback/CallbackInfo;Lnet/minecraft/world/level/block/state/BlockState;)V does use it's CallbackInfo
[076月2026 16:52:18.070] [main/DEBUG] [mixin/]: Mixing world.entity.animal.PufferfishMixin from mixins.arclight.core.json into net.minecraft.world.entity.animal.Pufferfish
[076月2026 16:52:18.070] [main/DEBUG] [mixin/]: mixins.arclight.core.json:world.entity.animal.PufferfishMixin from mod (unknown)->@Inject::arclight$attack(Lnet/minecraft/world/entity/Mob;Lorg/spongepowered/asm/mixin/injection/callback/CallbackInfo;)V doesn't use it's CallbackInfo
[076月2026 16:52:18.070] [main/DEBUG] [mixin/]: mixins.arclight.core.json:world.entity.animal.PufferfishMixin from mod (unknown)->@Inject::arclight$attack(Lnet/minecraft/world/entity/Mob;Lorg/spongepowered/asm/mixin/injection/callback/CallbackInfo;)V has 0 override(s) in child classes
[076月2026 16:52:18.070] [main/DEBUG] [mixin/]: mixins.arclight.core.json:world.entity.animal.PufferfishMixin from mod (unknown)->@Inject::arclight$attack(Lnet/minecraft/world/entity/Mob;Lorg/spongepowered/asm/mixin/injection/callback/CallbackInfo;)V won't be passed a CallbackInfo as a result
[076月2026 16:52:18.070] [main/DEBUG] [mixin/]: mixins.arclight.core.json:world.entity.animal.PufferfishMixin from mod (unknown)->@Inject::arclight$collide(Lnet/minecraft/world/entity/player/Player;Lorg/spongepowered/asm/mixin/injection/callback/CallbackInfo;)V doesn't use it's CallbackInfo
[076月2026 16:52:18.070] [main/DEBUG] [mixin/]: mixins.arclight.core.json:world.entity.animal.PufferfishMixin from mod (unknown)->@Inject::arclight$collide(Lnet/minecraft/world/entity/player/Player;Lorg/spongepowered/asm/mixin/injection/callback/CallbackInfo;)V has 0 override(s) in child classes
[076月2026 16:52:18.070] [main/DEBUG] [mixin/]: mixins.arclight.core.json:world.entity.animal.PufferfishMixin from mod (unknown)->@Inject::arclight$collide(Lnet/minecraft/world/entity/player/Player;Lorg/spongepowered/asm/mixin/injection/callback/CallbackInfo;)V won't be passed a CallbackInfo as a result
[076月2026 16:52:18.072] [main/DEBUG] [mixin/]: Mixing world.entity.animal.RabbitMixin from mixins.arclight.core.json into net.minecraft.world.entity.animal.Rabbit
[076月2026 16:52:18.075] [main/DEBUG] [mixin/]: Mixing world.entity.animal.Rabbit_RaidGardenGoalMixin from mixins.arclight.core.json into net.minecraft.world.entity.animal.Rabbit$RaidGardenGoal
[076月2026 16:52:18.075] [main/DEBUG] [mixin/]: mixins.arclight.core.json:world.entity.animal.Rabbit_RaidGardenGoalMixin from mod (unknown)->@Inject::arclight$entityChangeBlock(Lorg/spongepowered/asm/mixin/injection/callback/CallbackInfo;Lnet/minecraft/world/level/Level;Lnet/minecraft/core/BlockPos;Lnet/minecraft/world/level/block/state/BlockState;Lnet/minecraft/world/level/block/Block;I)V does use it's CallbackInfo
[076月2026 16:52:18.075] [main/DEBUG] [mixin/]: mixins.arclight.core.json:world.entity.animal.Rabbit_RaidGardenGoalMixin from mod (unknown)->@Inject::arclight$entityChangeBlock(Lorg/spongepowered/asm/mixin/injection/callback/CallbackInfo;Lnet/minecraft/world/level/Level;Lnet/minecraft/core/BlockPos;Lnet/minecraft/world/level/block/state/BlockState;Lnet/minecraft/world/level/block/Block;I)V does use it's CallbackInfo
[076月2026 16:52:18.076] [main/DEBUG] [mixin/]: Mixing world.entity.monster.RavagerMixin from mixins.arclight.core.json into net.minecraft.world.entity.monster.Ravager
[076月2026 16:52:18.080] [main/DEBUG] [mixin/]: Mixing world.entity.animal.SheepMixin from mixins.arclight.core.json into net.minecraft.world.entity.animal.Sheep
[076月2026 16:52:18.080] [main/DEBUG] [mixin/]: Mixing core.world.entity.animal.SheepMixin_NeoForge from mixins.arclight.neoforge.json into net.minecraft.world.entity.animal.Sheep
[076月2026 16:52:18.081] [main/DEBUG] [mixin/]: mixins.arclight.core.json:world.entity.animal.SheepMixin from mod (unknown)->@Inject::arclight$regrow(Lorg/spongepowered/asm/mixin/injection/callback/CallbackInfo;)V does use it's CallbackInfo
[076月2026 16:52:18.081] [main/DEBUG] [mixin/]: mixins.arclight.neoforge.json:core.world.entity.animal.SheepMixin_NeoForge from mod (unknown)->@Inject::arclight$forceDrop(Lorg/spongepowered/asm/mixin/injection/callback/CallbackInfo;)V doesn't use it's CallbackInfo
[076月2026 16:52:18.081] [main/DEBUG] [mixin/]: mixins.arclight.neoforge.json:core.world.entity.animal.SheepMixin_NeoForge from mod (unknown)->@Inject::arclight$forceDrop(Lorg/spongepowered/asm/mixin/injection/callback/CallbackInfo;)V has 0 override(s) in child classes
[076月2026 16:52:18.081] [main/DEBUG] [mixin/]: mixins.arclight.neoforge.json:core.world.entity.animal.SheepMixin_NeoForge from mod (unknown)->@Inject::arclight$forceDrop(Lorg/spongepowered/asm/mixin/injection/callback/CallbackInfo;)V won't be passed a CallbackInfo as a result
[076月2026 16:52:18.081] [main/DEBUG] [mixin/]: mixins.arclight.neoforge.json:core.world.entity.animal.SheepMixin_NeoForge from mod (unknown)->@Inject::arclight$forceDropReset(Lorg/spongepowered/asm/mixin/injection/callback/CallbackInfo;)V doesn't use it's CallbackInfo
[076月2026 16:52:18.081] [main/DEBUG] [mixin/]: mixins.arclight.neoforge.json:core.world.entity.animal.SheepMixin_NeoForge from mod (unknown)->@Inject::arclight$forceDropReset(Lorg/spongepowered/asm/mixin/injection/callback/CallbackInfo;)V has 0 override(s) in child classes
[076月2026 16:52:18.081] [main/DEBUG] [mixin/]: mixins.arclight.neoforge.json:core.world.entity.animal.SheepMixin_NeoForge from mod (unknown)->@Inject::arclight$forceDropReset(Lorg/spongepowered/asm/mixin/injection/callback/CallbackInfo;)V won't be passed a CallbackInfo as a result
[076月2026 16:52:18.082] [main/DEBUG] [mixin/]: Mixing world.entity.ai.goal.EatBlockGoalMixin from mixins.arclight.core.json into net.minecraft.world.entity.ai.goal.EatBlockGoal
[076月2026 16:52:18.083] [main/DEBUG] [mixin/]: mixins.arclight.core.json:world.entity.ai.goal.EatBlockGoalMixin from mod (unknown)->@Inject::arclight$capturePos1(Lorg/spongepowered/asm/mixin/injection/callback/CallbackInfo;Lnet/minecraft/core/BlockPos;)V doesn't use it's CallbackInfo
[076月2026 16:52:18.083] [main/DEBUG] [mixin/]: mixins.arclight.core.json:world.entity.ai.goal.EatBlockGoalMixin from mod (unknown)->@Inject::arclight$capturePos1(Lorg/spongepowered/asm/mixin/injection/callback/CallbackInfo;Lnet/minecraft/core/BlockPos;)V has 0 override(s) in child classes
[076月2026 16:52:18.083] [main/DEBUG] [mixin/]: mixins.arclight.core.json:world.entity.ai.goal.EatBlockGoalMixin from mod (unknown)->@Inject::arclight$capturePos1(Lorg/spongepowered/asm/mixin/injection/callback/CallbackInfo;Lnet/minecraft/core/BlockPos;)V won't be passed a CallbackInfo as a result
[076月2026 16:52:18.083] [main/DEBUG] [mixin/]: mixins.arclight.core.json:world.entity.ai.goal.EatBlockGoalMixin from mod (unknown)->@Inject::arclight$capturePos2(Lorg/spongepowered/asm/mixin/injection/callback/CallbackInfo;Lnet/minecraft/core/BlockPos;)V doesn't use it's CallbackInfo
[076月2026 16:52:18.083] [main/DEBUG] [mixin/]: mixins.arclight.core.json:world.entity.ai.goal.EatBlockGoalMixin from mod (unknown)->@Inject::arclight$capturePos2(Lorg/spongepowered/asm/mixin/injection/callback/CallbackInfo;Lnet/minecraft/core/BlockPos;)V has 0 override(s) in child classes
[076月2026 16:52:18.083] [main/DEBUG] [mixin/]: mixins.arclight.core.json:world.entity.ai.goal.EatBlockGoalMixin from mod (unknown)->@Inject::arclight$capturePos2(Lorg/spongepowered/asm/mixin/injection/callback/CallbackInfo;Lnet/minecraft/core/BlockPos;)V won't be passed a CallbackInfo as a result
[076月2026 16:52:18.083] [main/DEBUG] [mixin/]: mixins.arclight.core.json:world.entity.ai.goal.EatBlockGoalMixin from mod (unknown)->@Inject::arclight$entityChangeBlock(Lorg/spongepowered/asm/mixin/injection/callback/CallbackInfo;)V does use it's CallbackInfo
[076月2026 16:52:18.084] [main/DEBUG] [mixin/]: Mixing world.entity.monster.ShulkerMixin from mixins.arclight.core.json into net.minecraft.world.entity.monster.Shulker
[076月2026 16:52:18.085] [main/DEBUG] [mixin/]: mixins.arclight.core.json:world.entity.monster.ShulkerMixin from mod (unknown)->@Inject::arclight$breedCause(Lorg/spongepowered/asm/mixin/injection/callback/CallbackInfo;)V doesn't use it's CallbackInfo
[076月2026 16:52:18.085] [main/DEBUG] [mixin/]: mixins.arclight.core.json:world.entity.monster.ShulkerMixin from mod (unknown)->@Inject::arclight$breedCause(Lorg/spongepowered/asm/mixin/injection/callback/CallbackInfo;)V has 0 override(s) in child classes
[076月2026 16:52:18.085] [main/DEBUG] [mixin/]: mixins.arclight.core.json:world.entity.monster.ShulkerMixin from mod (unknown)->@Inject::arclight$breedCause(Lorg/spongepowered/asm/mixin/injection/callback/CallbackInfo;)V won't be passed a CallbackInfo as a result
[076月2026 16:52:18.088] [main/DEBUG] [mixin/]: Mixing world.entity.projectile.ShulkerBulletMixin from mixins.arclight.core.json into net.minecraft.world.entity.projectile.ShulkerBullet
[076月2026 16:52:18.090] [main/DEBUG] [mixin/]: mixins.arclight.core.json:world.entity.projectile.ShulkerBulletMixin from mod (unknown)->@Inject::arclight$init(Lnet/minecraft/world/level/Level;Lnet/minecraft/world/entity/LivingEntity;Lnet/minecraft/world/entity/Entity;Lnet/minecraft/core/Direction$Axis;Lorg/spongepowered/asm/mixin/injection/callback/CallbackInfo;)V doesn't use it's CallbackInfo
[076月2026 16:52:18.090] [main/DEBUG] [mixin/]: mixins.arclight.core.json:world.entity.projectile.ShulkerBulletMixin from mod (unknown)->@Inject::arclight$init(Lnet/minecraft/world/level/Level;Lnet/minecraft/world/entity/LivingEntity;Lnet/minecraft/world/entity/Entity;Lnet/minecraft/core/Direction$Axis;Lorg/spongepowered/asm/mixin/injection/callback/CallbackInfo;)V has 0 override(s) in child classes
[076月2026 16:52:18.090] [main/DEBUG] [mixin/]: mixins.arclight.core.json:world.entity.projectile.ShulkerBulletMixin from mod (unknown)->@Inject::arclight$init(Lnet/minecraft/world/level/Level;Lnet/minecraft/world/entity/LivingEntity;Lnet/minecraft/world/entity/Entity;Lnet/minecraft/core/Direction$Axis;Lorg/spongepowered/asm/mixin/injection/callback/CallbackInfo;)V won't be passed a CallbackInfo as a result
[076月2026 16:52:18.090] [main/DEBUG] [mixin/]: mixins.arclight.core.json:world.entity.projectile.ShulkerBulletMixin from mod (unknown)->@Inject::arclight$reason(Lnet/minecraft/world/phys/EntityHitResult;Lorg/spongepowered/asm/mixin/injection/callback/CallbackInfo;)V doesn't use it's CallbackInfo
[076月2026 16:52:18.090] [main/DEBUG] [mixin/]: mixins.arclight.core.json:world.entity.projectile.ShulkerBulletMixin from mod (unknown)->@Inject::arclight$reason(Lnet/minecraft/world/phys/EntityHitResult;Lorg/spongepowered/asm/mixin/injection/callback/CallbackInfo;)V has 0 override(s) in child classes
[076月2026 16:52:18.090] [main/DEBUG] [mixin/]: mixins.arclight.core.json:world.entity.projectile.ShulkerBulletMixin from mod (unknown)->@Inject::arclight$reason(Lnet/minecraft/world/phys/EntityHitResult;Lorg/spongepowered/asm/mixin/injection/callback/CallbackInfo;)V won't be passed a CallbackInfo as a result
[076月2026 16:52:18.090] [main/DEBUG] [mixin/]: mixins.arclight.core.json:world.entity.projectile.ShulkerBulletMixin from mod (unknown)->@Inject::arclight$hitCause(Lnet/minecraft/world/phys/HitResult;Lorg/spongepowered/asm/mixin/injection/callback/CallbackInfo;)V doesn't use it's CallbackInfo
[076月2026 16:52:18.090] [main/DEBUG] [mixin/]: mixins.arclight.core.json:world.entity.projectile.ShulkerBulletMixin from mod (unknown)->@Inject::arclight$hitCause(Lnet/minecraft/world/phys/HitResult;Lorg/spongepowered/asm/mixin/injection/callback/CallbackInfo;)V has 0 override(s) in child classes
[076月2026 16:52:18.090] [main/DEBUG] [mixin/]: mixins.arclight.core.json:world.entity.projectile.ShulkerBulletMixin from mod (unknown)->@Inject::arclight$hitCause(Lnet/minecraft/world/phys/HitResult;Lorg/spongepowered/asm/mixin/injection/callback/CallbackInfo;)V won't be passed a CallbackInfo as a result
[076月2026 16:52:18.090] [main/DEBUG] [mixin/]: mixins.arclight.core.json:world.entity.projectile.ShulkerBulletMixin from mod (unknown)->@Inject::arclight$despawn(Lorg/spongepowered/asm/mixin/injection/callback/CallbackInfo;)V doesn't use it's CallbackInfo
[076月2026 16:52:18.090] [main/DEBUG] [mixin/]: mixins.arclight.core.json:world.entity.projectile.ShulkerBulletMixin from mod (unknown)->@Inject::arclight$despawn(Lorg/spongepowered/asm/mixin/injection/callback/CallbackInfo;)V has 0 override(s) in child classes
[076月2026 16:52:18.090] [main/DEBUG] [mixin/]: mixins.arclight.core.json:world.entity.projectile.ShulkerBulletMixin from mod (unknown)->@Inject::arclight$despawn(Lorg/spongepowered/asm/mixin/injection/callback/CallbackInfo;)V won't be passed a CallbackInfo as a result
[076月2026 16:52:18.090] [main/DEBUG] [mixin/]: mixins.arclight.core.json:world.entity.projectile.ShulkerBulletMixin from mod (unknown)->@Inject::arclight$dead(Lnet/minecraft/world/damagesource/DamageSource;FLorg/spongepowered/asm/mixin/injection/callback/CallbackInfoReturnable;)V doesn't use it's CallbackInfoReturnable
[076月2026 16:52:18.090] [main/DEBUG] [mixin/]: mixins.arclight.core.json:world.entity.projectile.ShulkerBulletMixin from mod (unknown)->@Inject::arclight$dead(Lnet/minecraft/world/damagesource/DamageSource;FLorg/spongepowered/asm/mixin/injection/callback/CallbackInfoReturnable;)V has 0 override(s) in child classes
[076月2026 16:52:18.090] [main/DEBUG] [mixin/]: mixins.arclight.core.json:world.entity.projectile.ShulkerBulletMixin from mod (unknown)->@Inject::arclight$dead(Lnet/minecraft/world/damagesource/DamageSource;FLorg/spongepowered/asm/mixin/injection/callback/CallbackInfoReturnable;)V won't be passed a CallbackInfoReturnable as a result
[076月2026 16:52:18.090] [main/DEBUG] [mixin/]: mixins.arclight.core.json:world.entity.projectile.ShulkerBulletMixin from mod (unknown)->@Inject::arclight$damageBullet(Lnet/minecraft/world/damagesource/DamageSource;FLorg/spongepowered/asm/mixin/injection/callback/CallbackInfoReturnable;)V does use it's CallbackInfoReturnable
[076月2026 16:52:18.091] [main/DEBUG] [mixin/]: Mixing world.entity.monster.Silverfish_WakeUpFriendsGoalMixin from mixins.arclight.core.json into net.minecraft.world.entity.monster.Silverfish$SilverfishWakeUpFriendsGoal
[076月2026 16:52:18.092] [main/DEBUG] [mixin/]: Mixing world.entity.monster.Silverfish_MergeWithStoneGoalMixin from mixins.arclight.core.json into net.minecraft.world.entity.monster.Silverfish$SilverfishMergeWithStoneGoal
[076月2026 16:52:18.093] [main/DEBUG] [mixin/]: mixins.arclight.core.json:world.entity.monster.Silverfish_MergeWithStoneGoalMixin from mod (unknown)->@Inject::arclight$entityChangeBlock(Lorg/spongepowered/asm/mixin/injection/callback/CallbackInfo;Lnet/minecraft/world/level/LevelAccessor;Lnet/minecraft/core/BlockPos;Lnet/minecraft/world/level/block/state/BlockState;)V does use it's CallbackInfo
[076月2026 16:52:18.093] [main/DEBUG] [mixin/]: mixins.arclight.core.json:world.entity.monster.Silverfish_MergeWithStoneGoalMixin from mod (unknown)->@Inject::arclight$enterBlock(Lorg/spongepowered/asm/mixin/injection/callback/CallbackInfo;)V doesn't use it's CallbackInfo
[076月2026 16:52:18.093] [main/DEBUG] [mixin/]: mixins.arclight.core.json:world.entity.monster.Silverfish_MergeWithStoneGoalMixin from mod (unknown)->@Inject::arclight$enterBlock(Lorg/spongepowered/asm/mixin/injection/callback/CallbackInfo;)V has 0 override(s) in child classes
[076月2026 16:52:18.093] [main/DEBUG] [mixin/]: mixins.arclight.core.json:world.entity.monster.Silverfish_MergeWithStoneGoalMixin from mod (unknown)->@Inject::arclight$enterBlock(Lorg/spongepowered/asm/mixin/injection/callback/CallbackInfo;)V won't be passed a CallbackInfo as a result
[076月2026 16:52:18.095] [main/DEBUG] [mixin/]: Mixing world.entity.animal.horse.SkeletonHorseMixin from mixins.arclight.core.json into net.minecraft.world.entity.animal.horse.SkeletonHorse
[076月2026 16:52:18.095] [main/DEBUG] [mixin/]: mixins.arclight.core.json:world.entity.animal.horse.SkeletonHorseMixin from mod (unknown)->@Inject::arclight$despawn(Lorg/spongepowered/asm/mixin/injection/callback/CallbackInfo;)V doesn't use it's CallbackInfo
[076月2026 16:52:18.095] [main/DEBUG] [mixin/]: mixins.arclight.core.json:world.entity.animal.horse.SkeletonHorseMixin from mod (unknown)->@Inject::arclight$despawn(Lorg/spongepowered/asm/mixin/injection/callback/CallbackInfo;)V has 0 override(s) in child classes
[076月2026 16:52:18.095] [main/DEBUG] [mixin/]: mixins.arclight.core.json:world.entity.animal.horse.SkeletonHorseMixin from mod (unknown)->@Inject::arclight$despawn(Lorg/spongepowered/asm/mixin/injection/callback/CallbackInfo;)V won't be passed a CallbackInfo as a result
[076月2026 16:52:18.096] [main/DEBUG] [mixin/]: Mixing world.entity.animal.horse.SkeletonTrapGoalMixin from mixins.arclight.core.json into net.minecraft.world.entity.animal.horse.SkeletonTrapGoal
[076月2026 16:52:18.097] [main/DEBUG] [mixin/]: mixins.arclight.core.json:world.entity.animal.horse.SkeletonTrapGoalMixin from mod (unknown)->@Inject::arclight$thunder(Lorg/spongepowered/asm/mixin/injection/callback/CallbackInfo;)V doesn't use it's CallbackInfo
[076月2026 16:52:18.097] [main/DEBUG] [mixin/]: mixins.arclight.core.json:world.entity.animal.horse.SkeletonTrapGoalMixin from mod (unknown)->@Inject::arclight$thunder(Lorg/spongepowered/asm/mixin/injection/callback/CallbackInfo;)V has 0 override(s) in child classes
[076月2026 16:52:18.097] [main/DEBUG] [mixin/]: mixins.arclight.core.json:world.entity.animal.horse.SkeletonTrapGoalMixin from mod (unknown)->@Inject::arclight$thunder(Lorg/spongepowered/asm/mixin/injection/callback/CallbackInfo;)V won't be passed a CallbackInfo as a result
[076月2026 16:52:18.097] [main/DEBUG] [mixin/]: mixins.arclight.core.json:world.entity.animal.horse.SkeletonTrapGoalMixin from mod (unknown)->@Inject::arclight$jockey(Lorg/spongepowered/asm/mixin/injection/callback/CallbackInfo;)V doesn't use it's CallbackInfo
[076月2026 16:52:18.097] [main/DEBUG] [mixin/]: mixins.arclight.core.json:world.entity.animal.horse.SkeletonTrapGoalMixin from mod (unknown)->@Inject::arclight$jockey(Lorg/spongepowered/asm/mixin/injection/callback/CallbackInfo;)V has 0 override(s) in child classes
[076月2026 16:52:18.097] [main/DEBUG] [mixin/]: mixins.arclight.core.json:world.entity.animal.horse.SkeletonTrapGoalMixin from mod (unknown)->@Inject::arclight$jockey(Lorg/spongepowered/asm/mixin/injection/callback/CallbackInfo;)V won't be passed a CallbackInfo as a result
[076月2026 16:52:18.099] [main/DEBUG] [mixin/]: Mixing world.entity.projectile.SmallFireballMixin from mixins.arclight.core.json into net.minecraft.world.entity.projectile.SmallFireball
[076月2026 16:52:18.100] [main/DEBUG] [mixin/]: mixins.arclight.core.json:world.entity.projectile.SmallFireballMixin from mod (unknown)->@Inject::arclight$init(Lnet/minecraft/world/level/Level;Lnet/minecraft/world/entity/LivingEntity;Lnet/minecraft/world/phys/Vec3;Lorg/spongepowered/asm/mixin/injection/callback/CallbackInfo;)V doesn't use it's CallbackInfo
[076月2026 16:52:18.100] [main/DEBUG] [mixin/]: mixins.arclight.core.json:world.entity.projectile.SmallFireballMixin from mod (unknown)->@Inject::arclight$init(Lnet/minecraft/world/level/Level;Lnet/minecraft/world/entity/LivingEntity;Lnet/minecraft/world/phys/Vec3;Lorg/spongepowered/asm/mixin/injection/callback/CallbackInfo;)V has 0 override(s) in child classes
[076月2026 16:52:18.100] [main/DEBUG] [mixin/]: mixins.arclight.core.json:world.entity.projectile.SmallFireballMixin from mod (unknown)->@Inject::arclight$init(Lnet/minecraft/world/level/Level;Lnet/minecraft/world/entity/LivingEntity;Lnet/minecraft/world/phys/Vec3;Lorg/spongepowered/asm/mixin/injection/callback/CallbackInfo;)V won't be passed a CallbackInfo as a result
[076月2026 16:52:18.100] [main/DEBUG] [mixin/]: mixins.arclight.core.json:world.entity.projectile.SmallFireballMixin from mod (unknown)->@Inject::arclight$burnBlock(Lnet/minecraft/world/phys/BlockHitResult;Lorg/spongepowered/asm/mixin/injection/callback/CallbackInfo;Lnet/minecraft/world/entity/Entity;Lnet/minecraft/core/BlockPos;)V does use it's CallbackInfo
[076月2026 16:52:18.100] [main/DEBUG] [mixin/]: mixins.arclight.core.json:world.entity.projectile.SmallFireballMixin from mod (unknown)->@Inject::arclight$hitCause(Lnet/minecraft/world/phys/HitResult;Lorg/spongepowered/asm/mixin/injection/callback/CallbackInfo;)V doesn't use it's CallbackInfo
[076月2026 16:52:18.100] [main/DEBUG] [mixin/]: mixins.arclight.core.json:world.entity.projectile.SmallFireballMixin from mod (unknown)->@Inject::arclight$hitCause(Lnet/minecraft/world/phys/HitResult;Lorg/spongepowered/asm/mixin/injection/callback/CallbackInfo;)V has 0 override(s) in child classes
[076月2026 16:52:18.100] [main/DEBUG] [mixin/]: mixins.arclight.core.json:world.entity.projectile.SmallFireballMixin from mod (unknown)->@Inject::arclight$hitCause(Lnet/minecraft/world/phys/HitResult;Lorg/spongepowered/asm/mixin/injection/callback/CallbackInfo;)V won't be passed a CallbackInfo as a result
[076月2026 16:52:18.102] [main/DEBUG] [mixin/]: Mixing world.entity.projectile.SnowballMixin from mixins.arclight.core.json into net.minecraft.world.entity.projectile.Snowball
[076月2026 16:52:18.102] [main/DEBUG] [mixin/]: mixins.arclight.core.json:world.entity.projectile.SnowballMixin from mod (unknown)->@Inject::arclight$hitCause(Lnet/minecraft/world/phys/HitResult;Lorg/spongepowered/asm/mixin/injection/callback/CallbackInfo;)V doesn't use it's CallbackInfo
[076月2026 16:52:18.102] [main/DEBUG] [mixin/]: mixins.arclight.core.json:world.entity.projectile.SnowballMixin from mod (unknown)->@Inject::arclight$hitCause(Lnet/minecraft/world/phys/HitResult;Lorg/spongepowered/asm/mixin/injection/callback/CallbackInfo;)V has 0 override(s) in child classes
[076月2026 16:52:18.102] [main/DEBUG] [mixin/]: mixins.arclight.core.json:world.entity.projectile.SnowballMixin from mod (unknown)->@Inject::arclight$hitCause(Lnet/minecraft/world/phys/HitResult;Lorg/spongepowered/asm/mixin/injection/callback/CallbackInfo;)V won't be passed a CallbackInfo as a result
[076月2026 16:52:18.104] [main/DEBUG] [mixin/]: Mixing world.level.BaseSpawnerMixin from mixins.arclight.core.json into net.minecraft.world.level.BaseSpawner
[076月2026 16:52:18.105] [main/DEBUG] [mixin/]: mixins.arclight.core.json:world.level.BaseSpawnerMixin from mod (unknown)->@Inject::arclight$clearMobs(Lorg/spongepowered/asm/mixin/injection/callback/CallbackInfo;)V doesn't use it's CallbackInfo
[076月2026 16:52:18.105] [main/DEBUG] [mixin/]: mixins.arclight.core.json:world.level.BaseSpawnerMixin from mod (unknown)->@Inject::arclight$clearMobs(Lorg/spongepowered/asm/mixin/injection/callback/CallbackInfo;)V has 0 override(s) in child classes
[076月2026 16:52:18.105] [main/DEBUG] [mixin/]: mixins.arclight.core.json:world.level.BaseSpawnerMixin from mod (unknown)->@Inject::arclight$clearMobs(Lorg/spongepowered/asm/mixin/injection/callback/CallbackInfo;)V won't be passed a CallbackInfo as a result
[076月2026 16:52:18.107] [main/DEBUG] [mixin/]: Mixing world.entity.projectile.SpectralArrowMixin from mixins.arclight.core.json into net.minecraft.world.entity.projectile.SpectralArrow
[076月2026 16:52:18.107] [main/DEBUG] [mixin/]: mixins.arclight.core.json:world.entity.projectile.SpectralArrowMixin from mod (unknown)->@Inject::arclight$hit(Lnet/minecraft/world/entity/LivingEntity;Lorg/spongepowered/asm/mixin/injection/callback/CallbackInfo;)V doesn't use it's CallbackInfo
[076月2026 16:52:18.107] [main/DEBUG] [mixin/]: mixins.arclight.core.json:world.entity.projectile.SpectralArrowMixin from mod (unknown)->@Inject::arclight$hit(Lnet/minecraft/world/entity/LivingEntity;Lorg/spongepowered/asm/mixin/injection/callback/CallbackInfo;)V has 0 override(s) in child classes
[076月2026 16:52:18.107] [main/DEBUG] [mixin/]: mixins.arclight.core.json:world.entity.projectile.SpectralArrowMixin from mod (unknown)->@Inject::arclight$hit(Lnet/minecraft/world/entity/LivingEntity;Lorg/spongepowered/asm/mixin/injection/callback/CallbackInfo;)V won't be passed a CallbackInfo as a result
[076月2026 16:52:18.109] [main/DEBUG] [mixin/]: Mixing world.entity.monster.StriderMixin from mixins.arclight.core.json into net.minecraft.world.entity.monster.Strider
[076月2026 16:52:18.113] [main/DEBUG] [mixin/]: Mixing world.entity.animal.horse.TraderLlamaMixin from mixins.arclight.core.json into net.minecraft.world.entity.animal.horse.TraderLlama
[076月2026 16:52:18.114] [main/DEBUG] [mixin/]: mixins.arclight.core.json:world.entity.animal.horse.TraderLlamaMixin from mod (unknown)->@Inject::arclight$despawn(Lorg/spongepowered/asm/mixin/injection/callback/CallbackInfo;)V doesn't use it's CallbackInfo
[076月2026 16:52:18.114] [main/DEBUG] [mixin/]: mixins.arclight.core.json:world.entity.animal.horse.TraderLlamaMixin from mod (unknown)->@Inject::arclight$despawn(Lorg/spongepowered/asm/mixin/injection/callback/CallbackInfo;)V has 0 override(s) in child classes
[076月2026 16:52:18.114] [main/DEBUG] [mixin/]: mixins.arclight.core.json:world.entity.animal.horse.TraderLlamaMixin from mod (unknown)->@Inject::arclight$despawn(Lorg/spongepowered/asm/mixin/injection/callback/CallbackInfo;)V won't be passed a CallbackInfo as a result
[076月2026 16:52:18.115] [main/DEBUG] [mixin/]: Mixing world.entity.animal.horse.TraderLlamaEntity_FollowTraderGoalMixin from mixins.arclight.core.json into net.minecraft.world.entity.animal.horse.TraderLlama$TraderLlamaDefendWanderingTraderGoal
[076月2026 16:52:18.115] [main/DEBUG] [mixin/]: mixins.arclight.core.json:world.entity.animal.horse.TraderLlamaEntity_FollowTraderGoalMixin from mod (unknown)->@Inject::arclight$reason(Lorg/spongepowered/asm/mixin/injection/callback/CallbackInfo;)V doesn't use it's CallbackInfo
[076月2026 16:52:18.115] [main/DEBUG] [mixin/]: mixins.arclight.core.json:world.entity.animal.horse.TraderLlamaEntity_FollowTraderGoalMixin from mod (unknown)->@Inject::arclight$reason(Lorg/spongepowered/asm/mixin/injection/callback/CallbackInfo;)V has 0 override(s) in child classes
[076月2026 16:52:18.115] [main/DEBUG] [mixin/]: mixins.arclight.core.json:world.entity.animal.horse.TraderLlamaEntity_FollowTraderGoalMixin from mod (unknown)->@Inject::arclight$reason(Lorg/spongepowered/asm/mixin/injection/callback/CallbackInfo;)V won't be passed a CallbackInfo as a result
[076月2026 16:52:18.117] [main/DEBUG] [mixin/]: Mixing world.entity.animal.Turtle_LayEggGoalMixin from mixins.arclight.core.json into net.minecraft.world.entity.animal.Turtle$TurtleLayEggGoal
[076月2026 16:52:18.121] [main/DEBUG] [mixin/]: Mixing world.entity.monster.Vex_CopyOwnerTargetGoalMixin from mixins.arclight.core.json into net.minecraft.world.entity.monster.Vex$VexCopyOwnerTargetGoal
[076月2026 16:52:18.121] [main/DEBUG] [mixin/]: mixins.arclight.core.json:world.entity.monster.Vex_CopyOwnerTargetGoalMixin from mod (unknown)->@Inject::arclight$reason(Lorg/spongepowered/asm/mixin/injection/callback/CallbackInfo;)V doesn't use it's CallbackInfo
[076月2026 16:52:18.121] [main/DEBUG] [mixin/]: mixins.arclight.core.json:world.entity.monster.Vex_CopyOwnerTargetGoalMixin from mod (unknown)->@Inject::arclight$reason(Lorg/spongepowered/asm/mixin/injection/callback/CallbackInfo;)V has 0 override(s) in child classes
[076月2026 16:52:18.121] [main/DEBUG] [mixin/]: mixins.arclight.core.json:world.entity.monster.Vex_CopyOwnerTargetGoalMixin from mod (unknown)->@Inject::arclight$reason(Lorg/spongepowered/asm/mixin/injection/callback/CallbackInfo;)V won't be passed a CallbackInfo as a result
[076月2026 16:52:18.122] [main/DEBUG] [mixin/]: Mixing world.inventory.MerchantMenuMixin from mixins.arclight.core.json into net.minecraft.world.inventory.MerchantMenu
[076月2026 16:52:18.123] [main/DEBUG] [mixin/]: mixins.arclight.core.json:world.inventory.MerchantMenuMixin from mod (unknown)->@Inject::arclight$init(ILnet/minecraft/world/entity/player/Inventory;Lnet/minecraft/world/item/trading/Merchant;Lorg/spongepowered/asm/mixin/injection/callback/CallbackInfo;)V doesn't use it's CallbackInfo
[076月2026 16:52:18.123] [main/DEBUG] [mixin/]: mixins.arclight.core.json:world.inventory.MerchantMenuMixin from mod (unknown)->@Inject::arclight$init(ILnet/minecraft/world/entity/player/Inventory;Lnet/minecraft/world/item/trading/Merchant;Lorg/spongepowered/asm/mixin/injection/callback/CallbackInfo;)V has 0 override(s) in child classes
[076月2026 16:52:18.123] [main/DEBUG] [mixin/]: mixins.arclight.core.json:world.inventory.MerchantMenuMixin from mod (unknown)->@Inject::arclight$init(ILnet/minecraft/world/entity/player/Inventory;Lnet/minecraft/world/item/trading/Merchant;Lorg/spongepowered/asm/mixin/injection/callback/CallbackInfo;)V won't be passed a CallbackInfo as a result
[076月2026 16:52:18.123] [main/DEBUG] [mixin/]: mixins.arclight.core.json:world.inventory.MerchantMenuMixin from mod (unknown)->@Inject::arclight$returnIfFail(Lorg/spongepowered/asm/mixin/injection/callback/CallbackInfo;)V does use it's CallbackInfo
[076月2026 16:52:18.125] [main/DEBUG] [mixin/]: Mixing world.entity.monster.WitchMixin from mixins.arclight.core.json into net.minecraft.world.entity.monster.Witch
[076月2026 16:52:18.125] [main/DEBUG] [mixin/]: Renaming synthetic method lambda$arclight$reason$0(Ljava/util/function/Consumer;Lnet/minecraft/world/effect/MobEffectInstance;)V to md93a37e$lambda$arclight$reason$0$0 in mixins.arclight.core.json:world.entity.monster.WitchMixin from mod (unknown)
[076月2026 16:52:18.134] [main/DEBUG] [mixin/]: Mixing world.entity.npc.WanderingTraderMixin from mixins.arclight.core.json into net.minecraft.world.entity.npc.WanderingTrader
[076月2026 16:52:18.135] [main/DEBUG] [mixin/]: mixins.arclight.core.json:world.entity.npc.WanderingTraderMixin from mod (unknown)->@Inject::arclight$despawn(Lorg/spongepowered/asm/mixin/injection/callback/CallbackInfo;)V doesn't use it's CallbackInfo
[076月2026 16:52:18.135] [main/DEBUG] [mixin/]: mixins.arclight.core.json:world.entity.npc.WanderingTraderMixin from mod (unknown)->@Inject::arclight$despawn(Lorg/spongepowered/asm/mixin/injection/callback/CallbackInfo;)V has 0 override(s) in child classes
[076月2026 16:52:18.135] [main/DEBUG] [mixin/]: mixins.arclight.core.json:world.entity.npc.WanderingTraderMixin from mod (unknown)->@Inject::arclight$despawn(Lorg/spongepowered/asm/mixin/injection/callback/CallbackInfo;)V won't be passed a CallbackInfo as a result
[076月2026 16:52:18.137] [main/DEBUG] [mixin/]: Mixing world.entity.monster.warden.WardenMixin from mixins.arclight.core.json into net.minecraft.world.entity.monster.warden.Warden
[076月2026 16:52:18.138] [main/DEBUG] [mixin/]: mixins.arclight.core.json:world.entity.monster.warden.WardenMixin from mod (unknown)->@Inject::arclight$reason(Lnet/minecraft/server/level/ServerLevel;Lnet/minecraft/world/phys/Vec3;Lnet/minecraft/world/entity/Entity;ILorg/spongepowered/asm/mixin/injection/callback/CallbackInfo;)V doesn't use it's CallbackInfo
[076月2026 16:52:18.141] [main/DEBUG] [mixin/]: Mixing world.entity.projectile.WitherSkullMixin from mixins.arclight.core.json into net.minecraft.world.entity.projectile.WitherSkull
[076月2026 16:52:18.143] [main/DEBUG] [mixin/]: mixins.arclight.core.json:world.entity.projectile.WitherSkullMixin from mod (unknown)->@Inject::arclight$hitCause(Lnet/minecraft/world/phys/HitResult;Lorg/spongepowered/asm/mixin/injection/callback/CallbackInfo;)V doesn't use it's CallbackInfo
[076月2026 16:52:18.143] [main/DEBUG] [mixin/]: mixins.arclight.core.json:world.entity.projectile.WitherSkullMixin from mod (unknown)->@Inject::arclight$hitCause(Lnet/minecraft/world/phys/HitResult;Lorg/spongepowered/asm/mixin/injection/callback/CallbackInfo;)V has 0 override(s) in child classes
[076月2026 16:52:18.143] [main/DEBUG] [mixin/]: mixins.arclight.core.json:world.entity.projectile.WitherSkullMixin from mod (unknown)->@Inject::arclight$hitCause(Lnet/minecraft/world/phys/HitResult;Lorg/spongepowered/asm/mixin/injection/callback/CallbackInfo;)V won't be passed a CallbackInfo as a result
[076月2026 16:52:18.143] [main/DEBUG] [mixin/]: mixins.arclight.core.json:world.entity.projectile.WitherSkullMixin from mod (unknown)->@Inject::arclight$heal(Lnet/minecraft/world/phys/EntityHitResult;Lorg/spongepowered/asm/mixin/injection/callback/CallbackInfo;)V doesn't use it's CallbackInfo
[076月2026 16:52:18.143] [main/DEBUG] [mixin/]: mixins.arclight.core.json:world.entity.projectile.WitherSkullMixin from mod (unknown)->@Inject::arclight$heal(Lnet/minecraft/world/phys/EntityHitResult;Lorg/spongepowered/asm/mixin/injection/callback/CallbackInfo;)V has 0 override(s) in child classes
[076月2026 16:52:18.143] [main/DEBUG] [mixin/]: mixins.arclight.core.json:world.entity.projectile.WitherSkullMixin from mod (unknown)->@Inject::arclight$heal(Lnet/minecraft/world/phys/EntityHitResult;Lorg/spongepowered/asm/mixin/injection/callback/CallbackInfo;)V won't be passed a CallbackInfo as a result
[076月2026 16:52:18.143] [main/DEBUG] [mixin/]: mixins.arclight.core.json:world.entity.projectile.WitherSkullMixin from mod (unknown)->@Inject::arclight$effect(Lnet/minecraft/world/phys/EntityHitResult;Lorg/spongepowered/asm/mixin/injection/callback/CallbackInfo;)V doesn't use it's CallbackInfo
[076月2026 16:52:18.143] [main/DEBUG] [mixin/]: mixins.arclight.core.json:world.entity.projectile.WitherSkullMixin from mod (unknown)->@Inject::arclight$effect(Lnet/minecraft/world/phys/EntityHitResult;Lorg/spongepowered/asm/mixin/injection/callback/CallbackInfo;)V has 0 override(s) in child classes
[076月2026 16:52:18.143] [main/DEBUG] [mixin/]: mixins.arclight.core.json:world.entity.projectile.WitherSkullMixin from mod (unknown)->@Inject::arclight$effect(Lnet/minecraft/world/phys/EntityHitResult;Lorg/spongepowered/asm/mixin/injection/callback/CallbackInfo;)V won't be passed a CallbackInfo as a result
[076月2026 16:52:18.145] [main/DEBUG] [mixin/]: Mixing world.entity.monster.WitherSkeletonMixin from mixins.arclight.core.json into net.minecraft.world.entity.monster.WitherSkeleton
[076月2026 16:52:18.145] [main/DEBUG] [mixin/]: mixins.arclight.core.json:world.entity.monster.WitherSkeletonMixin from mod (unknown)->@Inject::arclight$reason(Lnet/minecraft/world/entity/Entity;Lorg/spongepowered/asm/mixin/injection/callback/CallbackInfoReturnable;)V doesn't use it's CallbackInfoReturnable
[076月2026 16:52:18.145] [main/DEBUG] [mixin/]: mixins.arclight.core.json:world.entity.monster.WitherSkeletonMixin from mod (unknown)->@Inject::arclight$reason(Lnet/minecraft/world/entity/Entity;Lorg/spongepowered/asm/mixin/injection/callback/CallbackInfoReturnable;)V has 0 override(s) in child classes
[076月2026 16:52:18.145] [main/DEBUG] [mixin/]: mixins.arclight.core.json:world.entity.monster.WitherSkeletonMixin from mod (unknown)->@Inject::arclight$reason(Lnet/minecraft/world/entity/Entity;Lorg/spongepowered/asm/mixin/injection/callback/CallbackInfoReturnable;)V won't be passed a CallbackInfoReturnable as a result
[076月2026 16:52:18.147] [main/DEBUG] [mixin/]: Mixing world.entity.animal.WolfMixin from mixins.arclight.core.json into net.minecraft.world.entity.animal.Wolf
[076月2026 16:52:18.147] [main/DEBUG] [mixin/]: Mixing core.world.entity.animal.WolfMixin_NeoForge from mixins.arclight.neoforge.json into net.minecraft.world.entity.animal.Wolf
[076月2026 16:52:18.148] [main/DEBUG] [mixin/]: mixins.arclight.core.json:world.entity.animal.WolfMixin from mod (unknown)->@Inject::arclight$healToMax(Lorg/spongepowered/asm/mixin/injection/callback/CallbackInfo;)V doesn't use it's CallbackInfo
[076月2026 16:52:18.148] [main/DEBUG] [mixin/]: mixins.arclight.core.json:world.entity.animal.WolfMixin from mod (unknown)->@Inject::arclight$healToMax(Lorg/spongepowered/asm/mixin/injection/callback/CallbackInfo;)V has 0 override(s) in child classes
[076月2026 16:52:18.148] [main/DEBUG] [mixin/]: mixins.arclight.core.json:world.entity.animal.WolfMixin from mod (unknown)->@Inject::arclight$healToMax(Lorg/spongepowered/asm/mixin/injection/callback/CallbackInfo;)V won't be passed a CallbackInfo as a result
[076月2026 16:52:18.148] [main/DEBUG] [mixin/]: mixins.arclight.core.json:world.entity.animal.WolfMixin from mod (unknown)->@Inject::arclight$healReason(Lnet/minecraft/world/entity/player/Player;Lnet/minecraft/world/InteractionHand;Lorg/spongepowered/asm/mixin/injection/callback/CallbackInfoReturnable;)V doesn't use it's CallbackInfoReturnable
[076月2026 16:52:18.148] [main/DEBUG] [mixin/]: mixins.arclight.core.json:world.entity.animal.WolfMixin from mod (unknown)->@Inject::arclight$healReason(Lnet/minecraft/world/entity/player/Player;Lnet/minecraft/world/InteractionHand;Lorg/spongepowered/asm/mixin/injection/callback/CallbackInfoReturnable;)V has 0 override(s) in child classes
[076月2026 16:52:18.148] [main/DEBUG] [mixin/]: mixins.arclight.core.json:world.entity.animal.WolfMixin from mod (unknown)->@Inject::arclight$healReason(Lnet/minecraft/world/entity/player/Player;Lnet/minecraft/world/InteractionHand;Lorg/spongepowered/asm/mixin/injection/callback/CallbackInfoReturnable;)V won't be passed a CallbackInfoReturnable as a result
[076月2026 16:52:18.148] [main/DEBUG] [mixin/]: mixins.arclight.core.json:world.entity.animal.WolfMixin from mod (unknown)->@Inject::arclight$attackReason(Lnet/minecraft/world/entity/player/Player;Lnet/minecraft/world/InteractionHand;Lorg/spongepowered/asm/mixin/injection/callback/CallbackInfoReturnable;)V doesn't use it's CallbackInfoReturnable
[076月2026 16:52:18.148] [main/DEBUG] [mixin/]: mixins.arclight.core.json:world.entity.animal.WolfMixin from mod (unknown)->@Inject::arclight$attackReason(Lnet/minecraft/world/entity/player/Player;Lnet/minecraft/world/InteractionHand;Lorg/spongepowered/asm/mixin/injection/callback/CallbackInfoReturnable;)V has 0 override(s) in child classes
[076月2026 16:52:18.148] [main/DEBUG] [mixin/]: mixins.arclight.core.json:world.entity.animal.WolfMixin from mod (unknown)->@Inject::arclight$attackReason(Lnet/minecraft/world/entity/player/Player;Lnet/minecraft/world/InteractionHand;Lorg/spongepowered/asm/mixin/injection/callback/CallbackInfoReturnable;)V won't be passed a CallbackInfoReturnable as a result
[076月2026 16:52:18.148] [main/DEBUG] [mixin/]: mixins.arclight.neoforge.json:core.world.entity.animal.WolfMixin_NeoForge from mod (unknown)->@Inject::arclight$forceDropPre(Lnet/minecraft/world/entity/player/Player;Lnet/minecraft/world/InteractionHand;Lorg/spongepowered/asm/mixin/injection/callback/CallbackInfoReturnable;)V doesn't use it's CallbackInfoReturnable
[076月2026 16:52:18.148] [main/DEBUG] [mixin/]: mixins.arclight.neoforge.json:core.world.entity.animal.WolfMixin_NeoForge from mod (unknown)->@Inject::arclight$forceDropPre(Lnet/minecraft/world/entity/player/Player;Lnet/minecraft/world/InteractionHand;Lorg/spongepowered/asm/mixin/injection/callback/CallbackInfoReturnable;)V has 0 override(s) in child classes
[076月2026 16:52:18.148] [main/DEBUG] [mixin/]: mixins.arclight.neoforge.json:core.world.entity.animal.WolfMixin_NeoForge from mod (unknown)->@Inject::arclight$forceDropPre(Lnet/minecraft/world/entity/player/Player;Lnet/minecraft/world/InteractionHand;Lorg/spongepowered/asm/mixin/injection/callback/CallbackInfoReturnable;)V won't be passed a CallbackInfoReturnable as a result
[076月2026 16:52:18.148] [main/DEBUG] [mixin/]: mixins.arclight.neoforge.json:core.world.entity.animal.WolfMixin_NeoForge from mod (unknown)->@Inject::arclight$forceDropPost(Lnet/minecraft/world/entity/player/Player;Lnet/minecraft/world/InteractionHand;Lorg/spongepowered/asm/mixin/injection/callback/CallbackInfoReturnable;)V doesn't use it's CallbackInfoReturnable
[076月2026 16:52:18.148] [main/DEBUG] [mixin/]: mixins.arclight.neoforge.json:core.world.entity.animal.WolfMixin_NeoForge from mod (unknown)->@Inject::arclight$forceDropPost(Lnet/minecraft/world/entity/player/Player;Lnet/minecraft/world/InteractionHand;Lorg/spongepowered/asm/mixin/injection/callback/CallbackInfoReturnable;)V has 0 override(s) in child classes
[076月2026 16:52:18.148] [main/DEBUG] [mixin/]: mixins.arclight.neoforge.json:core.world.entity.animal.WolfMixin_NeoForge from mod (unknown)->@Inject::arclight$forceDropPost(Lnet/minecraft/world/entity/player/Player;Lnet/minecraft/world/InteractionHand;Lorg/spongepowered/asm/mixin/injection/callback/CallbackInfoReturnable;)V won't be passed a CallbackInfoReturnable as a result
[076月2026 16:52:18.151] [main/DEBUG] [mixin/]: Mixing world.entity.ai.goal.target.OwnerHurtByTargetGoalMixin from mixins.arclight.core.json into net.minecraft.world.entity.ai.goal.target.OwnerHurtByTargetGoal
[076月2026 16:52:18.152] [main/DEBUG] [mixin/]: mixins.arclight.core.json:world.entity.ai.goal.target.OwnerHurtByTargetGoalMixin from mod (unknown)->@Inject::arclight$reason(Lorg/spongepowered/asm/mixin/injection/callback/CallbackInfo;)V doesn't use it's CallbackInfo
[076月2026 16:52:18.152] [main/DEBUG] [mixin/]: mixins.arclight.core.json:world.entity.ai.goal.target.OwnerHurtByTargetGoalMixin from mod (unknown)->@Inject::arclight$reason(Lorg/spongepowered/asm/mixin/injection/callback/CallbackInfo;)V has 0 override(s) in child classes
[076月2026 16:52:18.152] [main/DEBUG] [mixin/]: mixins.arclight.core.json:world.entity.ai.goal.target.OwnerHurtByTargetGoalMixin from mod (unknown)->@Inject::arclight$reason(Lorg/spongepowered/asm/mixin/injection/callback/CallbackInfo;)V won't be passed a CallbackInfo as a result
[076月2026 16:52:18.152] [main/DEBUG] [mixin/]: Mixing world.entity.ai.goal.target.OwnerHurtTargetGoalMixin from mixins.arclight.core.json into net.minecraft.world.entity.ai.goal.target.OwnerHurtTargetGoal
[076月2026 16:52:18.152] [main/DEBUG] [mixin/]: mixins.arclight.core.json:world.entity.ai.goal.target.OwnerHurtTargetGoalMixin from mod (unknown)->@Inject::arclight$reason(Lorg/spongepowered/asm/mixin/injection/callback/CallbackInfo;)V doesn't use it's CallbackInfo
[076月2026 16:52:18.152] [main/DEBUG] [mixin/]: mixins.arclight.core.json:world.entity.ai.goal.target.OwnerHurtTargetGoalMixin from mod (unknown)->@Inject::arclight$reason(Lorg/spongepowered/asm/mixin/injection/callback/CallbackInfo;)V has 0 override(s) in child classes
[076月2026 16:52:18.152] [main/DEBUG] [mixin/]: mixins.arclight.core.json:world.entity.ai.goal.target.OwnerHurtTargetGoalMixin from mod (unknown)->@Inject::arclight$reason(Lorg/spongepowered/asm/mixin/injection/callback/CallbackInfo;)V won't be passed a CallbackInfo as a result
[076月2026 16:52:18.156] [main/DEBUG] [mixin/]: Mixing bukkit.CraftHumanEntityMixin_NeoForge from mixins.arclight.neoforge.json into org.bukkit.craftbukkit.v1_21_R1.entity.CraftHumanEntity
[076月2026 16:52:18.156] [main/DEBUG] [mixin/]: Mixing CraftHumanEntityMixin from mixins.arclight.bukkit.json into org.bukkit.craftbukkit.v1_21_R1.entity.CraftHumanEntity
[076月2026 16:52:18.159] [main/DEBUG] [mixin/]: Mixing world.inventory.InventoryMenuMixin from mixins.arclight.core.json into net.minecraft.world.inventory.InventoryMenu
[076月2026 16:52:18.160] [main/DEBUG] [mixin/]: mixins.arclight.core.json:world.inventory.InventoryMenuMixin from mod (unknown)->@Inject::arclight$init(Lnet/minecraft/world/entity/player/Inventory;ZLnet/minecraft/world/entity/player/Player;Lorg/spongepowered/asm/mixin/injection/callback/CallbackInfo;)V doesn't use it's CallbackInfo
[076月2026 16:52:18.160] [main/DEBUG] [mixin/]: mixins.arclight.core.json:world.inventory.InventoryMenuMixin from mod (unknown)->@Inject::arclight$init(Lnet/minecraft/world/entity/player/Inventory;ZLnet/minecraft/world/entity/player/Player;Lorg/spongepowered/asm/mixin/injection/callback/CallbackInfo;)V has 0 override(s) in child classes
[076月2026 16:52:18.160] [main/DEBUG] [mixin/]: mixins.arclight.core.json:world.inventory.InventoryMenuMixin from mod (unknown)->@Inject::arclight$init(Lnet/minecraft/world/entity/player/Inventory;ZLnet/minecraft/world/entity/player/Player;Lorg/spongepowered/asm/mixin/injection/callback/CallbackInfo;)V won't be passed a CallbackInfo as a result
[076月2026 16:52:18.160] [main/DEBUG] [mixin/]: mixins.arclight.core.json:world.inventory.InventoryMenuMixin from mod (unknown)->@Inject::arclight$captureContainer(Lnet/minecraft/world/Container;Lorg/spongepowered/asm/mixin/injection/callback/CallbackInfo;)V doesn't use it's CallbackInfo
[076月2026 16:52:18.160] [main/DEBUG] [mixin/]: mixins.arclight.core.json:world.inventory.InventoryMenuMixin from mod (unknown)->@Inject::arclight$captureContainer(Lnet/minecraft/world/Container;Lorg/spongepowered/asm/mixin/injection/callback/CallbackInfo;)V has 0 override(s) in child classes
[076月2026 16:52:18.160] [main/DEBUG] [mixin/]: mixins.arclight.core.json:world.inventory.InventoryMenuMixin from mod (unknown)->@Inject::arclight$captureContainer(Lnet/minecraft/world/Container;Lorg/spongepowered/asm/mixin/injection/callback/CallbackInfo;)V won't be passed a CallbackInfo as a result
[076月2026 16:52:18.162] [main/DEBUG] [mixin/]: Mixing commands.CommandSource1Mixin from mixins.arclight.core.json into net.minecraft.commands.CommandSource$1
[076月2026 16:52:18.172] [main/DEBUG] [mixin/]: Mixing network.syncher.SynchedEntityDataMixin from mixins.arclight.core.json into net.minecraft.network.syncher.SynchedEntityData
[076月2026 16:52:18.173] [main/DEBUG] [mixin/]: mixins.arclight.core.json:network.syncher.SynchedEntityDataMixin from mod (unknown)->@Inject::arclight$syncHealth(Lnet/minecraft/network/syncher/EntityDataAccessor;Ljava/lang/Object;ZLorg/spongepowered/asm/mixin/injection/callback/CallbackInfo;)V doesn't use it's CallbackInfo
[076月2026 16:52:18.173] [main/DEBUG] [mixin/]: mixins.arclight.core.json:network.syncher.SynchedEntityDataMixin from mod (unknown)->@Inject::arclight$syncHealth(Lnet/minecraft/network/syncher/EntityDataAccessor;Ljava/lang/Object;ZLorg/spongepowered/asm/mixin/injection/callback/CallbackInfo;)V has 0 override(s) in child classes
[076月2026 16:52:18.173] [main/DEBUG] [mixin/]: mixins.arclight.core.json:network.syncher.SynchedEntityDataMixin from mod (unknown)->@Inject::arclight$syncHealth(Lnet/minecraft/network/syncher/EntityDataAccessor;Ljava/lang/Object;ZLorg/spongepowered/asm/mixin/injection/callback/CallbackInfo;)V won't be passed a CallbackInfo as a result
[076月2026 16:52:18.177] [main/DEBUG] [mixin/]: Mixing world.entity.projectile.FishingHookMixin from mixins.arclight.core.json into net.minecraft.world.entity.projectile.FishingHook
[076月2026 16:52:18.178] [main/DEBUG] [mixin/]: Mixing core.world.entity.projectile.FishingHookMixin_NeoForge from mixins.arclight.neoforge.json into net.minecraft.world.entity.projectile.FishingHook
[076月2026 16:52:18.182] [main/DEBUG] [mixin/]: mixins.arclight.core.json:world.entity.projectile.FishingHookMixin from mod (unknown)->@Inject::arclight$attemptFail(Lnet/minecraft/core/BlockPos;Lorg/spongepowered/asm/mixin/injection/callback/CallbackInfo;)V doesn't use it's CallbackInfo
[076月2026 16:52:18.182] [main/DEBUG] [mixin/]: mixins.arclight.core.json:world.entity.projectile.FishingHookMixin from mod (unknown)->@Inject::arclight$attemptFail(Lnet/minecraft/core/BlockPos;Lorg/spongepowered/asm/mixin/injection/callback/CallbackInfo;)V has 0 override(s) in child classes
[076月2026 16:52:18.182] [main/DEBUG] [mixin/]: mixins.arclight.core.json:world.entity.projectile.FishingHookMixin from mod (unknown)->@Inject::arclight$attemptFail(Lnet/minecraft/core/BlockPos;Lorg/spongepowered/asm/mixin/injection/callback/CallbackInfo;)V won't be passed a CallbackInfo as a result
[076月2026 16:52:18.182] [main/DEBUG] [mixin/]: mixins.arclight.core.json:world.entity.projectile.FishingHookMixin from mod (unknown)->@Inject::arclight$fishBite(Lnet/minecraft/core/BlockPos;Lorg/spongepowered/asm/mixin/injection/callback/CallbackInfo;)V does use it's CallbackInfo
[076月2026 16:52:18.182] [main/DEBUG] [mixin/]: mixins.arclight.core.json:world.entity.projectile.FishingHookMixin from mod (unknown)->@Inject::arclight$tickDespawn(Lorg/spongepowered/asm/mixin/injection/callback/CallbackInfo;)V doesn't use it's CallbackInfo
[076月2026 16:52:18.182] [main/DEBUG] [mixin/]: mixins.arclight.core.json:world.entity.projectile.FishingHookMixin from mod (unknown)->@Inject::arclight$tickDespawn(Lorg/spongepowered/asm/mixin/injection/callback/CallbackInfo;)V has 0 override(s) in child classes
[076月2026 16:52:18.182] [main/DEBUG] [mixin/]: mixins.arclight.core.json:world.entity.projectile.FishingHookMixin from mod (unknown)->@Inject::arclight$tickDespawn(Lorg/spongepowered/asm/mixin/injection/callback/CallbackInfo;)V won't be passed a CallbackInfo as a result
[076月2026 16:52:18.182] [main/DEBUG] [mixin/]: mixins.arclight.core.json:world.entity.projectile.FishingHookMixin from mod (unknown)->@Inject::arclight$tickDespawn(Lorg/spongepowered/asm/mixin/injection/callback/CallbackInfo;)V doesn't use it's CallbackInfo
[076月2026 16:52:18.182] [main/DEBUG] [mixin/]: mixins.arclight.core.json:world.entity.projectile.FishingHookMixin from mod (unknown)->@Inject::arclight$tickDespawn(Lorg/spongepowered/asm/mixin/injection/callback/CallbackInfo;)V has 0 override(s) in child classes
[076月2026 16:52:18.182] [main/DEBUG] [mixin/]: mixins.arclight.core.json:world.entity.projectile.FishingHookMixin from mod (unknown)->@Inject::arclight$tickDespawn(Lorg/spongepowered/asm/mixin/injection/callback/CallbackInfo;)V won't be passed a CallbackInfo as a result
[076月2026 16:52:18.182] [main/DEBUG] [mixin/]: mixins.arclight.core.json:world.entity.projectile.FishingHookMixin from mod (unknown)->@Inject::arclight$fishDespawn(Lnet/minecraft/world/entity/player/Player;Lorg/spongepowered/asm/mixin/injection/callback/CallbackInfoReturnable;)V doesn't use it's CallbackInfoReturnable
[076月2026 16:52:18.182] [main/DEBUG] [mixin/]: mixins.arclight.core.json:world.entity.projectile.FishingHookMixin from mod (unknown)->@Inject::arclight$fishDespawn(Lnet/minecraft/world/entity/player/Player;Lorg/spongepowered/asm/mixin/injection/callback/CallbackInfoReturnable;)V has 0 override(s) in child classes
[076月2026 16:52:18.182] [main/DEBUG] [mixin/]: mixins.arclight.core.json:world.entity.projectile.FishingHookMixin from mod (unknown)->@Inject::arclight$fishDespawn(Lnet/minecraft/world/entity/player/Player;Lorg/spongepowered/asm/mixin/injection/callback/CallbackInfoReturnable;)V won't be passed a CallbackInfoReturnable as a result
[076月2026 16:52:18.182] [main/DEBUG] [mixin/]: mixins.arclight.core.json:world.entity.projectile.FishingHookMixin from mod (unknown)->@Inject::arclight$catchEntity(Lnet/minecraft/world/item/ItemStack;Lorg/spongepowered/asm/mixin/injection/callback/CallbackInfoReturnable;)V does use it's CallbackInfoReturnable
[076月2026 16:52:18.183] [main/DEBUG] [mixin/]: mixins.arclight.core.json:world.entity.projectile.FishingHookMixin from mod (unknown)->@Inject::arclight$onGround(Lnet/minecraft/world/item/ItemStack;Lorg/spongepowered/asm/mixin/injection/callback/CallbackInfoReturnable;)V does use it's CallbackInfoReturnable
[076月2026 16:52:18.183] [main/DEBUG] [mixin/]: mixins.arclight.core.json:world.entity.projectile.FishingHookMixin from mod (unknown)->@Inject::arclight$onGround(Lnet/minecraft/world/item/ItemStack;Lorg/spongepowered/asm/mixin/injection/callback/CallbackInfoReturnable;)V does use it's CallbackInfoReturnable
[076月2026 16:52:18.183] [main/DEBUG] [mixin/]: mixins.arclight.core.json:world.entity.projectile.FishingHookMixin from mod (unknown)->@Inject::arclight$reelIn(Lnet/minecraft/world/item/ItemStack;Lorg/spongepowered/asm/mixin/injection/callback/CallbackInfoReturnable;Lnet/minecraft/world/entity/player/Player;I)V does use it's CallbackInfoReturnable
[076月2026 16:52:18.183] [main/DEBUG] [mixin/]: mixins.arclight.core.json:world.entity.projectile.FishingHookMixin from mod (unknown)->@Inject::arclight$reelIn(Lnet/minecraft/world/item/ItemStack;Lorg/spongepowered/asm/mixin/injection/callback/CallbackInfoReturnable;Lnet/minecraft/world/entity/player/Player;I)V does use it's CallbackInfoReturnable
[076月2026 16:52:18.192] [main/DEBUG] [mixin/]: Mixing world.item.crafting.IngredientMixin from mixins.arclight.core.json into net.minecraft.world.item.crafting.Ingredient
[076月2026 16:52:18.240] [main/DEBUG] [Implementer/SWITCH_TABLE]: Candidate switch enum method <clinit>()V class net/minecraft/world/level/block/SlabBlock$1
[076月2026 16:52:18.250] [main/DEBUG] [Implementer/SWITCH_TABLE]: Candidate switch enum method <clinit>()V class net/minecraft/world/level/block/RodBlock$1
[076月2026 16:52:18.319] [main/DEBUG] [Implementer/SWITCH_TABLE]: Candidate switch enum method <clinit>()V class net/minecraft/world/level/block/GrindstoneBlock$1
[076月2026 16:52:18.319] [main/DEBUG] [Implementer/SWITCH_TABLE]: Candidate switch enum method <clinit>()V class net/minecraft/world/level/block/LecternBlock$1
[076月2026 16:52:18.340] [main/DEBUG] [Implementer/SWITCH_TABLE]: Candidate switch enum method <clinit>()V class net/minecraft/world/level/block/AmethystClusterBlock$1
[076月2026 16:52:18.380] [main/DEBUG] [Implementer/SWITCH_TABLE]: Candidate switch enum method <clinit>()V class net/minecraft/world/level/block/BigDripleafStemBlock$1
[076月2026 16:52:18.408] [main/DEBUG] [mixin/]: Mixing server.ServerScoreboardMixin from mixins.arclight.core.json into net.minecraft.server.ServerScoreboard
[076月2026 16:52:18.408] [main/DEBUG] [mixin/]: Renaming synthetic method lambda$filterPlayer$0(Lnet/minecraft/server/level/ServerPlayer;)Z to md93a37e$lambda$filterPlayer$0$0 in mixins.arclight.core.json:server.ServerScoreboardMixin from mod (unknown)
[076月2026 16:52:18.411] [main/DEBUG] [mixin/]: Mixing commands.arguments.selector.EntitySelectorParserMixin from mixins.arclight.core.json into net.minecraft.commands.arguments.selector.EntitySelectorParser
[076月2026 16:52:18.412] [main/DEBUG] [mixin/]: mixins.arclight.core.json:commands.arguments.selector.EntitySelectorParserMixin from mod (unknown)->@Inject::arclight$onParserSelector(Lorg/spongepowered/asm/mixin/injection/callback/CallbackInfo;)V doesn't use it's CallbackInfo
[076月2026 16:52:18.412] [main/DEBUG] [mixin/]: mixins.arclight.core.json:commands.arguments.selector.EntitySelectorParserMixin from mod (unknown)->@Inject::arclight$onParserSelector(Lorg/spongepowered/asm/mixin/injection/callback/CallbackInfo;)V has 0 override(s) in child classes
[076月2026 16:52:18.412] [main/DEBUG] [mixin/]: mixins.arclight.core.json:commands.arguments.selector.EntitySelectorParserMixin from mod (unknown)->@Inject::arclight$onParserSelector(Lorg/spongepowered/asm/mixin/injection/callback/CallbackInfo;)V won't be passed a CallbackInfo as a result
[076月2026 16:52:18.421] [main/DEBUG] [Implementer/SWITCH_TABLE]: Candidate switch enum method <clinit>()V class net/minecraft/world/level/block/ShulkerBoxBlock$1
[076月2026 16:52:18.426] [main/DEBUG] [mixin/]: Mixing world.inventory.AbstractFurnaceMenuMixin from mixins.arclight.core.json into net.minecraft.world.inventory.AbstractFurnaceMenu
[076月2026 16:52:18.427] [main/DEBUG] [mixin/]: mixins.arclight.core.json:world.inventory.AbstractFurnaceMenuMixin from mod (unknown)->@Inject::arclight$init(Lnet/minecraft/world/inventory/MenuType;Lnet/minecraft/world/item/crafting/RecipeType;Lnet/minecraft/world/inventory/RecipeBookType;ILnet/minecraft/world/entity/player/Inventory;Lnet/minecraft/world/Container;Lnet/minecraft/world/inventory/ContainerData;Lorg/spongepowered/asm/mixin/injection/callback/CallbackInfo;)V doesn't use it's CallbackInfo
[076月2026 16:52:18.427] [main/DEBUG] [mixin/]: mixins.arclight.core.json:world.inventory.AbstractFurnaceMenuMixin from mod (unknown)->@Inject::arclight$init(Lnet/minecraft/world/inventory/MenuType;Lnet/minecraft/world/item/crafting/RecipeType;Lnet/minecraft/world/inventory/RecipeBookType;ILnet/minecraft/world/entity/player/Inventory;Lnet/minecraft/world/Container;Lnet/minecraft/world/inventory/ContainerData;Lorg/spongepowered/asm/mixin/injection/callback/CallbackInfo;)V has 0 override(s) in child classes
[076月2026 16:52:18.427] [main/DEBUG] [mixin/]: mixins.arclight.core.json:world.inventory.AbstractFurnaceMenuMixin from mod (unknown)->@Inject::arclight$init(Lnet/minecraft/world/inventory/MenuType;Lnet/minecraft/world/item/crafting/RecipeType;Lnet/minecraft/world/inventory/RecipeBookType;ILnet/minecraft/world/entity/player/Inventory;Lnet/minecraft/world/Container;Lnet/minecraft/world/inventory/ContainerData;Lorg/spongepowered/asm/mixin/injection/callback/CallbackInfo;)V won't be passed a CallbackInfo as a result
[076月2026 16:52:18.427] [main/DEBUG] [mixin/]: mixins.arclight.core.json:world.inventory.AbstractFurnaceMenuMixin from mod (unknown)->@Inject::arclight$unreachable(Lnet/minecraft/world/entity/player/Player;Lorg/spongepowered/asm/mixin/injection/callback/CallbackInfoReturnable;)V does use it's CallbackInfoReturnable
[076月2026 16:52:18.429] [main/DEBUG] [mixin/]: Mixing world.level.block.entity.ContainerOpenersCounterMixin from mixins.arclight.core.json into net.minecraft.world.level.block.entity.ContainerOpenersCounter
[076月2026 16:52:18.430] [main/DEBUG] [mixin/]: mixins.arclight.core.json:world.level.block.entity.ContainerOpenersCounterMixin from mod (unknown)->@Inject::arclight$increase(Lnet/minecraft/world/entity/player/Player;Lnet/minecraft/world/level/Level;Lnet/minecraft/core/BlockPos;Lnet/minecraft/world/level/block/state/BlockState;Lorg/spongepowered/asm/mixin/injection/callback/CallbackInfo;)V doesn't use it's CallbackInfo
[076月2026 16:52:18.430] [main/DEBUG] [mixin/]: mixins.arclight.core.json:world.level.block.entity.ContainerOpenersCounterMixin from mod (unknown)->@Inject::arclight$increase(Lnet/minecraft/world/entity/player/Player;Lnet/minecraft/world/level/Level;Lnet/minecraft/core/BlockPos;Lnet/minecraft/world/level/block/state/BlockState;Lorg/spongepowered/asm/mixin/injection/callback/CallbackInfo;)V has 0 override(s) in child classes
[076月2026 16:52:18.430] [main/DEBUG] [mixin/]: mixins.arclight.core.json:world.level.block.entity.ContainerOpenersCounterMixin from mod (unknown)->@Inject::arclight$increase(Lnet/minecraft/world/entity/player/Player;Lnet/minecraft/world/level/Level;Lnet/minecraft/core/BlockPos;Lnet/minecraft/world/level/block/state/BlockState;Lorg/spongepowered/asm/mixin/injection/callback/CallbackInfo;)V won't be passed a CallbackInfo as a result
[076月2026 16:52:18.430] [main/DEBUG] [mixin/]: mixins.arclight.core.json:world.level.block.entity.ContainerOpenersCounterMixin from mod (unknown)->@Inject::arclight$decrease(Lnet/minecraft/world/entity/player/Player;Lnet/minecraft/world/level/Level;Lnet/minecraft/core/BlockPos;Lnet/minecraft/world/level/block/state/BlockState;Lorg/spongepowered/asm/mixin/injection/callback/CallbackInfo;)V doesn't use it's CallbackInfo
[076月2026 16:52:18.430] [main/DEBUG] [mixin/]: mixins.arclight.core.json:world.level.block.entity.ContainerOpenersCounterMixin from mod (unknown)->@Inject::arclight$decrease(Lnet/minecraft/world/entity/player/Player;Lnet/minecraft/world/level/Level;Lnet/minecraft/core/BlockPos;Lnet/minecraft/world/level/block/state/BlockState;Lorg/spongepowered/asm/mixin/injection/callback/CallbackInfo;)V has 0 override(s) in child classes
[076月2026 16:52:18.430] [main/DEBUG] [mixin/]: mixins.arclight.core.json:world.level.block.entity.ContainerOpenersCounterMixin from mod (unknown)->@Inject::arclight$decrease(Lnet/minecraft/world/entity/player/Player;Lnet/minecraft/world/level/Level;Lnet/minecraft/core/BlockPos;Lnet/minecraft/world/level/block/state/BlockState;Lorg/spongepowered/asm/mixin/injection/callback/CallbackInfo;)V won't be passed a CallbackInfo as a result
[076月2026 16:52:18.432] [main/DEBUG] [mixin/]: Mixing world.inventory.DispenserMenuMixin from mixins.arclight.core.json into net.minecraft.world.inventory.DispenserMenu
[076月2026 16:52:18.433] [main/DEBUG] [mixin/]: mixins.arclight.core.json:world.inventory.DispenserMenuMixin from mod (unknown)->@Inject::arclight$init(ILnet/minecraft/world/entity/player/Inventory;Lnet/minecraft/world/Container;Lorg/spongepowered/asm/mixin/injection/callback/CallbackInfo;)V doesn't use it's CallbackInfo
[076月2026 16:52:18.433] [main/DEBUG] [mixin/]: mixins.arclight.core.json:world.inventory.DispenserMenuMixin from mod (unknown)->@Inject::arclight$init(ILnet/minecraft/world/entity/player/Inventory;Lnet/minecraft/world/Container;Lorg/spongepowered/asm/mixin/injection/callback/CallbackInfo;)V has 0 override(s) in child classes
[076月2026 16:52:18.433] [main/DEBUG] [mixin/]: mixins.arclight.core.json:world.inventory.DispenserMenuMixin from mod (unknown)->@Inject::arclight$init(ILnet/minecraft/world/entity/player/Inventory;Lnet/minecraft/world/Container;Lorg/spongepowered/asm/mixin/injection/callback/CallbackInfo;)V won't be passed a CallbackInfo as a result
[076月2026 16:52:18.433] [main/DEBUG] [mixin/]: mixins.arclight.core.json:world.inventory.DispenserMenuMixin from mod (unknown)->@Inject::arclight$unreachable(Lnet/minecraft/world/entity/player/Player;Lorg/spongepowered/asm/mixin/injection/callback/CallbackInfoReturnable;)V does use it's CallbackInfoReturnable
[076月2026 16:52:18.436] [main/DEBUG] [mixin/]: Mixing world.inventory.BrewingStandMenuMixin from mixins.arclight.core.json into net.minecraft.world.inventory.BrewingStandMenu
[076月2026 16:52:18.437] [main/DEBUG] [mixin/]: mixins.arclight.core.json:world.inventory.BrewingStandMenuMixin from mod (unknown)->@Inject::arclight$init(ILnet/minecraft/world/entity/player/Inventory;Lnet/minecraft/world/Container;Lnet/minecraft/world/inventory/ContainerData;Lorg/spongepowered/asm/mixin/injection/callback/CallbackInfo;)V doesn't use it's CallbackInfo
[076月2026 16:52:18.437] [main/DEBUG] [mixin/]: mixins.arclight.core.json:world.inventory.BrewingStandMenuMixin from mod (unknown)->@Inject::arclight$init(ILnet/minecraft/world/entity/player/Inventory;Lnet/minecraft/world/Container;Lnet/minecraft/world/inventory/ContainerData;Lorg/spongepowered/asm/mixin/injection/callback/CallbackInfo;)V has 0 override(s) in child classes
[076月2026 16:52:18.437] [main/DEBUG] [mixin/]: mixins.arclight.core.json:world.inventory.BrewingStandMenuMixin from mod (unknown)->@Inject::arclight$init(ILnet/minecraft/world/entity/player/Inventory;Lnet/minecraft/world/Container;Lnet/minecraft/world/inventory/ContainerData;Lorg/spongepowered/asm/mixin/injection/callback/CallbackInfo;)V won't be passed a CallbackInfo as a result
[076月2026 16:52:18.437] [main/DEBUG] [mixin/]: mixins.arclight.core.json:world.inventory.BrewingStandMenuMixin from mod (unknown)->@Inject::arclight$unreachable(Lnet/minecraft/world/entity/player/Player;Lorg/spongepowered/asm/mixin/injection/callback/CallbackInfoReturnable;)V does use it's CallbackInfoReturnable
[076月2026 16:52:18.438] [main/DEBUG] [mixin/]: Mixing world.inventory.BeaconMenuMixin from mixins.arclight.core.json into net.minecraft.world.inventory.BeaconMenu
[076月2026 16:52:18.439] [main/DEBUG] [mixin/]: mixins.arclight.core.json:world.inventory.BeaconMenuMixin from mod (unknown)->@Inject::arclight$init(ILnet/minecraft/world/Container;Lnet/minecraft/world/inventory/ContainerData;Lnet/minecraft/world/inventory/ContainerLevelAccess;Lorg/spongepowered/asm/mixin/injection/callback/CallbackInfo;)V doesn't use it's CallbackInfo
[076月2026 16:52:18.439] [main/DEBUG] [mixin/]: mixins.arclight.core.json:world.inventory.BeaconMenuMixin from mod (unknown)->@Inject::arclight$init(ILnet/minecraft/world/Container;Lnet/minecraft/world/inventory/ContainerData;Lnet/minecraft/world/inventory/ContainerLevelAccess;Lorg/spongepowered/asm/mixin/injection/callback/CallbackInfo;)V has 0 override(s) in child classes
[076月2026 16:52:18.439] [main/DEBUG] [mixin/]: mixins.arclight.core.json:world.inventory.BeaconMenuMixin from mod (unknown)->@Inject::arclight$init(ILnet/minecraft/world/Container;Lnet/minecraft/world/inventory/ContainerData;Lnet/minecraft/world/inventory/ContainerLevelAccess;Lorg/spongepowered/asm/mixin/injection/callback/CallbackInfo;)V won't be passed a CallbackInfo as a result
[076月2026 16:52:18.439] [main/DEBUG] [mixin/]: mixins.arclight.core.json:world.inventory.BeaconMenuMixin from mod (unknown)->@Inject::arclight$unreachable(Lnet/minecraft/world/entity/player/Player;Lorg/spongepowered/asm/mixin/injection/callback/CallbackInfoReturnable;)V does use it's CallbackInfoReturnable
[076月2026 16:52:18.442] [main/DEBUG] [mixin/]: Mixing world.level.block.entity.CommandBlockTileEntity1Mixin from mixins.arclight.core.json into net.minecraft.world.level.block.entity.CommandBlockEntity$1
[076月2026 16:52:18.442] [main/DEBUG] [mixin/]: Mixing world.inventory.ShulkerBoxMenuMixin from mixins.arclight.core.json into net.minecraft.world.inventory.ShulkerBoxMenu
[076月2026 16:52:18.443] [main/DEBUG] [mixin/]: mixins.arclight.core.json:world.inventory.ShulkerBoxMenuMixin from mod (unknown)->@Inject::arclight$init(ILnet/minecraft/world/entity/player/Inventory;Lnet/minecraft/world/Container;Lorg/spongepowered/asm/mixin/injection/callback/CallbackInfo;)V doesn't use it's CallbackInfo
[076月2026 16:52:18.443] [main/DEBUG] [mixin/]: mixins.arclight.core.json:world.inventory.ShulkerBoxMenuMixin from mod (unknown)->@Inject::arclight$init(ILnet/minecraft/world/entity/player/Inventory;Lnet/minecraft/world/Container;Lorg/spongepowered/asm/mixin/injection/callback/CallbackInfo;)V has 0 override(s) in child classes
[076月2026 16:52:18.443] [main/DEBUG] [mixin/]: mixins.arclight.core.json:world.inventory.ShulkerBoxMenuMixin from mod (unknown)->@Inject::arclight$init(ILnet/minecraft/world/entity/player/Inventory;Lnet/minecraft/world/Container;Lorg/spongepowered/asm/mixin/injection/callback/CallbackInfo;)V won't be passed a CallbackInfo as a result
[076月2026 16:52:18.443] [main/DEBUG] [mixin/]: mixins.arclight.core.json:world.inventory.ShulkerBoxMenuMixin from mod (unknown)->@Inject::arclight$unreachable(Lnet/minecraft/world/entity/player/Player;Lorg/spongepowered/asm/mixin/injection/callback/CallbackInfoReturnable;)V does use it's CallbackInfoReturnable
[076月2026 16:52:18.445] [main/DEBUG] [mixin/]: Mixing world.inventory.LecternMenuMixin from mixins.arclight.core.json into net.minecraft.world.inventory.LecternMenu
[076月2026 16:52:18.446] [main/DEBUG] [mixin/]: mixins.arclight.core.json:world.inventory.LecternMenuMixin from mod (unknown)->@Inject::arclight$takeBook(Lnet/minecraft/world/entity/player/Player;ILorg/spongepowered/asm/mixin/injection/callback/CallbackInfoReturnable;)V does use it's CallbackInfoReturnable
[076月2026 16:52:18.446] [main/DEBUG] [mixin/]: mixins.arclight.core.json:world.inventory.LecternMenuMixin from mod (unknown)->@Inject::arclight$unreachable(Lnet/minecraft/world/entity/player/Player;Lorg/spongepowered/asm/mixin/injection/callback/CallbackInfoReturnable;)V does use it's CallbackInfoReturnable
[076月2026 16:52:18.449] [main/DEBUG] [mixin/]: Mixing world.inventory.CrafterMenuMixin from mixins.arclight.core.json into net.minecraft.world.inventory.CrafterMenu
[076月2026 16:52:18.450] [main/DEBUG] [mixin/]: mixins.arclight.core.json:world.inventory.CrafterMenuMixin from mod (unknown)->@Inject::arclight$unreachable(Lnet/minecraft/world/entity/player/Player;Lorg/spongepowered/asm/mixin/injection/callback/CallbackInfoReturnable;)V does use it's CallbackInfoReturnable
[076月2026 16:52:18.465] [main/DEBUG] [mixin/]: Mixing world.inventory.MenuTypeMixin from mixins.arclight.core.json into net.minecraft.world.inventory.MenuType
[076月2026 16:52:18.465] [main/DEBUG] [mixin/]: Renaming synthetic method lambda$arclight$replaceLectern$0(ILnet/minecraft/world/entity/player/Inventory;)Lnet/minecraft/world/inventory/AbstractContainerMenu; to md93a37e$lambda$arclight$replaceLectern$0$0 in mixins.arclight.core.json:world.inventory.MenuTypeMixin from mod (unknown)
[076月2026 16:52:18.466] [main/DEBUG] [mixin/]: mixins.arclight.core.json:world.inventory.MenuTypeMixin from mod (unknown)->@Inject::arclight$replaceLectern(Ljava/lang/String;Lnet/minecraft/world/inventory/MenuType$MenuSupplier;Lorg/spongepowered/asm/mixin/injection/callback/CallbackInfoReturnable;)V does use it's CallbackInfoReturnable
[076月2026 16:52:18.467] [main/DEBUG] [mixin/]: Mixing world.entity.player.InventoryMixin from mixins.arclight.core.json into net.minecraft.world.entity.player.Inventory
[076月2026 16:52:18.471] [main/DEBUG] [mixin/]: Mixing CraftInventoryMixin from mixins.arclight.bukkit.json into org.bukkit.craftbukkit.v1_21_R1.inventory.CraftInventory
[076月2026 16:52:18.471] [main/DEBUG] [mixin/]: mixins.arclight.bukkit.json:CraftInventoryMixin from mod (unknown)->@Inject::arclight$lecternType(Lorg/spongepowered/asm/mixin/injection/callback/CallbackInfoReturnable;)V does use it's CallbackInfoReturnable
[076月2026 16:52:18.471] [main/DEBUG] [Implementer/INVENTORY]: Found implemented class org/bukkit/craftbukkit/v1_21_R1/inventory/CraftInventory
[076月2026 16:52:18.473] [main/DEBUG] [mixin/]: Mixing world.inventory.SlotMixin from mixins.arclight.core.json into net.minecraft.world.inventory.Slot
[076月2026 16:52:18.474] [main/DEBUG] [Implementer/INVENTORY]: Implementing inventory for class net/minecraft/world/inventory/Slot
[076月2026 16:52:18.476] [main/DEBUG] [mixin/]: Mixing CraftAnvilViewMixin from mixins.arclight.bukkit.json into org.bukkit.craftbukkit.v1_21_R1.inventory.view.CraftAnvilView
[076月2026 16:52:18.477] [main/DEBUG] [mixin/]: mixins.arclight.bukkit.json:CraftAnvilViewMixin from mod (unknown)->@Inject::arclight$translateToNegativeCost(Lorg/spongepowered/asm/mixin/injection/callback/CallbackInfoReturnable;)V does use it's CallbackInfoReturnable
[076月2026 16:52:18.477] [main/DEBUG] [mixin/]: Mixing CraftInventoryViewMixin from mixins.arclight.bukkit.json into org.bukkit.craftbukkit.v1_21_R1.inventory.CraftInventoryView
[076月2026 16:52:18.478] [main/DEBUG] [mixin/]: mixins.arclight.bukkit.json:CraftInventoryViewMixin from mod (unknown)->@Inject::arclight$validate(Lorg/bukkit/entity/HumanEntity;Lorg/bukkit/inventory/Inventory;Lnet/minecraft/world/inventory/AbstractContainerMenu;Lorg/spongepowered/asm/mixin/injection/callback/CallbackInfo;)V doesn't use it's CallbackInfo
[076月2026 16:52:18.478] [main/DEBUG] [mixin/]: mixins.arclight.bukkit.json:CraftInventoryViewMixin from mod (unknown)->@Inject::arclight$validate(Lorg/bukkit/entity/HumanEntity;Lorg/bukkit/inventory/Inventory;Lnet/minecraft/world/inventory/AbstractContainerMenu;Lorg/spongepowered/asm/mixin/injection/callback/CallbackInfo;)V has 0 override(s) in child classes
[076月2026 16:52:18.478] [main/DEBUG] [mixin/]: mixins.arclight.bukkit.json:CraftInventoryViewMixin from mod (unknown)->@Inject::arclight$validate(Lorg/bukkit/entity/HumanEntity;Lorg/bukkit/inventory/Inventory;Lnet/minecraft/world/inventory/AbstractContainerMenu;Lorg/spongepowered/asm/mixin/injection/callback/CallbackInfo;)V won't be passed a CallbackInfo as a result
[076月2026 16:52:18.478] [main/DEBUG] [Implementer/INVENTORY]: Implementing inventory for class net/minecraft/world/inventory/BeaconMenu$PaymentSlot
[076月2026 16:52:18.479] [main/DEBUG] [mixin/]: Mixing world.inventory.FurnaceResultSlotMixin from mixins.arclight.core.json into net.minecraft.world.inventory.FurnaceResultSlot
[076月2026 16:52:18.480] [main/DEBUG] [Implementer/INVENTORY]: Implementing inventory for class net/minecraft/world/inventory/BrewingStandMenu$PotionSlot
[076月2026 16:52:18.481] [main/DEBUG] [Implementer/INVENTORY]: Implementing inventory for class net/minecraft/world/inventory/EnchantmentMenu$2
[076月2026 16:52:18.485] [main/DEBUG] [mixin/]: Mixing world.inventory.ResultContainerMixin from mixins.arclight.core.json into net.minecraft.world.inventory.ResultContainer
[076月2026 16:52:18.486] [main/DEBUG] [mixin/]: Mixing world.inventory.CartographyContainer2Mixin from mixins.arclight.core.json into net.minecraft.world.inventory.CartographyTableMenu$2
[076月2026 16:52:18.488] [main/DEBUG] [mixin/]: Mixing world.item.crafting.ShapedRecipeMixin from mixins.arclight.core.json into net.minecraft.world.item.crafting.ShapedRecipe
[076月2026 16:52:18.491] [main/DEBUG] [mixin/]: Mixing world.item.crafting.RecipeMixin from mixins.arclight.core.json into net.minecraft.world.item.crafting.Recipe
[076月2026 16:52:18.501] [main/DEBUG] [mixin/]: Mixing world.item.crafting.ShapelessRecipeMixin from mixins.arclight.core.json into net.minecraft.world.item.crafting.ShapelessRecipe
[076月2026 16:52:18.503] [main/DEBUG] [mixin/]: Mixing world.item.crafting.CustomRecipeMixin from mixins.arclight.core.json into net.minecraft.world.item.crafting.CustomRecipe
[076月2026 16:52:18.508] [main/DEBUG] [mixin/]: Mixing world.item.crafting.SmeltingRecipeMixin from mixins.arclight.core.json into net.minecraft.world.item.crafting.SmeltingRecipe
[076月2026 16:52:18.510] [main/DEBUG] [mixin/]: Mixing world.item.crafting.BlastingRecipeMixin from mixins.arclight.core.json into net.minecraft.world.item.crafting.BlastingRecipe
[076月2026 16:52:18.511] [main/DEBUG] [mixin/]: Mixing world.item.crafting.SmokingRecipeMixin from mixins.arclight.core.json into net.minecraft.world.item.crafting.SmokingRecipe
[076月2026 16:52:18.512] [main/DEBUG] [mixin/]: Mixing world.item.crafting.CampfireCookingRecipeMixin from mixins.arclight.core.json into net.minecraft.world.item.crafting.CampfireCookingRecipe
[076月2026 16:52:18.513] [main/DEBUG] [mixin/]: Mixing world.item.crafting.StonecutterRecipeMixin from mixins.arclight.core.json into net.minecraft.world.item.crafting.StonecutterRecipe
[076月2026 16:52:18.515] [main/DEBUG] [mixin/]: Mixing world.item.crafting.SmithingTransformRecipeMixin from mixins.arclight.core.json into net.minecraft.world.item.crafting.SmithingTransformRecipe
[076月2026 16:52:18.516] [main/DEBUG] [mixin/]: Mixing world.item.crafting.SmithingTrimRecipeMixin from mixins.arclight.core.json into net.minecraft.world.item.crafting.SmithingTrimRecipe
[076月2026 16:52:18.521] [main/DEBUG] [mixin/]: Mixing commands.arguments.EntityArgumentMixin from mixins.arclight.core.json into net.minecraft.commands.arguments.EntityArgument
[076月2026 16:52:18.551] [main/DEBUG] [mixin/]: Mixing world.entity.ai.sensing.TemptingSensorMixin from mixins.arclight.core.json into net.minecraft.world.entity.ai.sensing.TemptingSensor
[076月2026 16:52:18.558] [main/DEBUG] [mixin/]: Mixing world.level.storage.loot.LootContextMixin from mixins.arclight.core.json into net.minecraft.world.level.storage.loot.LootContext
[076月2026 16:52:18.558] [main/DEBUG] [mixin/]: Mixing core.world.level.storage.loot.LootContextMixin_NeoForge from mixins.arclight.neoforge.json into net.minecraft.world.level.storage.loot.LootContext
[076月2026 16:52:18.609] [main/DEBUG] [mixin/]: Mixing world.level.storage.loot.LootTableMixin from mixins.arclight.core.json into net.minecraft.world.level.storage.loot.LootTable
[076月2026 16:52:18.611] [main/DEBUG] [Implementer/ASYNC_CATCHER]: Injecting net/minecraft/world/level/storage/loot/LootTable/fill(Lnet/minecraft/world/Container;Lnet/minecraft/world/level/storage/loot/LootParams;J)V for reason loot generate
[076月2026 16:52:18.629] [main/DEBUG] [mixin/]: Mixing world.level.storage.loot.predicates.ExplosionConditionMixin from mixins.arclight.core.json into net.minecraft.world.level.storage.loot.predicates.ExplosionCondition
[076月2026 16:52:18.676] [main/DEBUG] [mixin/]: Mixing world.level.levelgen.feature.EndPlatformFeatureMixin from mixins.arclight.core.json into net.minecraft.world.level.levelgen.feature.EndPlatformFeature
[076月2026 16:52:18.676] [main/DEBUG] [mixin/]: Renaming synthetic method lambda$arclight$dropItems$0(Lnet/minecraft/world/level/ServerLevelAccessor;Lorg/bukkit/craftbukkit/v1_21_R1/block/CraftBlockState;)V to md93a37e$lambda$arclight$dropItems$0$0 in mixins.arclight.core.json:world.level.levelgen.feature.EndPlatformFeatureMixin from mod (unknown)
[076月2026 16:52:18.753] [main/DEBUG] [mixin/]: Mixing world.level.levelgen.structure.StructurePieceMixin from mixins.arclight.core.json into net.minecraft.world.level.levelgen.structure.StructurePiece
[076月2026 16:52:18.757] [main/DEBUG] [mixin/]: mixins.arclight.core.json:world.level.levelgen.structure.StructurePieceMixin from mod (unknown)->@Inject::arclight$skipFluidIfPossible(Lnet/minecraft/world/level/WorldGenLevel;Lnet/minecraft/world/level/block/state/BlockState;IIILnet/minecraft/world/level/levelgen/structure/BoundingBox;Lorg/spongepowered/asm/mixin/injection/callback/CallbackInfo;Lnet/minecraft/core/BlockPos;)V does use it's CallbackInfo
[076月2026 16:52:18.757] [main/DEBUG] [mixin/]: mixins.arclight.core.json:world.level.levelgen.structure.StructurePieceMixin from mod (unknown)->@Inject::arclight$bukkitCreateChest(Lnet/minecraft/world/level/ServerLevelAccessor;Lnet/minecraft/world/level/levelgen/structure/BoundingBox;Lnet/minecraft/util/RandomSource;Lnet/minecraft/core/BlockPos;Lnet/minecraft/resources/ResourceKey;Lnet/minecraft/world/level/block/state/BlockState;Lorg/spongepowered/asm/mixin/injection/callback/CallbackInfoReturnable;)V does use it's CallbackInfoReturnable
[076月2026 16:52:18.760] [main/DEBUG] [mixin/]: Mixing world.level.levelgen.structure.structures.MineshaftPiecesPieceMixin from mixins.arclight.core.json into net.minecraft.world.level.levelgen.structure.structures.MineshaftPieces$MineShaftCorridor
[076月2026 16:52:18.763] [main/DEBUG] [mixin/]: Mixing CraftBlockEntityStateAccessor from mixins.arclight.bukkit.json into org.bukkit.craftbukkit.v1_21_R1.block.CraftBlockEntityState
[076月2026 16:52:18.764] [main/DEBUG] [mixin/]: Mixing CraftBlockStateMixin from mixins.arclight.bukkit.json into org.bukkit.craftbukkit.v1_21_R1.block.CraftBlockState
[076月2026 16:52:18.775] [main/DEBUG] [mixin/]: Mixing world.level.levelgen.structure.structures.NetherFortressPiecesPieceMixin from mixins.arclight.core.json into net.minecraft.world.level.levelgen.structure.structures.NetherFortressPieces$MonsterThrone
[076月2026 16:52:18.779] [main/DEBUG] [mixin/]: Mixing world.level.levelgen.structure.structures.StrongholdPiecesPortalRoomMixin from mixins.arclight.core.json into net.minecraft.world.level.levelgen.structure.structures.StrongholdPieces$PortalRoom
[076月2026 16:52:18.785] [main/DEBUG] [mixin/]: Mixing world.level.levelgen.structure.structures.OceanRuinPiecesPieceMixin from mixins.arclight.core.json into net.minecraft.world.level.levelgen.structure.structures.OceanRuinPieces$OceanRuinPiece
[076月2026 16:52:18.786] [main/DEBUG] [mixin/]: mixins.arclight.core.json:world.level.levelgen.structure.structures.OceanRuinPiecesPieceMixin from mod (unknown)->@Inject::arclight$customSetLootChest(Ljava/lang/String;Lnet/minecraft/core/BlockPos;Lnet/minecraft/world/level/ServerLevelAccessor;Lnet/minecraft/util/RandomSource;Lnet/minecraft/world/level/levelgen/structure/BoundingBox;Lorg/spongepowered/asm/mixin/injection/callback/CallbackInfo;)V does use it's CallbackInfo
[076月2026 16:52:18.788] [main/DEBUG] [mixin/]: Mixing world.level.levelgen.structure.structures.IglooPiecesPieceMixin from mixins.arclight.core.json into net.minecraft.world.level.levelgen.structure.structures.IglooPieces$IglooPiece
[076月2026 16:52:18.790] [main/DEBUG] [mixin/]: Mixing world.level.levelgen.structure.structures.SwampHutPieceMixin from mixins.arclight.core.json into net.minecraft.world.level.levelgen.structure.structures.SwampHutPiece
[076月2026 16:52:18.791] [main/DEBUG] [mixin/]: mixins.arclight.core.json:world.level.levelgen.structure.structures.SwampHutPieceMixin from mod (unknown)->@Inject::arclight$addSpawnReasonForWitch(Lnet/minecraft/world/level/WorldGenLevel;Lnet/minecraft/world/level/StructureManager;Lnet/minecraft/world/level/chunk/ChunkGenerator;Lnet/minecraft/util/RandomSource;Lnet/minecraft/world/level/levelgen/structure/BoundingBox;Lnet/minecraft/world/level/ChunkPos;Lnet/minecraft/core/BlockPos;Lorg/spongepowered/asm/mixin/injection/callback/CallbackInfo;)V doesn't use it's CallbackInfo
[076月2026 16:52:18.791] [main/DEBUG] [mixin/]: mixins.arclight.core.json:world.level.levelgen.structure.structures.SwampHutPieceMixin from mod (unknown)->@Inject::arclight$addSpawnReasonForWitch(Lnet/minecraft/world/level/WorldGenLevel;Lnet/minecraft/world/level/StructureManager;Lnet/minecraft/world/level/chunk/ChunkGenerator;Lnet/minecraft/util/RandomSource;Lnet/minecraft/world/level/levelgen/structure/BoundingBox;Lnet/minecraft/world/level/ChunkPos;Lnet/minecraft/core/BlockPos;Lorg/spongepowered/asm/mixin/injection/callback/CallbackInfo;)V has 0 override(s) in child classes
[076月2026 16:52:18.791] [main/DEBUG] [mixin/]: mixins.arclight.core.json:world.level.levelgen.structure.structures.SwampHutPieceMixin from mod (unknown)->@Inject::arclight$addSpawnReasonForWitch(Lnet/minecraft/world/level/WorldGenLevel;Lnet/minecraft/world/level/StructureManager;Lnet/minecraft/world/level/chunk/ChunkGenerator;Lnet/minecraft/util/RandomSource;Lnet/minecraft/world/level/levelgen/structure/BoundingBox;Lnet/minecraft/world/level/ChunkPos;Lnet/minecraft/core/BlockPos;Lorg/spongepowered/asm/mixin/injection/callback/CallbackInfo;)V won't be passed a CallbackInfo as a result
[076月2026 16:52:18.791] [main/DEBUG] [mixin/]: mixins.arclight.core.json:world.level.levelgen.structure.structures.SwampHutPieceMixin from mod (unknown)->@Inject::arclight$addSpawnReasonForCat(Lnet/minecraft/world/level/ServerLevelAccessor;Lnet/minecraft/world/level/levelgen/structure/BoundingBox;Lorg/spongepowered/asm/mixin/injection/callback/CallbackInfo;)V doesn't use it's CallbackInfo
[076月2026 16:52:18.791] [main/DEBUG] [mixin/]: mixins.arclight.core.json:world.level.levelgen.structure.structures.SwampHutPieceMixin from mod (unknown)->@Inject::arclight$addSpawnReasonForCat(Lnet/minecraft/world/level/ServerLevelAccessor;Lnet/minecraft/world/level/levelgen/structure/BoundingBox;Lorg/spongepowered/asm/mixin/injection/callback/CallbackInfo;)V has 0 override(s) in child classes
[076月2026 16:52:18.791] [main/DEBUG] [mixin/]: mixins.arclight.core.json:world.level.levelgen.structure.structures.SwampHutPieceMixin from mod (unknown)->@Inject::arclight$addSpawnReasonForCat(Lnet/minecraft/world/level/ServerLevelAccessor;Lnet/minecraft/world/level/levelgen/structure/BoundingBox;Lorg/spongepowered/asm/mixin/injection/callback/CallbackInfo;)V won't be passed a CallbackInfo as a result
[076月2026 16:52:18.796] [main/DEBUG] [mixin/]: Mixing world.level.levelgen.structure.structures.EndCityPiecesPieceMixin from mixins.arclight.core.json into net.minecraft.world.level.levelgen.structure.structures.EndCityPieces$EndCityPiece
[076月2026 16:52:18.799] [main/DEBUG] [mixin/]: Mixing world.level.levelgen.structure.structures.ShipwreckPiecesPieceMixin from mixins.arclight.core.json into net.minecraft.world.level.levelgen.structure.structures.ShipwreckPieces$ShipwreckPiece
[076月2026 16:52:18.806] [main/DEBUG] [mixin/]: Mixing world.level.levelgen.structure.structures.DesertPyramidStructureMixin from mixins.arclight.core.json into net.minecraft.world.level.levelgen.structure.structures.DesertPyramidStructure
[076月2026 16:52:18.807] [main/DEBUG] [mixin/]: mixins.arclight.core.json:world.level.levelgen.structure.structures.DesertPyramidStructureMixin from mod (unknown)->@Inject::arclight$customPlaceSuspiciousSand(Lnet/minecraft/world/level/levelgen/structure/BoundingBox;Lnet/minecraft/world/level/WorldGenLevel;Lnet/minecraft/core/BlockPos;Lorg/spongepowered/asm/mixin/injection/callback/CallbackInfo;)V does use it's CallbackInfo
[076月2026 16:52:18.893] [main/DEBUG] [mixin/]: Mixing world.level.chunk.ChunkGeneratorMixin from mixins.arclight.core.json into net.minecraft.world.level.chunk.ChunkGenerator
[076月2026 16:52:18.896] [main/DEBUG] [mixin/]: mixins.arclight.core.json:world.level.chunk.ChunkGeneratorMixin from mod (unknown)->@Inject::arclight$addBukkitDecoration(Lnet/minecraft/world/level/WorldGenLevel;Lnet/minecraft/world/level/chunk/ChunkAccess;Lnet/minecraft/world/level/StructureManager;Lorg/spongepowered/asm/mixin/injection/callback/CallbackInfo;)V doesn't use it's CallbackInfo
[076月2026 16:52:18.896] [main/DEBUG] [mixin/]: mixins.arclight.core.json:world.level.chunk.ChunkGeneratorMixin from mod (unknown)->@Inject::arclight$addBukkitDecoration(Lnet/minecraft/world/level/WorldGenLevel;Lnet/minecraft/world/level/chunk/ChunkAccess;Lnet/minecraft/world/level/StructureManager;Lorg/spongepowered/asm/mixin/injection/callback/CallbackInfo;)V has 0 override(s) in child classes
[076月2026 16:52:18.896] [main/DEBUG] [mixin/]: mixins.arclight.core.json:world.level.chunk.ChunkGeneratorMixin from mod (unknown)->@Inject::arclight$addBukkitDecoration(Lnet/minecraft/world/level/WorldGenLevel;Lnet/minecraft/world/level/chunk/ChunkAccess;Lnet/minecraft/world/level/StructureManager;Lorg/spongepowered/asm/mixin/injection/callback/CallbackInfo;)V won't be passed a CallbackInfo as a result
[076月2026 16:52:18.899] [main/DEBUG] [mixin/]: Mixing event.AsyncStructureSpawnEventMixin from mixins.arclight.bukkit.json into org.bukkit.event.world.AsyncStructureSpawnEvent
[076月2026 16:52:18.909] [main/DEBUG] [mixin/]: Mixing world.level.levelgen.FlatLevelSourceMixin from mixins.arclight.core.json into net.minecraft.world.level.levelgen.FlatLevelSource
[076月2026 16:52:18.911] [main/DEBUG] [mixin/]: ArgsClassGenerator assigning org.spongepowered.asm.synthetic.args.Args$1 for descriptor (Lnet/minecraft/world/level/biome/BiomeSource;Ljava/util/function/Function;)V
[076月2026 16:52:18.913] [main/DEBUG] [mixin/]: Mixing world.level.levelgen.flat.FlatLevelGeneratorSettingsMixin from mixins.arclight.core.json into net.minecraft.world.level.levelgen.flat.FlatLevelGeneratorSettings
[076月2026 16:52:18.989] [main/DEBUG] [mixin/]: Mixing stats.StatsCounterMixin from mixins.arclight.core.json into net.minecraft.stats.StatsCounter
[076月2026 16:52:18.989] [main/DEBUG] [mixin/]: mixins.arclight.core.json:stats.StatsCounterMixin from mod (unknown)->@Inject::arclight$statsIncl(Lnet/minecraft/world/entity/player/Player;Lnet/minecraft/stats/Stat;ILorg/spongepowered/asm/mixin/injection/callback/CallbackInfo;I)V does use it's CallbackInfo
[076月2026 16:52:18.991] [main/DEBUG] [mixin/]: Mixing stats.ServerRecipeBookMixin from mixins.arclight.core.json into net.minecraft.stats.ServerRecipeBook
[076月2026 16:52:18.993] [main/DEBUG] [mixin/]: mixins.arclight.core.json:stats.ServerRecipeBookMixin from mod (unknown)->@Inject::arclight$returnIfFail(Lnet/minecraft/network/protocol/game/ClientboundRecipePacket$State;Lnet/minecraft/server/level/ServerPlayer;Ljava/util/List;Lorg/spongepowered/asm/mixin/injection/callback/CallbackInfo;)V does use it's CallbackInfo
[076月2026 16:52:19.019] [main/DEBUG] [mixin/]: Mixing world.item.enchantment.effects.ApplyMobEffectMixin from mixins.arclight.core.json into net.minecraft.world.item.enchantment.effects.ApplyMobEffect
[076月2026 16:52:19.020] [main/DEBUG] [mixin/]: mixins.arclight.core.json:world.item.enchantment.effects.ApplyMobEffectMixin from mod (unknown)->@Inject::arclight$cause(Lnet/minecraft/server/level/ServerLevel;ILnet/minecraft/world/item/enchantment/EnchantedItemInUse;Lnet/minecraft/world/entity/Entity;Lnet/minecraft/world/phys/Vec3;Lorg/spongepowered/asm/mixin/injection/callback/CallbackInfo;)V doesn't use it's CallbackInfo
[076月2026 16:52:19.022] [main/DEBUG] [mixin/]: Mixing world.damagesource.DamageSourceMixin from mixins.arclight.core.json into net.minecraft.world.damagesource.DamageSource
[076月2026 16:52:19.029] [main/DEBUG] [mixin/]: Mixing world.damagesource.CombatEntryMixin from mixins.arclight.core.json into net.minecraft.world.damagesource.CombatEntry
[076月2026 16:52:19.032] [main/DEBUG] [mixin/]: Mixing world.level.Level_ExplosionInteractionMixin from mixins.arclight.core.json into net.minecraft.world.level.Level$ExplosionInteraction
[076月2026 16:52:19.034] [main/DEBUG] [mixin/]: Mixing world.item.enchantment.effects.IgniteMixin from mixins.arclight.core.json into net.minecraft.world.item.enchantment.effects.Ignite
[076月2026 16:52:19.036] [main/DEBUG] [mixin/]: Mixing world.item.enchantment.effects.ReplaceBlockMixin from mixins.arclight.core.json into net.minecraft.world.item.enchantment.effects.ReplaceBlock
[076月2026 16:52:19.039] [main/DEBUG] [mixin/]: Mixing world.item.enchantment.effects.ReplaceDiskMixin from mixins.arclight.core.json into net.minecraft.world.item.enchantment.effects.ReplaceDisk
[076月2026 16:52:19.094] [main/DEBUG] [mixin/]: Mixing server.MinecraftServerMixin from mixins.arclight.core.json into net.minecraft.server.MinecraftServer
[076月2026 16:52:19.095] [main/DEBUG] [mixin/]: Renaming synthetic method lambda$arclight$skipBukkitLevels$0(Ljava/util/Map$Entry;)Z to md93a37e$lambda$arclight$skipBukkitLevels$0$0 in mixins.arclight.core.json:server.MinecraftServerMixin from mod (unknown)
[076月2026 16:52:19.108] [main/DEBUG] [mixin/]: Mixing core.server.MinecraftServerMixin_NeoForge from mixins.arclight.neoforge.json into net.minecraft.server.MinecraftServer
[076月2026 16:52:19.125] [main/DEBUG] [mixin/]: mixins.arclight.core.json:server.MinecraftServerMixin from mod (unknown)->@Inject::arclight$loadOptions(Ljava/lang/Thread;Lnet/minecraft/world/level/storage/LevelStorageSource$LevelStorageAccess;Lnet/minecraft/server/packs/repository/PackRepository;Lnet/minecraft/server/WorldStem;Ljava/net/Proxy;Lcom/mojang/datafixers/DataFixer;Lnet/minecraft/server/Services;Lnet/minecraft/server/level/progress/ChunkProgressListenerFactory;Lorg/spongepowered/asm/mixin/injection/callback/CallbackInfo;)V doesn't use it's CallbackInfo
[076月2026 16:52:19.125] [main/DEBUG] [mixin/]: mixins.arclight.core.json:server.MinecraftServerMixin from mod (unknown)->@Inject::arclight$loadOptions(Ljava/lang/Thread;Lnet/minecraft/world/level/storage/LevelStorageSource$LevelStorageAccess;Lnet/minecraft/server/packs/repository/PackRepository;Lnet/minecraft/server/WorldStem;Ljava/net/Proxy;Lcom/mojang/datafixers/DataFixer;Lnet/minecraft/server/Services;Lnet/minecraft/server/level/progress/ChunkProgressListenerFactory;Lorg/spongepowered/asm/mixin/injection/callback/CallbackInfo;)V has 0 override(s) in child classes
[076月2026 16:52:19.125] [main/DEBUG] [mixin/]: mixins.arclight.core.json:server.MinecraftServerMixin from mod (unknown)->@Inject::arclight$loadOptions(Ljava/lang/Thread;Lnet/minecraft/world/level/storage/LevelStorageSource$LevelStorageAccess;Lnet/minecraft/server/packs/repository/PackRepository;Lnet/minecraft/server/WorldStem;Ljava/net/Proxy;Lcom/mojang/datafixers/DataFixer;Lnet/minecraft/server/Services;Lnet/minecraft/server/level/progress/ChunkProgressListenerFactory;Lorg/spongepowered/asm/mixin/injection/callback/CallbackInfo;)V won't be passed a CallbackInfo as a result
[076月2026 16:52:19.125] [main/DEBUG] [mixin/]: mixins.arclight.core.json:server.MinecraftServerMixin from mod (unknown)->@Inject::arclight$watchdogExit(Lorg/spongepowered/asm/mixin/injection/callback/CallbackInfo;)V doesn't use it's CallbackInfo
[076月2026 16:52:19.125] [main/DEBUG] [mixin/]: mixins.arclight.core.json:server.MinecraftServerMixin from mod (unknown)->@Inject::arclight$watchdogExit(Lorg/spongepowered/asm/mixin/injection/callback/CallbackInfo;)V has 0 override(s) in child classes
[076月2026 16:52:19.125] [main/DEBUG] [mixin/]: mixins.arclight.core.json:server.MinecraftServerMixin from mod (unknown)->@Inject::arclight$watchdogExit(Lorg/spongepowered/asm/mixin/injection/callback/CallbackInfo;)V won't be passed a CallbackInfo as a result
[076月2026 16:52:19.125] [main/DEBUG] [mixin/]: mixins.arclight.core.json:server.MinecraftServerMixin from mod (unknown)->@Inject::arclight$watchdogExit(Lorg/spongepowered/asm/mixin/injection/callback/CallbackInfo;)V doesn't use it's CallbackInfo
[076月2026 16:52:19.125] [main/DEBUG] [mixin/]: mixins.arclight.core.json:server.MinecraftServerMixin from mod (unknown)->@Inject::arclight$watchdogExit(Lorg/spongepowered/asm/mixin/injection/callback/CallbackInfo;)V has 0 override(s) in child classes
[076月2026 16:52:19.125] [main/DEBUG] [mixin/]: mixins.arclight.core.json:server.MinecraftServerMixin from mod (unknown)->@Inject::arclight$watchdogExit(Lorg/spongepowered/asm/mixin/injection/callback/CallbackInfo;)V won't be passed a CallbackInfo as a result
[076月2026 16:52:19.125] [main/DEBUG] [mixin/]: mixins.arclight.core.json:server.MinecraftServerMixin from mod (unknown)->@Inject::arclight$watchdogExit(Lorg/spongepowered/asm/mixin/injection/callback/CallbackInfo;)V doesn't use it's CallbackInfo
[076月2026 16:52:19.125] [main/DEBUG] [mixin/]: mixins.arclight.core.json:server.MinecraftServerMixin from mod (unknown)->@Inject::arclight$watchdogExit(Lorg/spongepowered/asm/mixin/injection/callback/CallbackInfo;)V has 0 override(s) in child classes
[076月2026 16:52:19.125] [main/DEBUG] [mixin/]: mixins.arclight.core.json:server.MinecraftServerMixin from mod (unknown)->@Inject::arclight$watchdogExit(Lorg/spongepowered/asm/mixin/injection/callback/CallbackInfo;)V won't be passed a CallbackInfo as a result
[076月2026 16:52:19.125] [main/DEBUG] [mixin/]: mixins.arclight.core.json:server.MinecraftServerMixin from mod (unknown)->@Inject::arclight$watchdogExit(Lorg/spongepowered/asm/mixin/injection/callback/CallbackInfo;)V doesn't use it's CallbackInfo
[076月2026 16:52:19.125] [main/DEBUG] [mixin/]: mixins.arclight.core.json:server.MinecraftServerMixin from mod (unknown)->@Inject::arclight$watchdogExit(Lorg/spongepowered/asm/mixin/injection/callback/CallbackInfo;)V has 0 override(s) in child classes
[076月2026 16:52:19.125] [main/DEBUG] [mixin/]: mixins.arclight.core.json:server.MinecraftServerMixin from mod (unknown)->@Inject::arclight$watchdogExit(Lorg/spongepowered/asm/mixin/injection/callback/CallbackInfo;)V won't be passed a CallbackInfo as a result
[076月2026 16:52:19.125] [main/DEBUG] [mixin/]: mixins.arclight.core.json:server.MinecraftServerMixin from mod (unknown)->@Inject::arclight$watchdogExit(Lorg/spongepowered/asm/mixin/injection/callback/CallbackInfo;)V doesn't use it's CallbackInfo
[076月2026 16:52:19.125] [main/DEBUG] [mixin/]: mixins.arclight.core.json:server.MinecraftServerMixin from mod (unknown)->@Inject::arclight$watchdogExit(Lorg/spongepowered/asm/mixin/injection/callback/CallbackInfo;)V has 0 override(s) in child classes
[076月2026 16:52:19.125] [main/DEBUG] [mixin/]: mixins.arclight.core.json:server.MinecraftServerMixin from mod (unknown)->@Inject::arclight$watchdogExit(Lorg/spongepowered/asm/mixin/injection/callback/CallbackInfo;)V won't be passed a CallbackInfo as a result
[076月2026 16:52:19.125] [main/DEBUG] [mixin/]: mixins.arclight.core.json:server.MinecraftServerMixin from mod (unknown)->@Inject::arclight$watchdogExit(Lorg/spongepowered/asm/mixin/injection/callback/CallbackInfo;)V doesn't use it's CallbackInfo
[076月2026 16:52:19.125] [main/DEBUG] [mixin/]: mixins.arclight.core.json:server.MinecraftServerMixin from mod (unknown)->@Inject::arclight$watchdogExit(Lorg/spongepowered/asm/mixin/injection/callback/CallbackInfo;)V has 0 override(s) in child classes
[076月2026 16:52:19.125] [main/DEBUG] [mixin/]: mixins.arclight.core.json:server.MinecraftServerMixin from mod (unknown)->@Inject::arclight$watchdogExit(Lorg/spongepowered/asm/mixin/injection/callback/CallbackInfo;)V won't be passed a CallbackInfo as a result
[076月2026 16:52:19.125] [main/DEBUG] [mixin/]: mixins.arclight.core.json:server.MinecraftServerMixin from mod (unknown)->@Inject::arclight$watchdogExit(Lorg/spongepowered/asm/mixin/injection/callback/CallbackInfo;)V doesn't use it's CallbackInfo
[076月2026 16:52:19.125] [main/DEBUG] [mixin/]: mixins.arclight.core.json:server.MinecraftServerMixin from mod (unknown)->@Inject::arclight$watchdogExit(Lorg/spongepowered/asm/mixin/injection/callback/CallbackInfo;)V has 0 override(s) in child classes
[076月2026 16:52:19.125] [main/DEBUG] [mixin/]: mixins.arclight.core.json:server.MinecraftServerMixin from mod (unknown)->@Inject::arclight$watchdogExit(Lorg/spongepowered/asm/mixin/injection/callback/CallbackInfo;)V won't be passed a CallbackInfo as a result
[076月2026 16:52:19.125] [main/DEBUG] [mixin/]: mixins.arclight.core.json:server.MinecraftServerMixin from mod (unknown)->@Inject::arclight$watchdogExit(Lorg/spongepowered/asm/mixin/injection/callback/CallbackInfo;)V doesn't use it's CallbackInfo
[076月2026 16:52:19.125] [main/DEBUG] [mixin/]: mixins.arclight.core.json:server.MinecraftServerMixin from mod (unknown)->@Inject::arclight$watchdogExit(Lorg/spongepowered/asm/mixin/injection/callback/CallbackInfo;)V has 0 override(s) in child classes
[076月2026 16:52:19.125] [main/DEBUG] [mixin/]: mixins.arclight.core.json:server.MinecraftServerMixin from mod (unknown)->@Inject::arclight$watchdogExit(Lorg/spongepowered/asm/mixin/injection/callback/CallbackInfo;)V won't be passed a CallbackInfo as a result
[076月2026 16:52:19.125] [main/DEBUG] [mixin/]: mixins.arclight.core.json:server.MinecraftServerMixin from mod (unknown)->@Inject::arclight$watchdogExit(Lorg/spongepowered/asm/mixin/injection/callback/CallbackInfo;)V doesn't use it's CallbackInfo
[076月2026 16:52:19.125] [main/DEBUG] [mixin/]: mixins.arclight.core.json:server.MinecraftServerMixin from mod (unknown)->@Inject::arclight$watchdogExit(Lorg/spongepowered/asm/mixin/injection/callback/CallbackInfo;)V has 0 override(s) in child classes
[076月2026 16:52:19.125] [main/DEBUG] [mixin/]: mixins.arclight.core.json:server.MinecraftServerMixin from mod (unknown)->@Inject::arclight$watchdogExit(Lorg/spongepowered/asm/mixin/injection/callback/CallbackInfo;)V won't be passed a CallbackInfo as a result
[076月2026 16:52:19.125] [main/DEBUG] [mixin/]: mixins.arclight.core.json:server.MinecraftServerMixin from mod (unknown)->@Inject::arclight$setStopped(Lorg/spongepowered/asm/mixin/injection/callback/CallbackInfo;)V does use it's CallbackInfo
[076月2026 16:52:19.125] [main/DEBUG] [mixin/]: mixins.arclight.core.json:server.MinecraftServerMixin from mod (unknown)->@Inject::arclight$unloadPlugins(Lorg/spongepowered/asm/mixin/injection/callback/CallbackInfo;)V doesn't use it's CallbackInfo
[076月2026 16:52:19.125] [main/DEBUG] [mixin/]: mixins.arclight.core.json:server.MinecraftServerMixin from mod (unknown)->@Inject::arclight$unloadPlugins(Lorg/spongepowered/asm/mixin/injection/callback/CallbackInfo;)V has 0 override(s) in child classes
[076月2026 16:52:19.125] [main/DEBUG] [mixin/]: mixins.arclight.core.json:server.MinecraftServerMixin from mod (unknown)->@Inject::arclight$unloadPlugins(Lorg/spongepowered/asm/mixin/injection/callback/CallbackInfo;)V won't be passed a CallbackInfo as a result
[076月2026 16:52:19.126] [main/DEBUG] [mixin/]: mixins.arclight.core.json:server.MinecraftServerMixin from mod (unknown)->@Inject::arclight$enablePlugins(Lnet/minecraft/server/level/progress/ChunkProgressListener;Lorg/spongepowered/asm/mixin/injection/callback/CallbackInfo;)V doesn't use it's CallbackInfo
[076月2026 16:52:19.126] [main/DEBUG] [mixin/]: mixins.arclight.core.json:server.MinecraftServerMixin from mod (unknown)->@Inject::arclight$enablePlugins(Lnet/minecraft/server/level/progress/ChunkProgressListener;Lorg/spongepowered/asm/mixin/injection/callback/CallbackInfo;)V has 0 override(s) in child classes
[076月2026 16:52:19.126] [main/DEBUG] [mixin/]: mixins.arclight.core.json:server.MinecraftServerMixin from mod (unknown)->@Inject::arclight$enablePlugins(Lnet/minecraft/server/level/progress/ChunkProgressListener;Lorg/spongepowered/asm/mixin/injection/callback/CallbackInfo;)V won't be passed a CallbackInfo as a result
[076月2026 16:52:19.126] [main/DEBUG] [mixin/]: mixins.arclight.core.json:server.MinecraftServerMixin from mod (unknown)->@Inject::arclight$forceAheadOfTime(Lorg/spongepowered/asm/mixin/injection/callback/CallbackInfoReturnable;)V does use it's CallbackInfoReturnable
[076月2026 16:52:19.126] [main/DEBUG] [mixin/]: mixins.arclight.core.json:server.MinecraftServerMixin from mod (unknown)->@Inject::arclight$registerEnv(Lnet/minecraft/server/level/progress/ChunkProgressListener;Lorg/spongepowered/asm/mixin/injection/callback/CallbackInfo;)V doesn't use it's CallbackInfo
[076月2026 16:52:19.126] [main/DEBUG] [mixin/]: mixins.arclight.core.json:server.MinecraftServerMixin from mod (unknown)->@Inject::arclight$registerEnv(Lnet/minecraft/server/level/progress/ChunkProgressListener;Lorg/spongepowered/asm/mixin/injection/callback/CallbackInfo;)V has 0 override(s) in child classes
[076月2026 16:52:19.126] [main/DEBUG] [mixin/]: mixins.arclight.core.json:server.MinecraftServerMixin from mod (unknown)->@Inject::arclight$registerEnv(Lnet/minecraft/server/level/progress/ChunkProgressListener;Lorg/spongepowered/asm/mixin/injection/callback/CallbackInfo;)V won't be passed a CallbackInfo as a result
[076月2026 16:52:19.126] [main/DEBUG] [mixin/]: mixins.arclight.core.json:server.MinecraftServerMixin from mod (unknown)->@Inject::arclight$runScheduler(Ljava/util/function/BooleanSupplier;Lorg/spongepowered/asm/mixin/injection/callback/CallbackInfo;)V doesn't use it's CallbackInfo
[076月2026 16:52:19.126] [main/DEBUG] [mixin/]: mixins.arclight.core.json:server.MinecraftServerMixin from mod (unknown)->@Inject::arclight$runScheduler(Ljava/util/function/BooleanSupplier;Lorg/spongepowered/asm/mixin/injection/callback/CallbackInfo;)V has 0 override(s) in child classes
[076月2026 16:52:19.126] [main/DEBUG] [mixin/]: mixins.arclight.core.json:server.MinecraftServerMixin from mod (unknown)->@Inject::arclight$runScheduler(Ljava/util/function/BooleanSupplier;Lorg/spongepowered/asm/mixin/injection/callback/CallbackInfo;)V won't be passed a CallbackInfo as a result
[076月2026 16:52:19.126] [main/DEBUG] [mixin/]: mixins.arclight.core.json:server.MinecraftServerMixin from mod (unknown)->@Inject::arclight$unloadLevel(Lorg/spongepowered/asm/mixin/injection/callback/CallbackInfo;)V doesn't use it's CallbackInfo
[076月2026 16:52:19.126] [main/DEBUG] [mixin/]: mixins.arclight.core.json:server.MinecraftServerMixin from mod (unknown)->@Inject::arclight$unloadLevel(Lorg/spongepowered/asm/mixin/injection/callback/CallbackInfo;)V has 0 override(s) in child classes
[076月2026 16:52:19.126] [main/DEBUG] [mixin/]: mixins.arclight.core.json:server.MinecraftServerMixin from mod (unknown)->@Inject::arclight$unloadLevel(Lorg/spongepowered/asm/mixin/injection/callback/CallbackInfo;)V won't be passed a CallbackInfo as a result
[076月2026 16:52:19.126] [main/DEBUG] [mixin/]: mixins.arclight.core.json:server.MinecraftServerMixin from mod (unknown)->@Inject::arclight$skipSave(ZZZLorg/spongepowered/asm/mixin/injection/callback/CallbackInfoReturnable;)V does use it's CallbackInfoReturnable
[076月2026 16:52:19.126] [main/DEBUG] [mixin/]: mixins.arclight.core.json:server.MinecraftServerMixin from mod (unknown)->@Inject::arclight$syncCommand(Lorg/spongepowered/asm/mixin/injection/callback/CallbackInfo;)V doesn't use it's CallbackInfo
[076月2026 16:52:19.126] [main/DEBUG] [mixin/]: mixins.arclight.core.json:server.MinecraftServerMixin from mod (unknown)->@Inject::arclight$syncCommand(Lorg/spongepowered/asm/mixin/injection/callback/CallbackInfo;)V has 0 override(s) in child classes
[076月2026 16:52:19.126] [main/DEBUG] [mixin/]: mixins.arclight.core.json:server.MinecraftServerMixin from mod (unknown)->@Inject::arclight$syncCommand(Lorg/spongepowered/asm/mixin/injection/callback/CallbackInfo;)V won't be passed a CallbackInfo as a result
[076月2026 16:52:19.126] [main/DEBUG] [mixin/]: mixins.arclight.core.json:server.MinecraftServerMixin from mod (unknown)->@Inject::arclight$brand(Lorg/spongepowered/asm/mixin/injection/callback/CallbackInfoReturnable;)V does use it's CallbackInfoReturnable
[076月2026 16:52:19.126] [main/DEBUG] [mixin/]: mixins.arclight.core.json:server.MinecraftServerMixin from mod (unknown)->@Inject::arclight$tickWatchdog(Lorg/spongepowered/asm/mixin/injection/callback/CallbackInfo;)V doesn't use it's CallbackInfo
[076月2026 16:52:19.126] [main/DEBUG] [mixin/]: mixins.arclight.core.json:server.MinecraftServerMixin from mod (unknown)->@Inject::arclight$tickWatchdog(Lorg/spongepowered/asm/mixin/injection/callback/CallbackInfo;)V has 0 override(s) in child classes
[076月2026 16:52:19.126] [main/DEBUG] [mixin/]: mixins.arclight.core.json:server.MinecraftServerMixin from mod (unknown)->@Inject::arclight$tickWatchdog(Lorg/spongepowered/asm/mixin/injection/callback/CallbackInfo;)V won't be passed a CallbackInfo as a result
[076月2026 16:52:19.147] [main/DEBUG] [net.neoforged.fml.ModWorkManager/LOADING]: Using 16 threads for parallel mod-loading
[076月2026 16:52:19.152] [main/DEBUG] [net.neoforged.fml.javafmlmod.FMLModContainer/LOADING]: Creating FMLModContainer instance for [de.melanx.simplebackups.SimpleBackups]
[076月2026 16:52:19.155] [main/DEBUG] [net.neoforged.fml.javafmlmod.FMLModContainer/LOADING]: Creating FMLModContainer instance for [me.lucko.spark.neoforge.NeoForgeSparkMod]
[076月2026 16:52:19.156] [main/DEBUG] [net.neoforged.fml.javafmlmod.FMLModContainer/LOADING]: Creating FMLModContainer instance for [net.neoforged.neoforge.common.NeoForgeMod]
[076月2026 16:52:19.158] [main/DEBUG] [net.neoforged.fml.javafmlmod.FMLModContainer/LOADING]: Creating FMLModContainer instance for [io.izzel.arclight.neoforge.ArclightMod]
[076月2026 16:52:19.161] [modloading-worker-0/INFO] [Arclight/]: Arclight Mod 已加载
[076月2026 16:52:19.167] [modloading-worker-0/DEBUG] [net.neoforged.fml.javafmlmod.AutomaticEventSubscriber/LOADING]: Attempting to inject @EventBusSubscriber classes into the eventbus for spark
[076月2026 16:52:19.167] [modloading-worker-0/DEBUG] [mixin/]: Mixing CraftBlockMixin from mixins.arclight.bukkit.json into org.bukkit.craftbukkit.v1_21_R1.block.CraftBlock
[076月2026 16:52:19.168] [modloading-worker-0/DEBUG] [mixin/]: mixins.arclight.bukkit.json:CraftBlockMixin from mod (unknown)->@Inject::arclight$getState(Lorg/spongepowered/asm/mixin/injection/callback/CallbackInfoReturnable;)V does use it's CallbackInfoReturnable
[076月2026 16:52:19.170] [modloading-worker-0/DEBUG] [net.neoforged.neoforge.internal.versions.neoforge.NeoForgeVersion/CORE]: Found NeoForge version 21.1.228
[076月2026 16:52:19.171] [modloading-worker-0/DEBUG] [net.neoforged.neoforge.internal.versions.neoforge.NeoForgeVersion/CORE]: Found FML version 4.0.42
[076月2026 16:52:19.171] [modloading-worker-0/INFO] [net.neoforged.neoforge.common.NeoForgeMod/NEOFORGE-MOD]: NeoForge mod loading, version 21.1.228, for MC 1.21.1
[076月2026 16:52:19.173] [modloading-worker-0/INFO] [Arclight/]: Arclight 事件系统已注册
[076月2026 16:52:19.173] [modloading-worker-0/DEBUG] [net.neoforged.fml.javafmlmod.AutomaticEventSubscriber/LOADING]: Attempting to inject @EventBusSubscriber classes into the eventbus for arclight
[076月2026 16:52:19.173] [modloading-worker-0/DEBUG] [net.neoforged.fml.config.ConfigTracker/CONFIG]: Config file simplebackups-common.toml for simplebackups tracking
[076月2026 16:52:19.174] [modloading-worker-0/DEBUG] [net.neoforged.fml.config.ConfigTracker/CONFIG]: Config file simplebackups-common-experimental.toml for simplebackups tracking
[076月2026 16:52:19.174] [modloading-worker-0/DEBUG] [net.neoforged.fml.config.ConfigTracker/CONFIG]: Config file simplebackups-server.toml for simplebackups tracking
[076月2026 16:52:19.176] [modloading-worker-0/DEBUG] [mixin/]: Mixing commands.CommandSourceStackMixin from mixins.arclight.core.json into net.minecraft.commands.CommandSourceStack
[076月2026 16:52:19.176] [modloading-worker-0/DEBUG] [mixin/]: Renaming synthetic method lambda$getBukkitSender$0(Lnet/minecraft/commands/CommandSourceStack;)Lorg/bukkit/command/CommandSender; to md93a37e$lambda$getBukkitSender$0$0 in mixins.arclight.core.json:commands.CommandSourceStackMixin from mod (unknown)
[076月2026 16:52:19.179] [modloading-worker-0/DEBUG] [mixin/]: mixins.arclight.core.json:commands.CommandSourceStackMixin from mod (unknown)->@Inject::arclight$checkPermission(ILorg/spongepowered/asm/mixin/injection/callback/CallbackInfoReturnable;)V does use it's CallbackInfoReturnable
[076月2026 16:52:19.180] [modloading-worker-0/DEBUG] [net.neoforged.fml.config.ConfigTracker/CONFIG]: Config file neoforge-client.toml for neoforge tracking
[076月2026 16:52:19.180] [modloading-worker-0/DEBUG] [net.neoforged.fml.config.ConfigTracker/CONFIG]: Config file neoforge-server.toml for neoforge tracking
[076月2026 16:52:19.180] [modloading-worker-0/DEBUG] [net.neoforged.fml.config.ConfigTracker/CONFIG]: Config file neoforge-common.toml for neoforge tracking
[076月2026 16:52:19.185] [modloading-worker-0/DEBUG] [net.neoforged.fml.javafmlmod.AutomaticEventSubscriber/LOADING]: Attempting to inject @EventBusSubscriber classes into the eventbus for simplebackups
[076月2026 16:52:19.203] [modloading-worker-0/DEBUG] [net.neoforged.fml.javafmlmod.AutomaticEventSubscriber/LOADING]: Attempting to inject @EventBusSubscriber classes into the eventbus for neoforge
[076月2026 16:52:19.203] [modloading-worker-0/DEBUG] [net.neoforged.fml.javafmlmod.AutomaticEventSubscriber/LOADING]: Scanning class net.neoforged.neoforge.network.filters.GenericPacketSplitter for @SubscribeEvent-annotated methods
[076月2026 16:52:19.215] [modloading-worker-0/DEBUG] [io.netty.buffer.AbstractByteBuf/]: -Dio.netty.buffer.checkAccessible: true
[076月2026 16:52:19.216] [modloading-worker-0/DEBUG] [io.netty.buffer.AbstractByteBuf/]: -Dio.netty.buffer.checkBounds: true
[076月2026 16:52:19.216] [modloading-worker-0/DEBUG] [io.netty.util.ResourceLeakDetectorFactory/]: Loaded default ResourceLeakDetector: io.netty.util.ResourceLeakDetector@3c520e0f
[076月2026 16:52:19.220] [modloading-worker-0/DEBUG] [io.netty.util.internal.InternalThreadLocalMap/]: -Dio.netty.threadLocalMap.stringBuilder.initialSize: 1024
[076月2026 16:52:19.220] [modloading-worker-0/DEBUG] [io.netty.util.internal.InternalThreadLocalMap/]: -Dio.netty.threadLocalMap.stringBuilder.maxSize: 4096
[076月2026 16:52:19.222] [modloading-worker-0/DEBUG] [io.netty.buffer.PooledByteBufAllocator/]: -Dio.netty.allocator.numHeapArenas: 32
[076月2026 16:52:19.222] [modloading-worker-0/DEBUG] [io.netty.buffer.PooledByteBufAllocator/]: -Dio.netty.allocator.numDirectArenas: 32
[076月2026 16:52:19.222] [modloading-worker-0/DEBUG] [io.netty.buffer.PooledByteBufAllocator/]: -Dio.netty.allocator.pageSize: 8192
[076月2026 16:52:19.222] [modloading-worker-0/DEBUG] [io.netty.buffer.PooledByteBufAllocator/]: -Dio.netty.allocator.maxOrder: 9
[076月2026 16:52:19.222] [modloading-worker-0/DEBUG] [io.netty.buffer.PooledByteBufAllocator/]: -Dio.netty.allocator.chunkSize: 4194304
[076月2026 16:52:19.222] [modloading-worker-0/DEBUG] [io.netty.buffer.PooledByteBufAllocator/]: -Dio.netty.allocator.smallCacheSize: 256
[076月2026 16:52:19.222] [modloading-worker-0/DEBUG] [io.netty.buffer.PooledByteBufAllocator/]: -Dio.netty.allocator.normalCacheSize: 64
[076月2026 16:52:19.222] [modloading-worker-0/DEBUG] [io.netty.buffer.PooledByteBufAllocator/]: -Dio.netty.allocator.maxCachedBufferCapacity: 32768
[076月2026 16:52:19.222] [modloading-worker-0/DEBUG] [io.netty.buffer.PooledByteBufAllocator/]: -Dio.netty.allocator.cacheTrimInterval: 8192
[076月2026 16:52:19.222] [modloading-worker-0/DEBUG] [io.netty.buffer.PooledByteBufAllocator/]: -Dio.netty.allocator.cacheTrimIntervalMillis: 0
[076月2026 16:52:19.222] [modloading-worker-0/DEBUG] [io.netty.buffer.PooledByteBufAllocator/]: -Dio.netty.allocator.useCacheForAllThreads: false
[076月2026 16:52:19.222] [modloading-worker-0/DEBUG] [io.netty.buffer.PooledByteBufAllocator/]: -Dio.netty.allocator.maxCachedByteBuffersPerChunk: 1023
[076月2026 16:52:19.228] [modloading-worker-0/DEBUG] [io.netty.buffer.ByteBufUtil/]: -Dio.netty.allocator.type: pooled
[076月2026 16:52:19.228] [modloading-worker-0/DEBUG] [io.netty.buffer.ByteBufUtil/]: -Dio.netty.threadLocalDirectBufferSize: 0
[076月2026 16:52:19.228] [modloading-worker-0/DEBUG] [io.netty.buffer.ByteBufUtil/]: -Dio.netty.maxThreadLocalCharBufferSize: 16384
[076月2026 16:52:19.230] [modloading-worker-0/DEBUG] [mixin/]: Mixing network.ConnectionMixin from mixins.arclight.core.json into net.minecraft.network.Connection
[076月2026 16:52:19.231] [modloading-worker-0/DEBUG] [mixin/]: mixins.arclight.core.json:network.ConnectionMixin from mod (unknown)->@Inject::arclight$noDisconnectTwiceWarn(Lorg/spongepowered/asm/mixin/injection/callback/CallbackInfo;)V does use it's CallbackInfo
[076月2026 16:52:19.236] [modloading-worker-0/DEBUG] [net.neoforged.fml.javafmlmod.AutomaticEventSubscriber/]: Subscribing @EventBusSubscriber class Lnet/neoforged/neoforge/network/filters/GenericPacketSplitter; to the mod event bus of mod neoforge
[076月2026 16:52:19.238] [modloading-worker-0/DEBUG] [net.neoforged.fml.javafmlmod.AutomaticEventSubscriber/LOADING]: Scanning class net.neoforged.neoforge.network.NetworkInitialization for @SubscribeEvent-annotated methods
[076月2026 16:52:19.238] [modloading-worker-0/DEBUG] [net.neoforged.fml.javafmlmod.AutomaticEventSubscriber/]: Subscribing @EventBusSubscriber class Lnet/neoforged/neoforge/network/NetworkInitialization; to the mod event bus of mod neoforge
[076月2026 16:52:19.238] [modloading-worker-0/DEBUG] [net.neoforged.fml.javafmlmod.AutomaticEventSubscriber/LOADING]: Scanning class net.neoforged.neoforge.network.ConfigurationInitialization for @SubscribeEvent-annotated methods
[076月2026 16:52:19.239] [modloading-worker-0/DEBUG] [net.neoforged.fml.javafmlmod.AutomaticEventSubscriber/]: Subscribing @EventBusSubscriber class Lnet/neoforged/neoforge/network/ConfigurationInitialization; to the mod event bus of mod neoforge
[076月2026 16:52:19.239] [modloading-worker-0/DEBUG] [net.neoforged.fml.javafmlmod.AutomaticEventSubscriber/LOADING]: Scanning class net.neoforged.neoforge.common.MonsterRoomHooks for @SubscribeEvent-annotated methods
[076月2026 16:52:19.240] [modloading-worker-0/DEBUG] [net.neoforged.fml.javafmlmod.AutomaticEventSubscriber/]: Subscribing @EventBusSubscriber class Lnet/neoforged/neoforge/common/MonsterRoomHooks; to the game event bus
[076月2026 16:52:19.240] [modloading-worker-0/DEBUG] [net.neoforged.fml.javafmlmod.AutomaticEventSubscriber/LOADING]: Scanning class net.neoforged.neoforge.common.DeferredSpawnEggItem$CommonHandler for @SubscribeEvent-annotated methods
[076月2026 16:52:19.241] [modloading-worker-0/DEBUG] [net.neoforged.fml.javafmlmod.AutomaticEventSubscriber/]: Subscribing @EventBusSubscriber class Lnet/neoforged/neoforge/common/DeferredSpawnEggItem$CommonHandler; to the mod event bus of mod neoforge
[076月2026 16:52:19.241] [modloading-worker-0/DEBUG] [net.neoforged.fml.javafmlmod.AutomaticEventSubscriber/LOADING]: Scanning class net.neoforged.neoforge.attachment.AttachmentSync for @SubscribeEvent-annotated methods
[076月2026 16:52:19.242] [modloading-worker-0/DEBUG] [net.neoforged.fml.javafmlmod.AutomaticEventSubscriber/]: Subscribing @EventBusSubscriber class Lnet/neoforged/neoforge/attachment/AttachmentSync; to the game event bus
[076月2026 16:52:19.242] [modloading-worker-0/DEBUG] [net.neoforged.fml.javafmlmod.AutomaticEventSubscriber/LOADING]: Scanning class net.neoforged.neoforge.attachment.AttachmentInternals for @SubscribeEvent-annotated methods
[076月2026 16:52:19.243] [modloading-worker-0/DEBUG] [net.neoforged.fml.javafmlmod.AutomaticEventSubscriber/]: Subscribing @EventBusSubscriber class Lnet/neoforged/neoforge/attachment/AttachmentInternals; to the game event bus
[076月2026 16:52:19.352] [modloading-sync-worker/DEBUG] [net.neoforged.fml.config.ConfigTracker/CONFIG]: Loading configs type COMMON
[076月2026 16:52:19.363] [modloading-sync-worker/DEBUG] [net.neoforged.fml.config.ConfigTracker/CONFIG]: Loaded TOML config file D:\Minecraft\PN Base V0.1\daemon\data\InstanceData\1.21.1 鸽子窝\config\simplebackups-common.toml
[076月2026 16:52:19.368] [modloading-sync-worker/DEBUG] [net.neoforged.fml.config.ConfigTracker/CONFIG]: Watching TOML config file D:\Minecraft\PN Base V0.1\daemon\data\InstanceData\1.21.1 鸽子窝\config\simplebackups-common.toml for changes
[076月2026 16:52:19.369] [modloading-sync-worker/DEBUG] [net.neoforged.fml.config.ConfigTracker/CONFIG]: Loaded TOML config file D:\Minecraft\PN Base V0.1\daemon\data\InstanceData\1.21.1 鸽子窝\config\simplebackups-common-experimental.toml
[076月2026 16:52:19.369] [modloading-sync-worker/DEBUG] [net.neoforged.fml.config.ConfigTracker/CONFIG]: Watching TOML config file D:\Minecraft\PN Base V0.1\daemon\data\InstanceData\1.21.1 鸽子窝\config\simplebackups-common-experimental.toml for changes
[076月2026 16:52:19.370] [modloading-sync-worker/DEBUG] [net.neoforged.neoforge.common.NeoForgeConfig/FORGEMOD]: Loaded NeoForge config file neoforge-common.toml
[076月2026 16:52:19.370] [modloading-sync-worker/DEBUG] [net.neoforged.fml.config.ConfigTracker/CONFIG]: Loaded TOML config file D:\Minecraft\PN Base V0.1\daemon\data\InstanceData\1.21.1 鸽子窝\config\neoforge-common.toml
[076月2026 16:52:19.370] [modloading-sync-worker/DEBUG] [net.neoforged.fml.config.ConfigTracker/CONFIG]: Watching TOML config file D:\Minecraft\PN Base V0.1\daemon\data\InstanceData\1.21.1 鸽子窝\config\neoforge-common.toml for changes
[076月2026 16:52:19.374] [modloading-sync-worker/DEBUG] [net.neoforged.fml.DeferredWorkQueue/LOADING]: Dispatching synchronous work for work queue Common setup: 1 jobs
[076月2026 16:52:19.376] [modloading-sync-worker/DEBUG] [net.neoforged.fml.DeferredWorkQueue/LOADING]: Synchronous work queue completed in 772.1 μs
[076月2026 16:52:19.380] [modloading-sync-worker/DEBUG] [Implementer/SWITCH_TABLE]: Candidate switch enum method <clinit>()V class net/neoforged/neoforge/capabilities/BlockCapability$1
[076月2026 16:52:19.386] [modloading-sync-worker/DEBUG] [mixin/]: Mixing server.level.TicketTypeMixin from mixins.arclight.core.json into net.minecraft.server.level.TicketType
[076月2026 16:52:19.386] [modloading-sync-worker/DEBUG] [mixin/]: Renaming synthetic method lambda$static$1(Lorg/bukkit/plugin/Plugin;)Ljava/lang/String; to md93a37e$lambda$static$1$0 in mixins.arclight.core.json:server.level.TicketTypeMixin from mod (unknown)
[076月2026 16:52:19.387] [modloading-sync-worker/DEBUG] [mixin/]: Renaming synthetic method lambda$static$0(Lnet/minecraft/util/Unit;Lnet/minecraft/util/Unit;)I to md93a37e$lambda$static$0$1 in mixins.arclight.core.json:server.level.TicketTypeMixin from mod (unknown)
[076月2026 16:52:19.395] [main/DEBUG] [mixin/]: Mixing neoforge.NetworkRegistryAccessor from mixins.arclight.neoforge.json into net.neoforged.neoforge.network.registration.NetworkRegistry
[076月2026 16:52:19.396] [main/DEBUG] [mixin/]: Renaming @Accessor method getRegistration()Ljava/util/Map; to getRegistration_$md$93a37e$0 in mixins.arclight.neoforge.json:neoforge.NetworkRegistryAccessor from mod (unknown)
[076月2026 16:52:19.396] [main/DEBUG] [mixin/]: Renaming @Accessor method getBuiltinPayload()Ljava/util/Map; to getBuiltinPayload_$md$93a37e$1 in mixins.arclight.neoforge.json:neoforge.NetworkRegistryAccessor from mod (unknown)
[076月2026 16:52:19.396] [main/DEBUG] [mixin/]: Mixing neoforge.NetworkRegistryMixin from mixins.arclight.neoforge.json into net.neoforged.neoforge.network.registration.NetworkRegistry
[076月2026 16:52:19.396] [main/DEBUG] [mixin/]: Renaming synthetic method lambda$arclight$syncChannel$2(Lio/izzel/arclight/common/bridge/core/server/MinecraftServerBridge;Lio/izzel/arclight/common/bridge/core/server/network/ServerCommonPacketListenerImplBridge;Lnet/neoforged/neoforge/network/registration/NetworkPayloadSetup;)V to md93a37e$lambda$arclight$syncChannel$2$2 in mixins.arclight.neoforge.json:neoforge.NetworkRegistryMixin from mod (unknown)
[076月2026 16:52:19.396] [main/DEBUG] [mixin/]: Renaming synthetic method lambda$arclight$syncChannelUnregister$1(Lio/izzel/arclight/common/bridge/core/server/MinecraftServerBridge;Lio/izzel/arclight/common/bridge/core/server/network/ServerCommonPacketListenerImplBridge;Ljava/util/Set;)V to md93a37e$lambda$arclight$syncChannelUnregister$1$3 in mixins.arclight.neoforge.json:neoforge.NetworkRegistryMixin from mod (unknown)
[076月2026 16:52:19.396] [main/DEBUG] [mixin/]: Renaming synthetic method lambda$arclight$syncChannelRegister$0(Lio/izzel/arclight/common/bridge/core/server/MinecraftServerBridge;Lio/izzel/arclight/common/bridge/core/server/network/ServerCommonPacketListenerImplBridge;Ljava/util/Set;)V to md93a37e$lambda$arclight$syncChannelRegister$0$4 in mixins.arclight.neoforge.json:neoforge.NetworkRegistryMixin from mod (unknown)
[076月2026 16:52:19.405] [main/DEBUG] [mixin/]: mixins.arclight.neoforge.json:neoforge.NetworkRegistryMixin from mod (unknown)->@Inject::arclight$interceptSendCheck(Lnet/minecraft/network/protocol/Packet;Lnet/minecraft/network/protocol/common/ServerCommonPacketListener;Lorg/spongepowered/asm/mixin/injection/callback/CallbackInfo;)V does use it's CallbackInfo
[076月2026 16:52:19.406] [main/DEBUG] [mixin/]: mixins.arclight.neoforge.json:neoforge.NetworkRegistryMixin from mod (unknown)->@Inject::arclight$syncChannelRegister(Lnet/minecraft/network/Connection;Ljava/util/Set;Lorg/spongepowered/asm/mixin/injection/callback/CallbackInfo;)V doesn't use it's CallbackInfo
[076月2026 16:52:19.406] [main/DEBUG] [mixin/]: mixins.arclight.neoforge.json:neoforge.NetworkRegistryMixin from mod (unknown)->@Inject::arclight$syncChannelUnregister(Lnet/minecraft/network/Connection;Ljava/util/Set;Lorg/spongepowered/asm/mixin/injection/callback/CallbackInfo;)V doesn't use it's CallbackInfo
[076月2026 16:52:19.463] [main/INFO] [com.mojang.authlib.yggdrasil.YggdrasilAuthenticationService/]: Environment: Environment[sessionHost=https://sessionserver.mojang.com, servicesHost=https://api.minecraftservices.com, name=PROD]
[076月2026 16:52:19.484] [main/DEBUG] [mixin/]: Mixing world.level.storage.LevelStorageSourceMixin from mixins.arclight.core.json into net.minecraft.world.level.storage.LevelStorageSource
[076月2026 16:52:19.498] [NeoForge Version Check/INFO] [net.neoforged.fml.VersionChecker/]: [simplebackups] Starting version check at https://assets.melanx.de/updates/simple-backups.json
[076月2026 16:52:19.519] [main/WARN] [net.minecraft.server.packs.VanillaPackResourcesBuilder/]: Assets URL 'union:/D:/Minecraft/PN%20Base%20V0.1/daemon/data/InstanceData/1.21.1%20鸽子窝/libraries/net/minecraft/server/1.21.1-20240808.144430/server-1.21.1-20240808.144430-srg.jar%23178!/assets/.mcassetsroot' uses unexpected schema
[076月2026 16:52:19.520] [main/WARN] [net.minecraft.server.packs.VanillaPackResourcesBuilder/]: Assets URL 'union:/D:/Minecraft/PN%20Base%20V0.1/daemon/data/InstanceData/1.21.1%20鸽子窝/libraries/net/minecraft/server/1.21.1-20240808.144430/server-1.21.1-20240808.144430-srg.jar%23178!/data/.mcassetsroot' uses unexpected schema
[076月2026 16:52:19.529] [main/DEBUG] [mixin/]: Mixing server.WorldLoaderMixin from mixins.arclight.core.json into net.minecraft.server.WorldLoader
[076月2026 16:52:19.535] [main/DEBUG] [mixin/]: Mixing server.dedicated.DedicatedServerMixin from mixins.arclight.core.json into net.minecraft.server.dedicated.DedicatedServer
[076月2026 16:52:19.535] [main/DEBUG] [mixin/]: Renaming synthetic method lambda$arclight$forceUpgradeIfNeeded$1()Z to md93a37e$lambda$arclight$forceUpgradeIfNeeded$1$0 in mixins.arclight.core.json:server.dedicated.DedicatedServerMixin from mod (unknown)
[076月2026 16:52:19.535] [main/DEBUG] [mixin/]: Renaming synthetic method lambda$runCommand$0(Ljava/lang/String;)V to md93a37e$lambda$runCommand$0$1 in mixins.arclight.core.json:server.dedicated.DedicatedServerMixin from mod (unknown)
[076月2026 16:52:19.542] [main/DEBUG] [mixin/]: Mixing core.server.dedicated.DedicatedServerMixin_NeoForge from mixins.arclight.neoforge.json into net.minecraft.server.dedicated.DedicatedServer
[076月2026 16:52:19.545] [main/DEBUG] [mixin/]: mixins.arclight.core.json:server.dedicated.DedicatedServerMixin from mod (unknown)->@Inject::arclight$loadPlugins(Lorg/spongepowered/asm/mixin/injection/callback/CallbackInfoReturnable;)V doesn't use it's CallbackInfoReturnable
[076月2026 16:52:19.545] [main/DEBUG] [mixin/]: mixins.arclight.core.json:server.dedicated.DedicatedServerMixin from mod (unknown)->@Inject::arclight$loadPlugins(Lorg/spongepowered/asm/mixin/injection/callback/CallbackInfoReturnable;)V has 0 override(s) in child classes
[076月2026 16:52:19.545] [main/DEBUG] [mixin/]: mixins.arclight.core.json:server.dedicated.DedicatedServerMixin from mod (unknown)->@Inject::arclight$loadPlugins(Lorg/spongepowered/asm/mixin/injection/callback/CallbackInfoReturnable;)V won't be passed a CallbackInfoReturnable as a result
[076月2026 16:52:19.545] [main/DEBUG] [mixin/]: mixins.arclight.core.json:server.dedicated.DedicatedServerMixin from mod (unknown)->@Inject::arclight$setRcon(Lorg/spongepowered/asm/mixin/injection/callback/CallbackInfoReturnable;)V doesn't use it's CallbackInfoReturnable
[076月2026 16:52:19.545] [main/DEBUG] [mixin/]: mixins.arclight.core.json:server.dedicated.DedicatedServerMixin from mod (unknown)->@Inject::arclight$setRcon(Lorg/spongepowered/asm/mixin/injection/callback/CallbackInfoReturnable;)V has 0 override(s) in child classes
[076月2026 16:52:19.545] [main/DEBUG] [mixin/]: mixins.arclight.core.json:server.dedicated.DedicatedServerMixin from mod (unknown)->@Inject::arclight$setRcon(Lorg/spongepowered/asm/mixin/injection/callback/CallbackInfoReturnable;)V won't be passed a CallbackInfoReturnable as a result
[076月2026 16:52:19.545] [main/DEBUG] [mixin/]: mixins.arclight.core.json:server.dedicated.DedicatedServerMixin from mod (unknown)->@Inject::arclight$tickWatchdogIfLaunch(Lorg/spongepowered/asm/mixin/injection/callback/CallbackInfoReturnable;)V does use it's CallbackInfoReturnable
[076月2026 16:52:19.545] [main/DEBUG] [mixin/]: mixins.arclight.core.json:server.dedicated.DedicatedServerMixin from mod (unknown)->@Inject::arclight$tickWatchdogIfLaunch(Lorg/spongepowered/asm/mixin/injection/callback/CallbackInfoReturnable;)V does use it's CallbackInfoReturnable
[076月2026 16:52:19.545] [main/DEBUG] [mixin/]: mixins.arclight.core.json:server.dedicated.DedicatedServerMixin from mod (unknown)->@Inject::arclight$tickWatchdogIfLaunch(Lorg/spongepowered/asm/mixin/injection/callback/CallbackInfoReturnable;)V does use it's CallbackInfoReturnable
[076月2026 16:52:19.545] [main/DEBUG] [mixin/]: mixins.arclight.core.json:server.dedicated.DedicatedServerMixin from mod (unknown)->@Inject::arclight$exitNow(Lorg/spongepowered/asm/mixin/injection/callback/CallbackInfo;)V doesn't use it's CallbackInfo
[076月2026 16:52:19.545] [main/DEBUG] [mixin/]: mixins.arclight.core.json:server.dedicated.DedicatedServerMixin from mod (unknown)->@Inject::arclight$exitNow(Lorg/spongepowered/asm/mixin/injection/callback/CallbackInfo;)V has 0 override(s) in child classes
[076月2026 16:52:19.545] [main/DEBUG] [mixin/]: mixins.arclight.core.json:server.dedicated.DedicatedServerMixin from mod (unknown)->@Inject::arclight$exitNow(Lorg/spongepowered/asm/mixin/injection/callback/CallbackInfo;)V won't be passed a CallbackInfo as a result
[076月2026 16:52:19.548] [main/DEBUG] [mixin/]: Mixing server.level.ServerPlayerGameModeMixin from mixins.arclight.core.json into net.minecraft.server.level.ServerPlayerGameMode
[076月2026 16:52:19.551] [main/DEBUG] [mixin/]: Mixing core.server.level.ServerPlayerGameModeMixin_NeoForge from mixins.arclight.neoforge.json into net.minecraft.server.level.ServerPlayerGameMode
[076月2026 16:52:19.553] [main/DEBUG] [mixin/]: Mixing realtime.ServerPlayerGameModeMixin_Realtime from mixins.arclight.impl.optimization.json into net.minecraft.server.level.ServerPlayerGameMode
[076月2026 16:52:19.558] [main/DEBUG] [mixin/]: mixins.arclight.core.json:server.level.ServerPlayerGameModeMixin from mod (unknown)->@Inject::arclight$gameModeEvent(Lnet/minecraft/world/level/GameType;Lorg/spongepowered/asm/mixin/injection/callback/CallbackInfoReturnable;)V does use it's CallbackInfoReturnable
[076月2026 16:52:19.559] [main/DEBUG] [mixin/]: mixins.arclight.core.json:server.level.ServerPlayerGameModeMixin from mod (unknown)->@Inject::arclight$abortBlockBreak(Lnet/minecraft/core/BlockPos;Lnet/minecraft/network/protocol/game/ServerboundPlayerActionPacket$Action;Lnet/minecraft/core/Direction;IILorg/spongepowered/asm/mixin/injection/callback/CallbackInfo;)V doesn't use it's CallbackInfo
[076月2026 16:52:19.559] [main/DEBUG] [mixin/]: mixins.arclight.core.json:server.level.ServerPlayerGameModeMixin from mod (unknown)->@Inject::arclight$abortBlockBreak(Lnet/minecraft/core/BlockPos;Lnet/minecraft/network/protocol/game/ServerboundPlayerActionPacket$Action;Lnet/minecraft/core/Direction;IILorg/spongepowered/asm/mixin/injection/callback/CallbackInfo;)V has 0 override(s) in child classes
[076月2026 16:52:19.559] [main/DEBUG] [mixin/]: mixins.arclight.core.json:server.level.ServerPlayerGameModeMixin from mod (unknown)->@Inject::arclight$abortBlockBreak(Lnet/minecraft/core/BlockPos;Lnet/minecraft/network/protocol/game/ServerboundPlayerActionPacket$Action;Lnet/minecraft/core/Direction;IILorg/spongepowered/asm/mixin/injection/callback/CallbackInfo;)V won't be passed a CallbackInfo as a result
[076月2026 16:52:19.559] [main/DEBUG] [mixin/]: mixins.arclight.core.json:server.level.ServerPlayerGameModeMixin from mod (unknown)->@Inject::arclight$resetBlockBreak(Lnet/minecraft/core/BlockPos;Lorg/spongepowered/asm/mixin/injection/callback/CallbackInfoReturnable;)V doesn't use it's CallbackInfoReturnable
[076月2026 16:52:19.559] [main/DEBUG] [mixin/]: mixins.arclight.core.json:server.level.ServerPlayerGameModeMixin from mod (unknown)->@Inject::arclight$resetBlockBreak(Lnet/minecraft/core/BlockPos;Lorg/spongepowered/asm/mixin/injection/callback/CallbackInfoReturnable;)V has 0 override(s) in child classes
[076月2026 16:52:19.559] [main/DEBUG] [mixin/]: mixins.arclight.core.json:server.level.ServerPlayerGameModeMixin from mod (unknown)->@Inject::arclight$resetBlockBreak(Lnet/minecraft/core/BlockPos;Lorg/spongepowered/asm/mixin/injection/callback/CallbackInfoReturnable;)V won't be passed a CallbackInfoReturnable as a result
[076月2026 16:52:19.559] [main/DEBUG] [mixin/]: mixins.arclight.core.json:server.level.ServerPlayerGameModeMixin from mod (unknown)->@Inject::arclight$resetBlockBreak(Lnet/minecraft/core/BlockPos;Lorg/spongepowered/asm/mixin/injection/callback/CallbackInfoReturnable;)V doesn't use it's CallbackInfoReturnable
[076月2026 16:52:19.559] [main/DEBUG] [mixin/]: mixins.arclight.core.json:server.level.ServerPlayerGameModeMixin from mod (unknown)->@Inject::arclight$resetBlockBreak(Lnet/minecraft/core/BlockPos;Lorg/spongepowered/asm/mixin/injection/callback/CallbackInfoReturnable;)V has 0 override(s) in child classes
[076月2026 16:52:19.559] [main/DEBUG] [mixin/]: mixins.arclight.core.json:server.level.ServerPlayerGameModeMixin from mod (unknown)->@Inject::arclight$resetBlockBreak(Lnet/minecraft/core/BlockPos;Lorg/spongepowered/asm/mixin/injection/callback/CallbackInfoReturnable;)V won't be passed a CallbackInfoReturnable as a result
[076月2026 16:52:19.559] [main/DEBUG] [mixin/]: mixins.arclight.core.json:server.level.ServerPlayerGameModeMixin from mod (unknown)->@Inject::arclight$resetBlockBreak(Lnet/minecraft/core/BlockPos;Lorg/spongepowered/asm/mixin/injection/callback/CallbackInfoReturnable;)V doesn't use it's CallbackInfoReturnable
[076月2026 16:52:19.559] [main/DEBUG] [mixin/]: mixins.arclight.core.json:server.level.ServerPlayerGameModeMixin from mod (unknown)->@Inject::arclight$resetBlockBreak(Lnet/minecraft/core/BlockPos;Lorg/spongepowered/asm/mixin/injection/callback/CallbackInfoReturnable;)V has 0 override(s) in child classes
[076月2026 16:52:19.559] [main/DEBUG] [mixin/]: mixins.arclight.core.json:server.level.ServerPlayerGameModeMixin from mod (unknown)->@Inject::arclight$resetBlockBreak(Lnet/minecraft/core/BlockPos;Lorg/spongepowered/asm/mixin/injection/callback/CallbackInfoReturnable;)V won't be passed a CallbackInfoReturnable as a result
[076月2026 16:52:19.559] [main/DEBUG] [mixin/]: mixins.arclight.core.json:server.level.ServerPlayerGameModeMixin from mod (unknown)->@Inject::arclight$resetBlockBreak(Lnet/minecraft/core/BlockPos;Lorg/spongepowered/asm/mixin/injection/callback/CallbackInfoReturnable;)V doesn't use it's CallbackInfoReturnable
[076月2026 16:52:19.559] [main/DEBUG] [mixin/]: mixins.arclight.core.json:server.level.ServerPlayerGameModeMixin from mod (unknown)->@Inject::arclight$resetBlockBreak(Lnet/minecraft/core/BlockPos;Lorg/spongepowered/asm/mixin/injection/callback/CallbackInfoReturnable;)V has 0 override(s) in child classes
[076月2026 16:52:19.559] [main/DEBUG] [mixin/]: mixins.arclight.core.json:server.level.ServerPlayerGameModeMixin from mod (unknown)->@Inject::arclight$resetBlockBreak(Lnet/minecraft/core/BlockPos;Lorg/spongepowered/asm/mixin/injection/callback/CallbackInfoReturnable;)V won't be passed a CallbackInfoReturnable as a result
[076月2026 16:52:19.559] [main/DEBUG] [mixin/]: mixins.arclight.core.json:server.level.ServerPlayerGameModeMixin from mod (unknown)->@Inject::arclight$resetBlockBreak(Lnet/minecraft/core/BlockPos;Lorg/spongepowered/asm/mixin/injection/callback/CallbackInfoReturnable;)V doesn't use it's CallbackInfoReturnable
[076月2026 16:52:19.559] [main/DEBUG] [mixin/]: mixins.arclight.core.json:server.level.ServerPlayerGameModeMixin from mod (unknown)->@Inject::arclight$resetBlockBreak(Lnet/minecraft/core/BlockPos;Lorg/spongepowered/asm/mixin/injection/callback/CallbackInfoReturnable;)V has 0 override(s) in child classes
[076月2026 16:52:19.559] [main/DEBUG] [mixin/]: mixins.arclight.core.json:server.level.ServerPlayerGameModeMixin from mod (unknown)->@Inject::arclight$resetBlockBreak(Lnet/minecraft/core/BlockPos;Lorg/spongepowered/asm/mixin/injection/callback/CallbackInfoReturnable;)V won't be passed a CallbackInfoReturnable as a result
[076月2026 16:52:19.559] [main/DEBUG] [mixin/]: mixins.arclight.core.json:server.level.ServerPlayerGameModeMixin from mod (unknown)->@Inject::arclight$clearCaptures(Lorg/spongepowered/asm/mixin/injection/callback/CallbackInfo;)V doesn't use it's CallbackInfo
[076月2026 16:52:19.559] [main/DEBUG] [mixin/]: mixins.arclight.core.json:server.level.ServerPlayerGameModeMixin from mod (unknown)->@Inject::arclight$clearCaptures(Lorg/spongepowered/asm/mixin/injection/callback/CallbackInfo;)V has 0 override(s) in child classes
[076月2026 16:52:19.559] [main/DEBUG] [mixin/]: mixins.arclight.core.json:server.level.ServerPlayerGameModeMixin from mod (unknown)->@Inject::arclight$clearCaptures(Lorg/spongepowered/asm/mixin/injection/callback/CallbackInfo;)V won't be passed a CallbackInfo as a result
[076月2026 16:52:19.559] [main/DEBUG] [mixin/]: mixins.arclight.core.json:server.level.ServerPlayerGameModeMixin from mod (unknown)->@Inject::arclight$clearCaptures(Lorg/spongepowered/asm/mixin/injection/callback/CallbackInfo;)V doesn't use it's CallbackInfo
[076月2026 16:52:19.559] [main/DEBUG] [mixin/]: mixins.arclight.core.json:server.level.ServerPlayerGameModeMixin from mod (unknown)->@Inject::arclight$clearCaptures(Lorg/spongepowered/asm/mixin/injection/callback/CallbackInfo;)V has 0 override(s) in child classes
[076月2026 16:52:19.559] [main/DEBUG] [mixin/]: mixins.arclight.core.json:server.level.ServerPlayerGameModeMixin from mod (unknown)->@Inject::arclight$clearCaptures(Lorg/spongepowered/asm/mixin/injection/callback/CallbackInfo;)V won't be passed a CallbackInfo as a result
[076月2026 16:52:19.559] [main/DEBUG] [mixin/]: mixins.arclight.core.json:server.level.ServerPlayerGameModeMixin from mod (unknown)->@Inject::arclight$rightClickBlock(Lnet/minecraft/server/level/ServerPlayer;Lnet/minecraft/world/level/Level;Lnet/minecraft/world/item/ItemStack;Lnet/minecraft/world/InteractionHand;Lnet/minecraft/world/phys/BlockHitResult;Lorg/spongepowered/asm/mixin/injection/callback/CallbackInfoReturnable;)V does use it's CallbackInfoReturnable
[076月2026 16:52:19.559] [main/DEBUG] [mixin/]: mixins.arclight.neoforge.json:core.server.level.ServerPlayerGameModeMixin_NeoForge from mod (unknown)->@Inject::arclight$beforePrimaryEventFired(Lnet/minecraft/core/BlockPos;Lorg/spongepowered/asm/mixin/injection/callback/CallbackInfoReturnable;)V doesn't use it's CallbackInfoReturnable
[076月2026 16:52:19.559] [main/DEBUG] [mixin/]: mixins.arclight.neoforge.json:core.server.level.ServerPlayerGameModeMixin_NeoForge from mod (unknown)->@Inject::arclight$beforePrimaryEventFired(Lnet/minecraft/core/BlockPos;Lorg/spongepowered/asm/mixin/injection/callback/CallbackInfoReturnable;)V has 0 override(s) in child classes
[076月2026 16:52:19.559] [main/DEBUG] [mixin/]: mixins.arclight.neoforge.json:core.server.level.ServerPlayerGameModeMixin_NeoForge from mod (unknown)->@Inject::arclight$beforePrimaryEventFired(Lnet/minecraft/core/BlockPos;Lorg/spongepowered/asm/mixin/injection/callback/CallbackInfoReturnable;)V won't be passed a CallbackInfoReturnable as a result
[076月2026 16:52:19.559] [main/DEBUG] [mixin/]: mixins.arclight.neoforge.json:core.server.level.ServerPlayerGameModeMixin_NeoForge from mod (unknown)->@Inject::arclight$handleSecondaryBlockBreakEvents(Lnet/minecraft/core/BlockPos;Lorg/spongepowered/asm/mixin/injection/callback/CallbackInfoReturnable;)V doesn't use it's CallbackInfoReturnable
[076月2026 16:52:19.559] [main/DEBUG] [mixin/]: mixins.arclight.neoforge.json:core.server.level.ServerPlayerGameModeMixin_NeoForge from mod (unknown)->@Inject::arclight$handleSecondaryBlockBreakEvents(Lnet/minecraft/core/BlockPos;Lorg/spongepowered/asm/mixin/injection/callback/CallbackInfoReturnable;)V has 0 override(s) in child classes
[076月2026 16:52:19.559] [main/DEBUG] [mixin/]: mixins.arclight.neoforge.json:core.server.level.ServerPlayerGameModeMixin_NeoForge from mod (unknown)->@Inject::arclight$handleSecondaryBlockBreakEvents(Lnet/minecraft/core/BlockPos;Lorg/spongepowered/asm/mixin/injection/callback/CallbackInfoReturnable;)V won't be passed a CallbackInfoReturnable as a result
[076月2026 16:52:19.565] [main/DEBUG] [mixin/]: Mixing world.level.GameRulesMixin from mixins.arclight.core.json into net.minecraft.world.level.GameRules
[076月2026 16:52:19.565] [main/DEBUG] [mixin/]: Renaming synthetic method lambda$arclight$initPerWorldCallback$4(Lnet/minecraft/server/level/ServerLevel;Lnet/minecraft/world/level/GameRules$Value;)V to md93a37e$lambda$arclight$initPerWorldCallback$4$0 in mixins.arclight.core.json:world.level.GameRulesMixin from mod (unknown)
[076月2026 16:52:19.565] [main/DEBUG] [mixin/]: Renaming synthetic method lambda$arclight$initPerWorldCallback$3(Lnet/minecraft/server/level/ServerLevel;Lnet/minecraft/world/level/GameRules$Value;)V to md93a37e$lambda$arclight$initPerWorldCallback$3$1 in mixins.arclight.core.json:world.level.GameRulesMixin from mod (unknown)
[076月2026 16:52:19.565] [main/DEBUG] [mixin/]: Renaming synthetic method lambda$arclight$initPerWorldCallback$2(Lnet/minecraft/server/level/ServerLevel;Lnet/minecraft/world/level/GameRules$Value;)V to md93a37e$lambda$arclight$initPerWorldCallback$2$2 in mixins.arclight.core.json:world.level.GameRulesMixin from mod (unknown)
[076月2026 16:52:19.565] [main/DEBUG] [mixin/]: Renaming synthetic method lambda$arclight$initPerWorldCallback$1(Lnet/minecraft/server/level/ServerLevel;Lnet/minecraft/world/level/GameRules$Value;)V to md93a37e$lambda$arclight$initPerWorldCallback$1$3 in mixins.arclight.core.json:world.level.GameRulesMixin from mod (unknown)
[076月2026 16:52:19.565] [main/DEBUG] [mixin/]: Renaming synthetic method lambda$assignFrom$0(Lnet/minecraft/world/level/GameRules;Lnet/minecraft/server/level/ServerLevel;Lnet/minecraft/world/level/GameRules$Key;)V to md93a37e$lambda$assignFrom$0$4 in mixins.arclight.core.json:world.level.GameRulesMixin from mod (unknown)
[076月2026 16:52:19.568] [main/DEBUG] [mixin/]: mixins.arclight.core.json:world.level.GameRulesMixin from mod (unknown)->@Inject::arclight$initPerWorldCallback(Ljava/lang/String;Lnet/minecraft/world/level/GameRules$Category;Lnet/minecraft/world/level/GameRules$Type;Lorg/spongepowered/asm/mixin/injection/callback/CallbackInfoReturnable;)V doesn't use it's CallbackInfoReturnable
[076月2026 16:52:19.570] [main/DEBUG] [mixin/]: Mixing world.level.GameRules_BooleanValueMixin from mixins.arclight.core.json into net.minecraft.world.level.GameRules$BooleanValue
[076月2026 16:52:19.571] [main/DEBUG] [mixin/]: Mixing world.level.GameRules_ValueMixin from mixins.arclight.core.json into net.minecraft.world.level.GameRules$Value
[076月2026 16:52:19.571] [main/DEBUG] [mixin/]: mixins.arclight.core.json:world.level.GameRules_ValueMixin from mod (unknown)->@Inject::arclight$invokeLocalCallback(Lcom/mojang/brigadier/context/CommandContext;Ljava/lang/String;Lorg/spongepowered/asm/mixin/injection/callback/CallbackInfo;)V doesn't use it's CallbackInfo
[076月2026 16:52:19.571] [main/DEBUG] [mixin/]: mixins.arclight.core.json:world.level.GameRules_ValueMixin from mod (unknown)->@Inject::arclight$invokeLocalCallback(Lcom/mojang/brigadier/context/CommandContext;Ljava/lang/String;Lorg/spongepowered/asm/mixin/injection/callback/CallbackInfo;)V has 0 override(s) in child classes
[076月2026 16:52:19.571] [main/DEBUG] [mixin/]: mixins.arclight.core.json:world.level.GameRules_ValueMixin from mod (unknown)->@Inject::arclight$invokeLocalCallback(Lcom/mojang/brigadier/context/CommandContext;Ljava/lang/String;Lorg/spongepowered/asm/mixin/injection/callback/CallbackInfo;)V won't be passed a CallbackInfo as a result
[076月2026 16:52:19.572] [main/DEBUG] [mixin/]: Mixing world.level.GameRules_TypeMixin from mixins.arclight.core.json into net.minecraft.world.level.GameRules$Type
[076月2026 16:52:19.573] [main/DEBUG] [mixin/]: Mixing world.level.GameRules_IntegerValueMixin from mixins.arclight.core.json into net.minecraft.world.level.GameRules$IntegerValue
[076月2026 16:52:19.750] [main/DEBUG] [Implementer/SWITCH_TABLE]: Candidate switch enum method <clinit>()V class net/minecraft/world/level/levelgen/structure/structures/JigsawStructure$1
[076月2026 16:52:19.959] [main/INFO] [net.minecraft.server.Main/]: No existing world data, creating new world
[076月2026 16:52:19.972] [main/DEBUG] [mixin/]: Mixing world.level.storage.PrimaryLevelDataMixin from mixins.arclight.core.json into net.minecraft.world.level.storage.PrimaryLevelData
[076月2026 16:52:19.976] [main/DEBUG] [mixin/]: mixins.arclight.core.json:world.level.storage.PrimaryLevelDataMixin from mod (unknown)->@Inject::arclight$thunder(ZLorg/spongepowered/asm/mixin/injection/callback/CallbackInfo;)V does use it's CallbackInfo
[076月2026 16:52:19.976] [main/DEBUG] [mixin/]: mixins.arclight.core.json:world.level.storage.PrimaryLevelDataMixin from mod (unknown)->@Inject::arclight$storm(ZLorg/spongepowered/asm/mixin/injection/callback/CallbackInfo;)V does use it's CallbackInfo
[076月2026 16:52:19.976] [main/DEBUG] [mixin/]: mixins.arclight.core.json:world.level.storage.PrimaryLevelDataMixin from mod (unknown)->@Inject::arclight$sendDiffChange(Lnet/minecraft/world/Difficulty;Lorg/spongepowered/asm/mixin/injection/callback/CallbackInfo;)V doesn't use it's CallbackInfo
[076月2026 16:52:19.976] [main/DEBUG] [mixin/]: mixins.arclight.core.json:world.level.storage.PrimaryLevelDataMixin from mod (unknown)->@Inject::arclight$sendDiffChange(Lnet/minecraft/world/Difficulty;Lorg/spongepowered/asm/mixin/injection/callback/CallbackInfo;)V has 0 override(s) in child classes
[076月2026 16:52:19.976] [main/DEBUG] [mixin/]: mixins.arclight.core.json:world.level.storage.PrimaryLevelDataMixin from mod (unknown)->@Inject::arclight$sendDiffChange(Lnet/minecraft/world/Difficulty;Lorg/spongepowered/asm/mixin/injection/callback/CallbackInfo;)V won't be passed a CallbackInfo as a result
[076月2026 16:52:19.985] [main/DEBUG] [mixin/]: Mixing world.level.storage.loot.LootDataTypeMixin from mixins.arclight.core.json into net.minecraft.world.level.storage.loot.LootDataType
[076月2026 16:52:19.985] [main/DEBUG] [mixin/]: Renaming synthetic method lambda$arclight$setHandle$0(Lnet/minecraft/world/level/storage/loot/LootDataType$Validator;Lnet/minecraft/world/level/storage/loot/ValidationContext;Lnet/minecraft/resources/ResourceKey;Lnet/minecraft/world/level/storage/loot/LootTable;)V to md93a37e$lambda$arclight$setHandle$0$0 in mixins.arclight.core.json:world.level.storage.loot.LootDataTypeMixin from mod (unknown)
[076月2026 16:52:19.986] [main/DEBUG] [mixin/]: mixins.arclight.core.json:world.level.storage.loot.LootDataTypeMixin from mod (unknown)->@Inject::arclight$setHandle(Lorg/spongepowered/asm/mixin/injection/callback/CallbackInfoReturnable;)V does use it's CallbackInfoReturnable
[076月2026 16:52:20.023] [Worker-Main-3/DEBUG] [mixin/]: Mixing neoforge.EventHooksMixin from mixins.arclight.neoforge.json into net.neoforged.neoforge.event.EventHooks
[076月2026 16:52:20.024] [Worker-Main-3/DEBUG] [mixin/]: mixins.arclight.neoforge.json:neoforge.EventHooksMixin from mod (unknown)->@Inject::arclight$captureDirection(Lnet/minecraft/world/entity/Entity;Lnet/neoforged/neoforge/common/util/BlockSnapshot;Lnet/minecraft/core/Direction;Lorg/spongepowered/asm/mixin/injection/callback/CallbackInfoReturnable;)V doesn't use it's CallbackInfoReturnable
[076月2026 16:52:20.024] [Worker-Main-3/DEBUG] [mixin/]: mixins.arclight.neoforge.json:neoforge.EventHooksMixin from mod (unknown)->@Inject::arclight$captureDirection(Lnet/minecraft/world/entity/Entity;Ljava/util/List;Lnet/minecraft/core/Direction;Lorg/spongepowered/asm/mixin/injection/callback/CallbackInfoReturnable;)V doesn't use it's CallbackInfoReturnable
[076月2026 16:52:20.109] [Worker-Main-3/DEBUG] [mixin/]: Mixing world.item.crafting.RecipeManagerMixin from mixins.arclight.core.json into net.minecraft.world.item.crafting.RecipeManager
[076月2026 16:52:20.110] [Worker-Main-3/DEBUG] [mixin/]: Renaming synthetic method lambda$removeRecipe$1(Lnet/minecraft/resources/ResourceLocation;Lnet/minecraft/world/item/crafting/RecipeHolder;)Z to md93a37e$lambda$removeRecipe$1$0 in mixins.arclight.core.json:world.item.crafting.RecipeManagerMixin from mod (unknown)
[076月2026 16:52:20.110] [Worker-Main-3/DEBUG] [mixin/]: Renaming synthetic method lambda$getRecipeFor$0(Lnet/minecraft/world/item/crafting/RecipeInput;Lnet/minecraft/world/level/Level;Lnet/minecraft/world/item/crafting/RecipeHolder;)Z to md93a37e$lambda$getRecipeFor$0$1 in mixins.arclight.core.json:world.item.crafting.RecipeManagerMixin from mod (unknown)
[076月2026 16:52:20.111] [Worker-Main-3/DEBUG] [mixin/]: Mixing core.world.item.crafting.RecipeManagerMixin_NeoForge from mixins.arclight.neoforge.json into net.minecraft.world.item.crafting.RecipeManager
[076月2026 16:52:20.114] [Worker-Main-3/DEBUG] [mixin/]: mixins.arclight.core.json:world.item.crafting.RecipeManagerMixin from mod (unknown)->@Inject::arclight$makeMutable(Ljava/util/Map;Lnet/minecraft/server/packs/resources/ResourceManager;Lnet/minecraft/util/profiling/ProfilerFiller;Lorg/spongepowered/asm/mixin/injection/callback/CallbackInfo;)V doesn't use it's CallbackInfo
[076月2026 16:52:20.114] [Worker-Main-3/DEBUG] [mixin/]: mixins.arclight.core.json:world.item.crafting.RecipeManagerMixin from mod (unknown)->@Inject::arclight$makeMutable(Ljava/util/Map;Lnet/minecraft/server/packs/resources/ResourceManager;Lnet/minecraft/util/profiling/ProfilerFiller;Lorg/spongepowered/asm/mixin/injection/callback/CallbackInfo;)V has 0 override(s) in child classes
[076月2026 16:52:20.114] [Worker-Main-3/DEBUG] [mixin/]: mixins.arclight.core.json:world.item.crafting.RecipeManagerMixin from mod (unknown)->@Inject::arclight$makeMutable(Ljava/util/Map;Lnet/minecraft/server/packs/resources/ResourceManager;Lnet/minecraft/util/profiling/ProfilerFiller;Lorg/spongepowered/asm/mixin/injection/callback/CallbackInfo;)V won't be passed a CallbackInfo as a result
[076月2026 16:52:20.114] [Worker-Main-3/DEBUG] [mixin/]: mixins.arclight.core.json:world.item.crafting.RecipeManagerMixin from mod (unknown)->@Inject::arclight$replaceMutable(Ljava/lang/Iterable;Lorg/spongepowered/asm/mixin/injection/callback/CallbackInfo;)V doesn't use it's CallbackInfo
[076月2026 16:52:20.114] [Worker-Main-3/DEBUG] [mixin/]: mixins.arclight.core.json:world.item.crafting.RecipeManagerMixin from mod (unknown)->@Inject::arclight$replaceMutable(Ljava/lang/Iterable;Lorg/spongepowered/asm/mixin/injection/callback/CallbackInfo;)V has 0 override(s) in child classes
[076月2026 16:52:20.114] [Worker-Main-3/DEBUG] [mixin/]: mixins.arclight.core.json:world.item.crafting.RecipeManagerMixin from mod (unknown)->@Inject::arclight$replaceMutable(Ljava/lang/Iterable;Lorg/spongepowered/asm/mixin/injection/callback/CallbackInfo;)V won't be passed a CallbackInfo as a result
[076月2026 16:52:20.119] [Worker-Main-3/DEBUG] [mixin/]: Mixing commands.CommandsMixin from mixins.arclight.core.json into net.minecraft.commands.Commands
[076月2026 16:52:20.119] [Worker-Main-3/DEBUG] [mixin/]: Renaming synthetic method lambda$sendCommands$3(Lcom/mojang/brigadier/suggestion/SuggestionProvider;)Lcom/mojang/brigadier/suggestion/SuggestionProvider; to md93a37e$lambda$sendCommands$3$0 in mixins.arclight.core.json:commands.CommandsMixin from mod (unknown)
[076月2026 16:52:20.119] [Worker-Main-3/DEBUG] [mixin/]: Renaming synthetic method lambda$sendCommands$2(Lcom/mojang/brigadier/context/CommandContext;)I to md93a37e$lambda$sendCommands$2$1 in mixins.arclight.core.json:commands.CommandsMixin from mod (unknown)
[076月2026 16:52:20.119] [Worker-Main-3/DEBUG] [mixin/]: Renaming synthetic method lambda$sendCommands$1(Lcom/mojang/brigadier/suggestion/SuggestionProvider;)Lcom/mojang/brigadier/suggestion/SuggestionProvider; to md93a37e$lambda$sendCommands$1$2 in mixins.arclight.core.json:commands.CommandsMixin from mod (unknown)
[076月2026 16:52:20.119] [Worker-Main-3/DEBUG] [mixin/]: Renaming synthetic method lambda$sendCommands$0(Lcom/mojang/brigadier/context/CommandContext;)I to md93a37e$lambda$sendCommands$0$3 in mixins.arclight.core.json:commands.CommandsMixin from mod (unknown)
[076月2026 16:52:20.122] [Worker-Main-3/DEBUG] [mixin/]: Mixing core.commands.CommandsMixin_NeoForge from mixins.arclight.neoforge.json into net.minecraft.commands.Commands
[076月2026 16:52:20.182] [Worker-Main-3/DEBUG] [mixin/]: Mixing server.commands.EffectCommandsMixin from mixins.arclight.core.json into net.minecraft.server.commands.EffectCommands
[076月2026 16:52:20.183] [Worker-Main-3/DEBUG] [mixin/]: mixins.arclight.core.json:server.commands.EffectCommandsMixin from mod (unknown)->@Inject::arclight$addReason(Lnet/minecraft/commands/CommandSourceStack;Ljava/util/Collection;Lnet/minecraft/core/Holder;Ljava/lang/Integer;IZLorg/spongepowered/asm/mixin/injection/callback/CallbackInfoReturnable;)V doesn't use it's CallbackInfoReturnable
[076月2026 16:52:20.183] [Worker-Main-3/DEBUG] [mixin/]: mixins.arclight.core.json:server.commands.EffectCommandsMixin from mod (unknown)->@Inject::arclight$removeAllReason(Lnet/minecraft/commands/CommandSourceStack;Ljava/util/Collection;Lorg/spongepowered/asm/mixin/injection/callback/CallbackInfoReturnable;)V doesn't use it's CallbackInfoReturnable
[076月2026 16:52:20.183] [Worker-Main-3/DEBUG] [mixin/]: mixins.arclight.core.json:server.commands.EffectCommandsMixin from mod (unknown)->@Inject::arclight$removeReason(Lnet/minecraft/commands/CommandSourceStack;Ljava/util/Collection;Lnet/minecraft/core/Holder;Lorg/spongepowered/asm/mixin/injection/callback/CallbackInfoReturnable;)V doesn't use it's CallbackInfoReturnable
[076月2026 16:52:20.189] [Worker-Main-3/DEBUG] [mixin/]: Mixing server.commands.GameRuleCommandMixin from mixins.arclight.core.json into net.minecraft.server.commands.GameRuleCommand
[076月2026 16:52:20.203] [Worker-Main-3/DEBUG] [mixin/]: Mixing server.commands.PlaceCommandMixin from mixins.arclight.core.json into net.minecraft.server.commands.PlaceCommand
[076月2026 16:52:20.204] [Worker-Main-3/DEBUG] [mixin/]: mixins.arclight.core.json:server.commands.PlaceCommandMixin from mod (unknown)->@Inject::arclight$cause(Lnet/minecraft/commands/CommandSourceStack;Lnet/minecraft/core/Holder$Reference;Lnet/minecraft/core/BlockPos;Lorg/spongepowered/asm/mixin/injection/callback/CallbackInfoReturnable;Lnet/minecraft/server/level/ServerLevel;Lnet/minecraft/world/level/levelgen/structure/Structure;Lnet/minecraft/world/level/chunk/ChunkGenerator;Lnet/minecraft/world/level/levelgen/structure/StructureStart;)V doesn't use it's CallbackInfoReturnable
[076月2026 16:52:20.209] [Worker-Main-3/DEBUG] [mixin/]: Mixing server.commands.ReloadCommandMixin from mixins.arclight.core.json into net.minecraft.server.commands.ReloadCommand
[076月2026 16:52:20.219] [Worker-Main-3/DEBUG] [mixin/]: Mixing server.commands.SetSpawnCommandMixin from mixins.arclight.core.json into net.minecraft.server.commands.SetSpawnCommand
[076月2026 16:52:20.219] [Worker-Main-3/DEBUG] [mixin/]: mixins.arclight.core.json:server.commands.SetSpawnCommandMixin from mod (unknown)->@Inject::arclight$cause(Lnet/minecraft/commands/CommandSourceStack;Ljava/util/Collection;Lnet/minecraft/core/BlockPos;FLorg/spongepowered/asm/mixin/injection/callback/CallbackInfoReturnable;)V doesn't use it's CallbackInfoReturnable
[076月2026 16:52:20.224] [Worker-Main-3/DEBUG] [mixin/]: Mixing server.commands.SummonCommandMixin from mixins.arclight.core.json into net.minecraft.server.commands.SummonCommand
[076月2026 16:52:20.224] [Worker-Main-3/DEBUG] [mixin/]: mixins.arclight.core.json:server.commands.SummonCommandMixin from mod (unknown)->@Inject::arclight$summonReason(Lnet/minecraft/commands/CommandSourceStack;Lnet/minecraft/core/Holder$Reference;Lnet/minecraft/world/phys/Vec3;Lnet/minecraft/nbt/CompoundTag;ZLorg/spongepowered/asm/mixin/injection/callback/CallbackInfoReturnable;)V doesn't use it's CallbackInfoReturnable
[076月2026 16:52:20.228] [Worker-Main-3/DEBUG] [mixin/]: Mixing server.commands.TeleportCommandMixin from mixins.arclight.core.json into net.minecraft.server.commands.TeleportCommand
[076月2026 16:52:20.234] [Worker-Main-3/DEBUG] [mixin/]: Mixing server.commands.TimeCommandMixin from mixins.arclight.core.json into net.minecraft.server.commands.TimeCommand
[076月2026 16:52:20.238] [Worker-Main-3/DEBUG] [mixin/]: Mixing server.commands.WorldBorderCommandMixin from mixins.arclight.core.json into net.minecraft.server.commands.WorldBorderCommand
[076月2026 16:52:20.275] [Worker-Main-3/DEBUG] [mixin/]: Mixing server.players.BanListEntryMixin from mixins.arclight.core.json into net.minecraft.server.players.BanListEntry
[076月2026 16:52:20.285] [Worker-Main-3/DEBUG] [mixin/]: Mixing server.ServerTickRateManagerMixin from mixins.arclight.core.json into net.minecraft.server.ServerTickRateManager
[076月2026 16:52:20.293] [Worker-Main-3/DEBUG] [mixin/]: Mixing server.ServerAdvancementManagerMixin from mixins.arclight.core.json into net.minecraft.server.ServerAdvancementManager
[076月2026 16:52:20.294] [Worker-Main-3/DEBUG] [mixin/]: mixins.arclight.core.json:server.ServerAdvancementManagerMixin from mod (unknown)->@Inject::arclight$buildMutable(Ljava/util/Map;Lnet/minecraft/server/packs/resources/ResourceManager;Lnet/minecraft/util/profiling/ProfilerFiller;Lorg/spongepowered/asm/mixin/injection/callback/CallbackInfo;)V doesn't use it's CallbackInfo
[076月2026 16:52:20.294] [Worker-Main-3/DEBUG] [mixin/]: mixins.arclight.core.json:server.ServerAdvancementManagerMixin from mod (unknown)->@Inject::arclight$buildMutable(Ljava/util/Map;Lnet/minecraft/server/packs/resources/ResourceManager;Lnet/minecraft/util/profiling/ProfilerFiller;Lorg/spongepowered/asm/mixin/injection/callback/CallbackInfo;)V has 0 override(s) in child classes
[076月2026 16:52:20.294] [Worker-Main-3/DEBUG] [mixin/]: mixins.arclight.core.json:server.ServerAdvancementManagerMixin from mod (unknown)->@Inject::arclight$buildMutable(Ljava/util/Map;Lnet/minecraft/server/packs/resources/ResourceManager;Lnet/minecraft/util/profiling/ProfilerFiller;Lorg/spongepowered/asm/mixin/injection/callback/CallbackInfo;)V won't be passed a CallbackInfo as a result
[076月2026 16:52:20.416] [main/DEBUG] [mixin/]: Mixing world.item.crafting.RecipeHolderMixin from mixins.arclight.core.json into net.minecraft.world.item.crafting.RecipeHolder
[076月2026 16:52:20.454] [main/INFO] [net.minecraft.world.item.crafting.RecipeManager/]: Loaded 1290 recipes
[076月2026 16:52:20.468] [main/DEBUG] [mixin/]: Mixing advancements.AdvancementHolderMixin from mixins.arclight.core.json into net.minecraft.advancements.AdvancementHolder
[076月2026 16:52:20.503] [NeoForge Version Check/DEBUG] [net.neoforged.fml.VersionChecker/]: [simplebackups] Received version check data:
{
  "homepage": "https://www.curseforge.com/minecraft/mc-mods/simple-backups",
  "promos": {
    "1.18.1-latest": "1.18.1-1.0.1",
    "1.18.2-recommended": "1.18.2-1.1.18",
    "1.18.2-latest": "1.18.2-1.1.18",
    "1.19-recommended": "1.19-2.0.2",
    "1.19-latest": "1.19-2.0.2",
    "1.19.1-recommended": "1.19.1-2.1.15",
    "1.19.1-latest": "1.19.1-2.1.15",
    "1.19.2-recommended": "1.19.1-2.1.12",
    "1.19.2-latest": "1.19.1-2.1.12",
    "1.19.3-recommended": "1.19.1-2.1.12",
    "1.19.3-latest": "1.19.1-2.1.12",
    "1.19.4-recommended": "1.19.4-2.2.11",
    "1.19.4-latest": "1.19.4-2.2.11",
    "1.20-recommended": "1.20-3.0.0",
    "1.20-latest": "1.20-3.0.0",
    "1.20.1-recommended": "1.20.1-3.1.18",
    "1.20.1-latest": "1.20.1-3.1.24",
    "1.21-recommended": "1.21-4.0.7",
    "1.21-latest": "1.21-4.0.7",
    "1.21.1-recommended": "1.21-4.0.21",
    "1.21.1-latest": "1.21-4.0.30",
    "1.21.10-recommended": "21.9.1",
    "1.21.10-latest": "21.9.10",
    "1.21.11-latest": "21.11.6",
    "1.21.2-recommended": "1.21-4.0.21",
    "1.21.2-latest": "1.21-4.0.30",
    "1.21.3-recommended": "1.21-4.0.21",
    "1.21.3-latest": "1.21-4.0.30",
    "1.21.4-recommended": "1.21-4.0.21",
    "1.21.4-latest": "1.21-4.0.30",
    "1.21.5-recommended": "21.5.8",
    "1.21.5-latest": "21.5.8",
    "1.21.6-recommended": "21.6.4",
    "1.21.6-latest": "21.6.13",
    "1.21.7-recommended": "21.6.4",
    "1.21.7-latest": "21.6.13",
    "1.21.8-recommended": "21.6.4",
    "1.21.8-latest": "21.6.13",
    "1.21.9-recommended": "21.9.1",
    "1.21.9-latest": "21.9.10",
    "26.1-latest": "26.1.3",
    "26.1.1-latest": "26.1.3",
    "26.1.2-latest": "26.1.3"
  },
  "1.18.1": {
    "1.18.1-1.0.0": "add badges to Readme - MelanX",
    "1.18.1-1.0.1": "fix display test when server has the mod and client doesn't - MelanX"
  },
  "1.18.2": {
    "1.18.2-1.1.0": "Update to 1.18.2 - MelanX",
    "1.18.2-1.1.1": "Add config for output directory - MelanX",
    "1.18.2-1.1.2": "Add config to disable messages - MelanX",
    "1.18.2-1.1.3": "See 1.1.2, real change is not working",
    "1.18.2-1.1.4": "add command to start backup manually - MelanX\nMerge remote-tracking branch 'origin/1.18.x' into 1.18.x - MelanX\nfix possible crash - MelanX\nremove spam in log - MelanX\nRevert \"Allow 1.18.2 version on 1.18.1\" - MelanX",
    "1.18.2-1.1.5": "add update json url - MelanX",
    "1.18.2-1.1.6": "fix backup not working correctly when using symbolic junction links - MelanX",
    "1.18.2-1.1.7": "delete files in backup thread -> prevents server crashing - MelanX",
    "1.18.2-1.1.8": "fix values in message not being replaced when mod not on client - MelanX",
    "1.18.2-1.1.9": "fix backup on each world join - MelanX",
    "1.18.2-1.1.10": "add mc2discord compat - MelanX",
    "1.18.2-1.1.11": "add config to only back up modified data - MelanX",
    "1.18.2-1.1.12": "you need cheats enabled to use commands now - MelanX",
    "1.18.2-1.1.13": "fix directories result in infinite loop - MelanX",
    "1.18.2-1.1.14": "add a way to restore incremental backups - MelanX",
    "1.18.2-1.1.15": "add config to extend backups path with level name - MelanX\nadd timer for full backups when only modified files should be saved - MelanX\nadd config that all users receive the messages (default true) - MelanX\nadd compression level config - MelanX\nadd config to completely disable the mod - MelanX\nadd server config to allow using commands without cheats enabled - MelanX\nadd command to pause backups - MelanX",
    "1.18.2-1.1.16": "Add config to save-all before backup - MelanX",
    "1.18.2-1.1.17": "Add better logging when triggering a backup on server - MelanX\nHandle missing files during backup - MelanX",
    "1.18.2-1.1.18": "Improve exception detail for failed file backups - MelanX\nAdd \"biomancy.spatial.db\" as hard-coded ignored file - MelanX"
  },
  "1.19": {
    "1.19-2.0.0": "port to 1.19 - MelanX",
    "1.19-2.0.1": "fix backup on each world join - MelanX",
    "1.19-2.0.2": "Update to Forge 41.0.98+ - MelanX"
  },
  "1.19.1": {
    "1.19.1-2.1.0": "port to 1.19.1 - MelanX",
    "1.19.1-2.1.1": "",
    "1.19.1-2.1.2": "add config to only back up modified data - MelanX",
    "1.19.1-2.1.3": "you need cheats enabled to use commands now - MelanX\nadd command to pause backups - MelanX",
    "1.19.1-2.1.4": "add server config to allow using commands without cheats enabled - MelanX",
    "1.19.1-2.1.5": "add config to completely disable the mod - MelanX",
    "1.19.1-2.1.6": "fix wrong config comment - MelanX",
    "1.19.1-2.1.7": "Merge pull request #10 from FITFC/1.19.x - MelanX\nadded lang/pt-br - FITFC",
    "1.19.1-2.1.8": "Merge remote-tracking branch 'origin/1.19.x' into 1.19.x - MelanX\nadd compression level config - MelanX",
    "1.19.1-2.1.9": "Merge pull request #13 from KnottyManatee55/patch-1 - MelanX\nadd timer for full backups when only modified files should be saved - MelanX\nadd config that all users receive the messages (default true) - MelanX\nupdate badges - MelanX\nAdding Russian localization - Dmitry Kiselev",
    "1.19.1-2.1.10": "fix directories result in infinite loop - MelanX",
    "1.19.1-2.1.11": "tr_tr.json Turkish Localization (1.19.x) - RuyaSavascisi\nadd config to extend backups path with level name - MelanX\nadd a way to restore incremental backups - MelanX\nfix symlink worlds - MelanX\nfix location of ru_ru.json - MelanX",
    "1.19.1-2.1.12": "Add config to save-all before backup - MelanX",
    "1.19.1-2.1.14": "Add better logging when triggering a backup on server - MelanX\nHandle missing files during backup - MelanX",
    "1.19.1-2.1.15": "Improve exception detail for failed file backups - MelanX\nAdd \"biomancy.spatial.db\" as hard-coded ignored file - MelanX"
  },
  "1.19.2": {
    "1.19.1-2.1.0": "port to 1.19.1 - MelanX",
    "1.19.1-2.1.1": "",
    "1.19.1-2.1.2": "add config to only back up modified data - MelanX",
    "1.19.1-2.1.3": "you need cheats enabled to use commands now - MelanX\nadd command to pause backups - MelanX",
    "1.19.1-2.1.4": "add server config to allow using commands without cheats enabled - MelanX",
    "1.19.1-2.1.5": "add config to completely disable the mod - MelanX",
    "1.19.1-2.1.6": "fix wrong config comment - MelanX",
    "1.19.1-2.1.7": "Merge pull request #10 from FITFC/1.19.x - MelanX\nadded lang/pt-br - FITFC",
    "1.19.1-2.1.8": "Merge remote-tracking branch 'origin/1.19.x' into 1.19.x - MelanX\nadd compression level config - MelanX",
    "1.19.1-2.1.9": "Merge pull request #13 from KnottyManatee55/patch-1 - MelanX\nadd timer for full backups when only modified files should be saved - MelanX\nadd config that all users receive the messages (default true) - MelanX\nupdate badges - MelanX\nAdding Russian localization - Dmitry Kiselev",
    "1.19.1-2.1.10": "fix directories result in infinite loop - MelanX",
    "1.19.1-2.1.11": "tr_tr.json Turkish Localization (1.19.x) - RuyaSavascisi\nadd config to extend backups path with level name - MelanX\nadd a way to restore incremental backups - MelanX\nfix symlink worlds - MelanX\nfix location of ru_ru.json - MelanX",
    "1.19.1-2.1.12": "Add config to save-all before backup - MelanX"
  },
  "1.19.3": {
    "1.19.1-2.1.4": "add server config to allow using commands without cheats enabled - MelanX",
    "1.19.1-2.1.5": "add config to completely disable the mod - MelanX",
    "1.19.1-2.1.9": "Merge pull request #13 from KnottyManatee55/patch-1 - MelanX\nadd timer for full backups when only modified files should be saved - MelanX\nadd config that all users receive the messages (default true) - MelanX\nupdate badges - MelanX\nAdding Russian localization - Dmitry Kiselev",
    "1.19.1-2.1.10": "fix directories result in infinite loop - MelanX",
    "1.19.1-2.1.11": "tr_tr.json Turkish Localization (1.19.x) - RuyaSavascisi\nadd config to extend backups path with level name - MelanX\nadd a way to restore incremental backups - MelanX\nfix symlink worlds - MelanX\nfix location of ru_ru.json - MelanX",
    "1.19.1-2.1.12": "Add config to save-all before backup - MelanX"
  },
  "1.19.4": {
    "1.19.4-2.2.0": "1.19.4 - MelanX",
    "1.19.4-2.2.1": "fix directories result in infinite loop - MelanX",
    "1.19.4-2.2.2": "fix location of ru_ru.json - MelanX",
    "1.19.4-2.2.3": "fix display test if not present on any side - MelanX",
    "1.19.4-2.2.4": "fix mc2discord messages - MelanX\nfix incorrect version tags - MelanX",
    "1.19.4-2.2.5": "fix symlink worlds - MelanX\nfix mc2discord compat (hopefully) - MelanX",
    "1.19.4-2.2.6": "add a way to restore incremental backups - MelanX",
    "1.19.4-2.2.7": "add config to extend backups path with level name - MelanX",
    "1.19.4-2.2.8": "tr_tr.json Turkish Localization (1.19.x) - RuyaSavascisi",
    "1.19.4-2.2.9": "Add config to save-all before backup - MelanX",
    "1.19.4-2.2.10": "Add better logging when triggering a backup on server - MelanX\nHandle missing files during backup - MelanX",
    "1.19.4-2.2.11": "Improve exception detail for failed file backups - MelanX\nAdd \"biomancy.spatial.db\" as hard-coded ignored file - MelanX"
  },
  "1.20": {
    "1.20-3.0.0": "1.20 - MelanX"
  },
  "1.20.1": {
    "1.20.1-3.1.0": "1.20.1 - MelanX\nadd links to commits in changelog - MelanX",
    "1.20.1-3.1.1": "fix display test if not present on any side - MelanX",
    "1.20.1-3.1.2": "fix mc2discord messages - MelanX",
    "1.20.1-3.1.3": "fix symlink worlds - MelanX\nfix mc2discord compat (hopefully) - MelanX",
    "1.20.1-3.1.4": "add a way to restore incremental backups - MelanX",
    "1.20.1-3.1.5": "add config to allow backups when nobody is online - MelanX",
    "1.20.1-3.1.6": "add config to extend backups path with level name - MelanX",
    "1.20.1-3.1.7": "tr_tr.json Turkish Localization (1.20.x) (#34) - RuyaSavascisi",
    "1.20.1-3.1.8": "Add tick counter option - MelanX",
    "1.20.1-3.1.9": "Add option to exclude files/directories - MelanX\nImprove compression level config comments for clarity - MelanX",
    "1.20.1-3.1.10": "Fix backups being empty - MelanX",
    "1.20.1-3.1.11": "Add config to save-all before backup - MelanX",
    "1.20.1-3.1.12": "Add better logging when triggering a backup on server - MelanX\nHandle missing files during backup - MelanX",
    "1.20.1-3.1.13": "Add disk space check before backup creation - MelanX",
    "1.20.1-3.1.15": "Handle missing files during backup - MelanX",
    "1.20.1-3.1.16": "Fix temporary files during backup cause error backing up - MelanX",
    "1.20.1-3.1.17": "Add config to only backup favorite worlds (Cherished Worlds compat) - MelanX",
    "1.20.1-3.1.18": "Improve exception detail for failed file backups - MelanX\nAdd \"biomancy.spatial.db\" as hard-coded ignored file - MelanX",
    "1.20.1-3.1.19": "Fix full backup ran every time on MODIFIED_SINCE_LAST on too high full backup timers - MelanX",
    "1.20.1-3.1.21": "Improve error handling - MelanX",
    "1.20.1-3.1.22": "Fix all files being treated as error - MelanX",
    "1.20.1-3.1.23": "Add JVM argument -Dsimplebackups.disableBackups to disable automatic backups - MelanX",
    "1.20.1-3.1.24": "Fix backups not being created due to inverted JVM disable check - MelanX"
  },
  "1.21": {
    "1.21-4.0.0": "1.21 - MelanX",
    "1.21-4.0.1": "fix network net working - MelanX",
    "1.21-4.0.2": "fix crash on newer neoforge version - MelanX\nupdate badges - MelanX",
    "1.21-4.0.3": "Create zh_cn (#30) - Cactus_student",
    "1.21-4.0.4": "Add Traditional Chinese (zh_tw.json) (#31) - dirtTW",
    "1.21-4.0.5": "tr_tr.json Turkish Localization (1.21.x) (#35) - RuyaSavascisi",
    "1.21-4.0.6": "Add tick counter option - MelanX",
    "1.21-4.0.7": "Japanese translation added (#37) - Konuma Takaki"
  },
  "1.21.1": {
    "1.21-4.0.6": "Add tick counter option - MelanX",
    "1.21-4.0.7": "Japanese translation added (#37) - Konuma Takaki",
    "1.21-4.0.8": "Fix translations for clients without mod installed - MelanX",
    "1.21-4.0.9": "Add config screen support - MelanX\nFix translations for clients without mod installed - MelanX\nJapanese translation added (#37) - Konuma Takaki\nAdd tick counter option - MelanX\ntr_tr.json Turkish Localization (1.21.x) (#35) - RuyaSavascisi\nAdd Traditional Chinese (zh_tw.json) (#31) - dirtTW\nCreate zh_cn (#30) - Cactus_student\nMerge remote-tracking branch 'origin/1.21.x' into 1.21.x - MelanX\nfix crash on newer neoforge version - MelanX\nupdate badges - MelanX\nfix network net working - MelanX\nmore fixes - MelanX\nfixes - MelanX\nadd some more configuration - MelanX\nstart working on neoforge - MelanX\nAdd temporary maven stuff - MelanX\nadd config to extend backups path with level name - MelanX\nadd config to allow backups when nobody is online - MelanX\nadd a way to restore incremental backups - MelanX\nfix symlink worlds - MelanX\nfix mc2discord compat (hopefully) - MelanX\nfix mc2discord messages - MelanX\nfix display test if not present on any side - MelanX\n1.20.1 - MelanX\nadd links to commits in changelog - MelanX\nfix location of ru_ru.json - MelanX\n1.20 - MelanX\nfix directories result in infinite loop - MelanX\n1.19.4 - MelanX\nMerge pull request #13 from KnottyManatee55/patch-1 - MelanX\nadd timer for full backups when only modified files should be saved - MelanX\nadd config that all users receive the messages (default true) - MelanX\nupdate badges - MelanX\nAdding Russian localization - Dmitry Kiselev\nMerge remote-tracking branch 'origin/1.19.x' into 1.19.x - MelanX\nadd compression level config - MelanX\nMerge pull request #10 from FITFC/1.19.x - MelanX\nadded lang/pt-br - FITFC\nfix wrong config comment - MelanX\nadd config to completely disable the mod - MelanX\nadd server config to allow using commands without cheats enabled - MelanX\nyou need cheats enabled to use commands now - MelanX\nadd command to pause backups - MelanX\nadd config to only back up modified data - MelanX\nadd mc2discord compat - MelanX\nbump version - MelanX\nport to 1.19.1 - MelanX\nUpdate to Forge 41.0.98+ - MelanX\nfix backup on each world join - MelanX\nport to 1.19 - MelanX\nfix values in message not being replaced when mod not on client - MelanX\ndelete files in backup thread -> prevents server crashing - MelanX\nfix backup not working correctly when using symbolic junction links - MelanX\nadd update json url - MelanX\nadd command to start backup manually - MelanX\nMerge remote-tracking branch 'origin/1.18.x' into 1.18.x - MelanX\nfix possible crash - MelanX\nremove spam in log - MelanX\nRevert \"Allow 1.18.2 version on 1.18.1\" - MelanX\nAllow 1.18.2 version on 1.18.1 - MelanX\nAllow 1.18.2 version on 1.18.1 - MelanX\nAdd config to disable messages - MelanX\nAdd config for output directory - MelanX\nUpdate to 1.18.2 - MelanX\nfix display test when server has the mod and client doesn't - MelanX\nadd badges to Readme - MelanX\nInitial release - MelanX",
    "1.21-4.0.10": "Fix server crash - MelanX",
    "1.21-4.0.12": "Add option to exclude files/directories - MelanX",
    "1.21-4.0.13": "Add translations for ignored paths and files configuration - MelanX\nImprove compression level config comments for clarity - MelanX",
    "1.21-4.0.14": "Update ru_ru.json (#49) - Korben",
    "1.21-4.0.15": "Add config to save-all before backup - MelanX",
    "1.21-4.0.16": "Add better logging when triggering a backup on server - MelanX\nHandle missing files during backup - MelanX",
    "1.21-4.0.17": "Handle missing files during backup - MelanX",
    "1.21-4.0.18": "Add disk space check before backup creation - MelanX",
    "1.21-4.0.19": "Fix temporary files during backup cause error backing up - MelanX",
    "1.21-4.0.20": "Add config to only backup favorite worlds (Cherished Worlds compat) - MelanX",
    "1.21-4.0.21": "Improve exception detail for failed file backups - MelanX\nAdd \"biomancy.spatial.db\" as hard-coded ignored file - MelanX",
    "1.21-4.0.22": "Mark as beta because of new error handling - MelanX\nImprove error handling - MelanX",
    "1.21-4.0.23": "Fix full backup ran every time on MODIFIED_SINCE_LAST on too high full backup timers - MelanX",
    "1.21-4.0.24": "Add experimental backup chains system - MelanX",
    "1.21-4.0.25": "Add JVM argument -Dsimplebackups.disableBackups to disable automatic backups - MelanX",
    "1.21-4.0.26": "fix clarify warning about MODIFIED_SINCE_LAST backup type - MelanX",
    "1.21-4.0.27": "Add option to create N backups when there are no players (#68) - MelanX",
    "1.21-4.0.28": "Fix backups not being created due to inverted JVM disable check - MelanX",
    "1.21-4.0.29": "Fix timer formatting for non-UTC timezones and backup times over one hour - MelanX\nAdd latest.log during backup to zip file (configurable) - MelanX\nFix \"backup paused\" rendering - MelanX",
    "1.21-4.0.30": "Fix noPlayerBackupCount has no effect - MelanX"
  },
  "1.21.10": {
    "21.9.0": "1.21.9 - MelanX",
    "21.9.1": "Improve exception detail for failed file backups - MelanX\nAdd \"biomancy.spatial.db\" as hard-coded ignored file - MelanX",
    "21.9.2": "Mark as beta because of new error handling - MelanX\nImprove error handling - MelanX",
    "21.9.3": "Fix full backup ran every time on MODIFIED_SINCE_LAST on too high full backup timers - MelanX",
    "21.9.4": "Add experimental backup chains system - MelanX\nI hope nothing breaks, more info on GitHub",
    "21.9.5": "Add JVM argument -Dsimplebackups.disableBackups to disable automatic backups - MelanX",
    "21.9.6": "fix clarify warning about MODIFIED_SINCE_LAST backup type - MelanX",
    "21.9.8": "Fix backups not being created due to inverted JVM disable check - MelanX\nAdd option to create N backups when there are no players (#68) - MelanX",
    "21.9.9": "Fix timer formatting for non-UTC timezones and backup times over one hour - MelanX\nAdd latest.log during backup to zip file (configurable) - MelanX\nFix \"backup paused\" rendering - MelanX",
    "21.9.10": "Fix noPlayerBackupCount has no effect - MelanX"
  },
  "1.21.11": {
    "21.11.0": "1.21.11 - experimental config is default now - MelanX",
    "21.11.2": "Add JVM argument -Dsimplebackups.disableBackups to disable automatic backups - MelanX",
    "21.11.3": "Add option to create N backups when there are no players (#68) - MelanX",
    "21.11.4": "Fix backups not being created due to inverted JVM disable check - MelanX",
    "21.11.5": "Fix timer formatting for non-UTC timezones and backup times over one hour - MelanX\nAdd latest.log during backup to zip file (configurable) - MelanX\nFix \"backup paused\" rendering - MelanX",
    "21.11.6": "Fix noPlayerBackupCount has no effect - MelanX"
  },
  "1.21.2": {
    "1.21-4.0.6": "Add tick counter option - MelanX",
    "1.21-4.0.7": "Japanese translation added (#37) - Konuma Takaki",
    "1.21-4.0.8": "Fix translations for clients without mod installed - MelanX",
    "1.21-4.0.9": "Add config screen support - MelanX\nFix translations for clients without mod installed - MelanX\nJapanese translation added (#37) - Konuma Takaki\nAdd tick counter option - MelanX\ntr_tr.json Turkish Localization (1.21.x) (#35) - RuyaSavascisi\nAdd Traditional Chinese (zh_tw.json) (#31) - dirtTW\nCreate zh_cn (#30) - Cactus_student\nMerge remote-tracking branch 'origin/1.21.x' into 1.21.x - MelanX\nfix crash on newer neoforge version - MelanX\nupdate badges - MelanX\nfix network net working - MelanX\nmore fixes - MelanX\nfixes - MelanX\nadd some more configuration - MelanX\nstart working on neoforge - MelanX\nAdd temporary maven stuff - MelanX\nadd config to extend backups path with level name - MelanX\nadd config to allow backups when nobody is online - MelanX\nadd a way to restore incremental backups - MelanX\nfix symlink worlds - MelanX\nfix mc2discord compat (hopefully) - MelanX\nfix mc2discord messages - MelanX\nfix display test if not present on any side - MelanX\n1.20.1 - MelanX\nadd links to commits in changelog - MelanX\nfix location of ru_ru.json - MelanX\n1.20 - MelanX\nfix directories result in infinite loop - MelanX\n1.19.4 - MelanX\nMerge pull request #13 from KnottyManatee55/patch-1 - MelanX\nadd timer for full backups when only modified files should be saved - MelanX\nadd config that all users receive the messages (default true) - MelanX\nupdate badges - MelanX\nAdding Russian localization - Dmitry Kiselev\nMerge remote-tracking branch 'origin/1.19.x' into 1.19.x - MelanX\nadd compression level config - MelanX\nMerge pull request #10 from FITFC/1.19.x - MelanX\nadded lang/pt-br - FITFC\nfix wrong config comment - MelanX\nadd config to completely disable the mod - MelanX\nadd server config to allow using commands without cheats enabled - MelanX\nyou need cheats enabled to use commands now - MelanX\nadd command to pause backups - MelanX\nadd config to only back up modified data - MelanX\nadd mc2discord compat - MelanX\nbump version - MelanX\nport to 1.19.1 - MelanX\nUpdate to Forge 41.0.98+ - MelanX\nfix backup on each world join - MelanX\nport to 1.19 - MelanX\nfix values in message not being replaced when mod not on client - MelanX\ndelete files in backup thread -> prevents server crashing - MelanX\nfix backup not working correctly when using symbolic junction links - MelanX\nadd update json url - MelanX\nadd command to start backup manually - MelanX\nMerge remote-tracking branch 'origin/1.18.x' into 1.18.x - MelanX\nfix possible crash - MelanX\nremove spam in log - MelanX\nRevert \"Allow 1.18.2 version on 1.18.1\" - MelanX\nAllow 1.18.2 version on 1.18.1 - MelanX\nAllow 1.18.2 version on 1.18.1 - MelanX\nAdd config to disable messages - MelanX\nAdd config for output directory - MelanX\nUpdate to 1.18.2 - MelanX\nfix display test when server has the mod and client doesn't - MelanX\nadd badges to Readme - MelanX\nInitial release - MelanX",
    "1.21-4.0.10": "Fix server crash - MelanX",
    "1.21-4.0.12": "Add option to exclude files/directories - MelanX",
    "1.21-4.0.13": "Add translations for ignored paths and files configuration - MelanX\nImprove compression level config comments for clarity - MelanX",
    "1.21-4.0.14": "Update ru_ru.json (#49) - Korben",
    "1.21-4.0.15": "Add config to save-all before backup - MelanX",
    "1.21-4.0.16": "Add better logging when triggering a backup on server - MelanX\nHandle missing files during backup - MelanX",
    "1.21-4.0.17": "Handle missing files during backup - MelanX",
    "1.21-4.0.18": "Add disk space check before backup creation - MelanX",
    "1.21-4.0.19": "Fix temporary files during backup cause error backing up - MelanX",
    "1.21-4.0.20": "Add config to only backup favorite worlds (Cherished Worlds compat) - MelanX",
    "1.21-4.0.21": "Improve exception detail for failed file backups - MelanX\nAdd \"biomancy.spatial.db\" as hard-coded ignored file - MelanX",
    "1.21-4.0.22": "Mark as beta because of new error handling - MelanX\nImprove error handling - MelanX",
    "1.21-4.0.23": "Fix full backup ran every time on MODIFIED_SINCE_LAST on too high full backup timers - MelanX",
    "1.21-4.0.24": "Add experimental backup chains system - MelanX",
    "1.21-4.0.25": "Add JVM argument -Dsimplebackups.disableBackups to disable automatic backups - MelanX",
    "1.21-4.0.26": "fix clarify warning about MODIFIED_SINCE_LAST backup type - MelanX",
    "1.21-4.0.27": "Add option to create N backups when there are no players (#68) - MelanX",
    "1.21-4.0.28": "Fix backups not being created due to inverted JVM disable check - MelanX",
    "1.21-4.0.29": "Fix timer formatting for non-UTC timezones and backup times over one hour - MelanX\nAdd latest.log during backup to zip file (configurable) - MelanX\nFix \"backup paused\" rendering - MelanX",
    "1.21-4.0.30": "Fix noPlayerBackupCount has no effect - MelanX"
  },
  "1.21.3": {
    "1.21-4.0.6": "Add tick counter option - MelanX",
    "1.21-4.0.7": "Japanese translation added (#37) - Konuma Takaki",
    "1.21-4.0.8": "Fix translations for clients without mod installed - MelanX",
    "1.21-4.0.9": "Add config screen support - MelanX\nFix translations for clients without mod installed - MelanX\nJapanese translation added (#37) - Konuma Takaki\nAdd tick counter option - MelanX\ntr_tr.json Turkish Localization (1.21.x) (#35) - RuyaSavascisi\nAdd Traditional Chinese (zh_tw.json) (#31) - dirtTW\nCreate zh_cn (#30) - Cactus_student\nMerge remote-tracking branch 'origin/1.21.x' into 1.21.x - MelanX\nfix crash on newer neoforge version - MelanX\nupdate badges - MelanX\nfix network net working - MelanX\nmore fixes - MelanX\nfixes - MelanX\nadd some more configuration - MelanX\nstart working on neoforge - MelanX\nAdd temporary maven stuff - MelanX\nadd config to extend backups path with level name - MelanX\nadd config to allow backups when nobody is online - MelanX\nadd a way to restore incremental backups - MelanX\nfix symlink worlds - MelanX\nfix mc2discord compat (hopefully) - MelanX\nfix mc2discord messages - MelanX\nfix display test if not present on any side - MelanX\n1.20.1 - MelanX\nadd links to commits in changelog - MelanX\nfix location of ru_ru.json - MelanX\n1.20 - MelanX\nfix directories result in infinite loop - MelanX\n1.19.4 - MelanX\nMerge pull request #13 from KnottyManatee55/patch-1 - MelanX\nadd timer for full backups when only modified files should be saved - MelanX\nadd config that all users receive the messages (default true) - MelanX\nupdate badges - MelanX\nAdding Russian localization - Dmitry Kiselev\nMerge remote-tracking branch 'origin/1.19.x' into 1.19.x - MelanX\nadd compression level config - MelanX\nMerge pull request #10 from FITFC/1.19.x - MelanX\nadded lang/pt-br - FITFC\nfix wrong config comment - MelanX\nadd config to completely disable the mod - MelanX\nadd server config to allow using commands without cheats enabled - MelanX\nyou need cheats enabled to use commands now - MelanX\nadd command to pause backups - MelanX\nadd config to only back up modified data - MelanX\nadd mc2discord compat - MelanX\nbump version - MelanX\nport to 1.19.1 - MelanX\nUpdate to Forge 41.0.98+ - MelanX\nfix backup on each world join - MelanX\nport to 1.19 - MelanX\nfix values in message not being replaced when mod not on client - MelanX\ndelete files in backup thread -> prevents server crashing - MelanX\nfix backup not working correctly when using symbolic junction links - MelanX\nadd update json url - MelanX\nadd command to start backup manually - MelanX\nMerge remote-tracking branch 'origin/1.18.x' into 1.18.x - MelanX\nfix possible crash - MelanX\nremove spam in log - MelanX\nRevert \"Allow 1.18.2 version on 1.18.1\" - MelanX\nAllow 1.18.2 version on 1.18.1 - MelanX\nAllow 1.18.2 version on 1.18.1 - MelanX\nAdd config to disable messages - MelanX\nAdd config for output directory - MelanX\nUpdate to 1.18.2 - MelanX\nfix display test when server has the mod and client doesn't - MelanX\nadd badges to Readme - MelanX\nInitial release - MelanX",
    "1.21-4.0.10": "Fix server crash - MelanX",
    "1.21-4.0.12": "Add option to exclude files/directories - MelanX",
    "1.21-4.0.13": "Add translations for ignored paths and files configuration - MelanX\nImprove compression level config comments for clarity - MelanX",
    "1.21-4.0.14": "Update ru_ru.json (#49) - Korben",
    "1.21-4.0.15": "Add config to save-all before backup - MelanX",
    "1.21-4.0.16": "Add better logging when triggering a backup on server - MelanX\nHandle missing files during backup - MelanX",
    "1.21-4.0.17": "Handle missing files during backup - MelanX",
    "1.21-4.0.18": "Add disk space check before backup creation - MelanX",
    "1.21-4.0.19": "Fix temporary files during backup cause error backing up - MelanX",
    "1.21-4.0.20": "Add config to only backup favorite worlds (Cherished Worlds compat) - MelanX",
    "1.21-4.0.21": "Improve exception detail for failed file backups - MelanX\nAdd \"biomancy.spatial.db\" as hard-coded ignored file - MelanX",
    "1.21-4.0.22": "Mark as beta because of new error handling - MelanX\nImprove error handling - MelanX",
    "1.21-4.0.23": "Fix full backup ran every time on MODIFIED_SINCE_LAST on too high full backup timers - MelanX",
    "1.21-4.0.24": "Add experimental backup chains system - MelanX",
    "1.21-4.0.25": "Add JVM argument -Dsimplebackups.disableBackups to disable automatic backups - MelanX",
    "1.21-4.0.26": "fix clarify warning about MODIFIED_SINCE_LAST backup type - MelanX",
    "1.21-4.0.27": "Add option to create N backups when there are no players (#68) - MelanX",
    "1.21-4.0.28": "Fix backups not being created due to inverted JVM disable check - MelanX",
    "1.21-4.0.29": "Fix timer formatting for non-UTC timezones and backup times over one hour - MelanX\nAdd latest.log during backup to zip file (configurable) - MelanX\nFix \"backup paused\" rendering - MelanX",
    "1.21-4.0.30": "Fix noPlayerBackupCount has no effect - MelanX"
  },
  "1.21.4": {
    "1.21-4.0.6": "Add tick counter option - MelanX",
    "1.21-4.0.7": "Japanese translation added (#37) - Konuma Takaki",
    "1.21-4.0.8": "Fix translations for clients without mod installed - MelanX",
    "1.21-4.0.9": "Add config screen support - MelanX\nFix translations for clients without mod installed - MelanX\nJapanese translation added (#37) - Konuma Takaki\nAdd tick counter option - MelanX\ntr_tr.json Turkish Localization (1.21.x) (#35) - RuyaSavascisi\nAdd Traditional Chinese (zh_tw.json) (#31) - dirtTW\nCreate zh_cn (#30) - Cactus_student\nMerge remote-tracking branch 'origin/1.21.x' into 1.21.x - MelanX\nfix crash on newer neoforge version - MelanX\nupdate badges - MelanX\nfix network net working - MelanX\nmore fixes - MelanX\nfixes - MelanX\nadd some more configuration - MelanX\nstart working on neoforge - MelanX\nAdd temporary maven stuff - MelanX\nadd config to extend backups path with level name - MelanX\nadd config to allow backups when nobody is online - MelanX\nadd a way to restore incremental backups - MelanX\nfix symlink worlds - MelanX\nfix mc2discord compat (hopefully) - MelanX\nfix mc2discord messages - MelanX\nfix display test if not present on any side - MelanX\n1.20.1 - MelanX\nadd links to commits in changelog - MelanX\nfix location of ru_ru.json - MelanX\n1.20 - MelanX\nfix directories result in infinite loop - MelanX\n1.19.4 - MelanX\nMerge pull request #13 from KnottyManatee55/patch-1 - MelanX\nadd timer for full backups when only modified files should be saved - MelanX\nadd config that all users receive the messages (default true) - MelanX\nupdate badges - MelanX\nAdding Russian localization - Dmitry Kiselev\nMerge remote-tracking branch 'origin/1.19.x' into 1.19.x - MelanX\nadd compression level config - MelanX\nMerge pull request #10 from FITFC/1.19.x - MelanX\nadded lang/pt-br - FITFC\nfix wrong config comment - MelanX\nadd config to completely disable the mod - MelanX\nadd server config to allow using commands without cheats enabled - MelanX\nyou need cheats enabled to use commands now - MelanX\nadd command to pause backups - MelanX\nadd config to only back up modified data - MelanX\nadd mc2discord compat - MelanX\nbump version - MelanX\nport to 1.19.1 - MelanX\nUpdate to Forge 41.0.98+ - MelanX\nfix backup on each world join - MelanX\nport to 1.19 - MelanX\nfix values in message not being replaced when mod not on client - MelanX\ndelete files in backup thread -> prevents server crashing - MelanX\nfix backup not working correctly when using symbolic junction links - MelanX\nadd update json url - MelanX\nadd command to start backup manually - MelanX\nMerge remote-tracking branch 'origin/1.18.x' into 1.18.x - MelanX\nfix possible crash - MelanX\nremove spam in log - MelanX\nRevert \"Allow 1.18.2 version on 1.18.1\" - MelanX\nAllow 1.18.2 version on 1.18.1 - MelanX\nAllow 1.18.2 version on 1.18.1 - MelanX\nAdd config to disable messages - MelanX\nAdd config for output directory - MelanX\nUpdate to 1.18.2 - MelanX\nfix display test when server has the mod and client doesn't - MelanX\nadd badges to Readme - MelanX\nInitial release - MelanX",
    "1.21-4.0.10": "Fix server crash - MelanX",
    "1.21-4.0.12": "Add option to exclude files/directories - MelanX",
    "1.21-4.0.13": "Add translations for ignored paths and files configuration - MelanX\nImprove compression level config comments for clarity - MelanX",
    "1.21-4.0.14": "Update ru_ru.json (#49) - Korben",
    "1.21-4.0.15": "Add config to save-all before backup - MelanX",
    "1.21-4.0.16": "Add better logging when triggering a backup on server - MelanX\nHandle missing files during backup - MelanX",
    "1.21-4.0.17": "Handle missing files during backup - MelanX",
    "1.21-4.0.18": "Add disk space check before backup creation - MelanX",
    "1.21-4.0.19": "Fix temporary files during backup cause error backing up - MelanX",
    "1.21-4.0.20": "Add config to only backup favorite worlds (Cherished Worlds compat) - MelanX",
    "1.21-4.0.21": "Improve exception detail for failed file backups - MelanX\nAdd \"biomancy.spatial.db\" as hard-coded ignored file - MelanX",
    "1.21-4.0.22": "Mark as beta because of new error handling - MelanX\nImprove error handling - MelanX",
    "1.21-4.0.23": "Fix full backup ran every time on MODIFIED_SINCE_LAST on too high full backup timers - MelanX",
    "1.21-4.0.24": "Add experimental backup chains system - MelanX",
    "1.21-4.0.25": "Add JVM argument -Dsimplebackups.disableBackups to disable automatic backups - MelanX",
    "1.21-4.0.26": "fix clarify warning about MODIFIED_SINCE_LAST backup type - MelanX",
    "1.21-4.0.27": "Add option to create N backups when there are no players (#68) - MelanX",
    "1.21-4.0.28": "Fix backups not being created due to inverted JVM disable check - MelanX",
    "1.21-4.0.29": "Fix timer formatting for non-UTC timezones and backup times over one hour - MelanX\nAdd latest.log during backup to zip file (configurable) - MelanX\nFix \"backup paused\" rendering - MelanX",
    "1.21-4.0.30": "Fix noPlayerBackupCount has no effect - MelanX"
  },
  "1.21.5": {
    "21.5.0": "1.21.5 - MelanX",
    "21.5.1": "Rename GUI layer identifier - MelanX\nAdd config screen support - MelanX",
    "21.5.2": "Fix server crash - MelanX",
    "21.5.4": "Add option to exclude files/directories - MelanX",
    "21.5.5": "Add translations for ignored paths and files configuration - MelanX\nImprove compression level config comments for clarity - MelanX",
    "21.5.6": "Update ru_ru.json (#49) - Korben",
    "21.5.7": "Add config to save-all before backup - MelanX",
    "21.5.8": "Add better logging when triggering a backup on server - MelanX\nHandle missing files during backup - MelanX"
  },
  "1.21.6": {
    "21.6.0": "1.21.6 - MelanX",
    "21.6.1": "Handle missing files during backup - MelanX",
    "21.6.2": "Add disk space check before backup creation - MelanX",
    "21.6.3": "Fix temporary files during backup cause error backing up - MelanX",
    "21.6.4": "Add config to only backup favorite worlds (Cherished Worlds compat) - MelanX",
    "21.6.5": "Mark as beta because of new error handling - MelanX\nImprove error handling - MelanX\nImprove exception detail for failed file backups - MelanX\nAdd \"biomancy.spatial.db\" as hard-coded ignored file - MelanX\nAdd config to only backup favorite worlds (Cherished Worlds compat) - MelanX\nFix temporary files during backup cause error backing up - MelanX\nAdd disk space check before backup creation - MelanX\nHandle missing files during backup - MelanX\n1.21.6 - MelanX\nAdd better logging when triggering a backup on server - MelanX\nHandle missing files during backup - MelanX\nAdd config to save-all before backup - MelanX\nUpdate ru_ru.json (#49) - Korben\nAdd translations for ignored paths and files configuration - MelanX\nImprove compression level config comments for clarity - MelanX\nAdd option to exclude files/directories - MelanX\nFix server crash - MelanX\nRename GUI layer identifier - MelanX\nAdd config screen support - MelanX\n1.21.5 - MelanX\nFix translations for clients without mod installed - MelanX\nJapanese translation added (#37) - Konuma Takaki\nAdd tick counter option - MelanX\ntr_tr.json Turkish Localization (1.21.x) (#35) - RuyaSavascisi\nAdd Traditional Chinese (zh_tw.json) (#31) - dirtTW\nCreate zh_cn (#30) - Cactus_student\nMerge remote-tracking branch 'origin/1.21.x' into 1.21.x - MelanX\nfix crash on newer neoforge version - MelanX\nupdate badges - MelanX\nfix network net working - MelanX\nmore fixes - MelanX\nfixes - MelanX\nadd some more configuration - MelanX\nstart working on neoforge - MelanX\nAdd temporary maven stuff - MelanX\nadd config to extend backups path with level name - MelanX\nadd config to allow backups when nobody is online - MelanX\nadd a way to restore incremental backups - MelanX\nfix symlink worlds - MelanX\nfix mc2discord compat (hopefully) - MelanX\nfix mc2discord messages - MelanX\nfix display test if not present on any side - MelanX\n1.20.1 - MelanX\nadd links to commits in changelog - MelanX\nfix location of ru_ru.json - MelanX\n1.20 - MelanX\nfix directories result in infinite loop - MelanX\n1.19.4 - MelanX\nMerge pull request #13 from KnottyManatee55/patch-1 - MelanX\nadd timer for full backups when only modified files should be saved - MelanX\nadd config that all users receive the messages (default true) - MelanX\nupdate badges - MelanX\nAdding Russian localization - Dmitry Kiselev\nMerge remote-tracking branch 'origin/1.19.x' into 1.19.x - MelanX\nadd compression level config - MelanX\nMerge pull request #10 from FITFC/1.19.x - MelanX\nadded lang/pt-br - FITFC\nfix wrong config comment - MelanX\nadd config to completely disable the mod - MelanX\nadd server config to allow using commands without cheats enabled - MelanX\nyou need cheats enabled to use commands now - MelanX\nadd command to pause backups - MelanX\nadd config to only back up modified data - MelanX\nadd mc2discord compat - MelanX\nbump version - MelanX\nport to 1.19.1 - MelanX\nUpdate to Forge 41.0.98+ - MelanX\nfix backup on each world join - MelanX\nport to 1.19 - MelanX\nfix values in message not being replaced when mod not on client - MelanX\ndelete files in backup thread -> prevents server crashing - MelanX\nfix backup not working correctly when using symbolic junction links - MelanX\nadd update json url - MelanX\nadd command to start backup manually - MelanX\nMerge remote-tracking branch 'origin/1.18.x' into 1.18.x - MelanX\nfix possible crash - MelanX\nremove spam in log - MelanX\nRevert \"Allow 1.18.2 version on 1.18.1\" - MelanX\nAllow 1.18.2 version on 1.18.1 - MelanX\nAllow 1.18.2 version on 1.18.1 - MelanX\nAdd config to disable messages - MelanX\nAdd config for output directory - MelanX\nUpdate to 1.18.2 - MelanX\nfix display test when server has the mod and client doesn't - MelanX\nadd badges to Readme - MelanX\nInitial release - MelanX",
    "21.6.6": "Fix full backup ran every time on MODIFIED_SINCE_LAST on too high full backup timers - MelanX",
    "21.6.7": "Add experimental backup chains system - MelanX\nI hope nothing breaks, more info on GitHub",
    "21.6.8": "Add JVM argument -Dsimplebackups.disableBackups to disable automatic backups - MelanX",
    "21.6.9": "fix clarify warning about MODIFIED_SINCE_LAST backup type - MelanX",
    "21.6.10": "Add option to create N backups when there are no players (#68) - MelanX",
    "21.6.11": "Fix backups not being created due to inverted JVM disable check - MelanX",
    "21.6.12": "Fix timer formatting for non-UTC timezones and backup times over one hour - MelanX\nAdd latest.log during backup to zip file (configurable) - MelanX\nFix \"backup paused\" rendering - MelanX",
    "21.6.13": "Fix noPlayerBackupCount has no effect - MelanX"
  },
  "1.21.7": {
    "21.6.0": "1.21.6 - MelanX",
    "21.6.1": "Handle missing files during backup - MelanX",
    "21.6.2": "Add disk space check before backup creation - MelanX",
    "21.6.3": "Fix temporary files during backup cause error backing up - MelanX",
    "21.6.4": "Add config to only backup favorite worlds (Cherished Worlds compat) - MelanX",
    "21.6.5": "Mark as beta because of new error handling - MelanX\nImprove error handling - MelanX\nImprove exception detail for failed file backups - MelanX\nAdd \"biomancy.spatial.db\" as hard-coded ignored file - MelanX\nAdd config to only backup favorite worlds (Cherished Worlds compat) - MelanX\nFix temporary files during backup cause error backing up - MelanX\nAdd disk space check before backup creation - MelanX\nHandle missing files during backup - MelanX\n1.21.6 - MelanX\nAdd better logging when triggering a backup on server - MelanX\nHandle missing files during backup - MelanX\nAdd config to save-all before backup - MelanX\nUpdate ru_ru.json (#49) - Korben\nAdd translations for ignored paths and files configuration - MelanX\nImprove compression level config comments for clarity - MelanX\nAdd option to exclude files/directories - MelanX\nFix server crash - MelanX\nRename GUI layer identifier - MelanX\nAdd config screen support - MelanX\n1.21.5 - MelanX\nFix translations for clients without mod installed - MelanX\nJapanese translation added (#37) - Konuma Takaki\nAdd tick counter option - MelanX\ntr_tr.json Turkish Localization (1.21.x) (#35) - RuyaSavascisi\nAdd Traditional Chinese (zh_tw.json) (#31) - dirtTW\nCreate zh_cn (#30) - Cactus_student\nMerge remote-tracking branch 'origin/1.21.x' into 1.21.x - MelanX\nfix crash on newer neoforge version - MelanX\nupdate badges - MelanX\nfix network net working - MelanX\nmore fixes - MelanX\nfixes - MelanX\nadd some more configuration - MelanX\nstart working on neoforge - MelanX\nAdd temporary maven stuff - MelanX\nadd config to extend backups path with level name - MelanX\nadd config to allow backups when nobody is online - MelanX\nadd a way to restore incremental backups - MelanX\nfix symlink worlds - MelanX\nfix mc2discord compat (hopefully) - MelanX\nfix mc2discord messages - MelanX\nfix display test if not present on any side - MelanX\n1.20.1 - MelanX\nadd links to commits in changelog - MelanX\nfix location of ru_ru.json - MelanX\n1.20 - MelanX\nfix directories result in infinite loop - MelanX\n1.19.4 - MelanX\nMerge pull request #13 from KnottyManatee55/patch-1 - MelanX\nadd timer for full backups when only modified files should be saved - MelanX\nadd config that all users receive the messages (default true) - MelanX\nupdate badges - MelanX\nAdding Russian localization - Dmitry Kiselev\nMerge remote-tracking branch 'origin/1.19.x' into 1.19.x - MelanX\nadd compression level config - MelanX\nMerge pull request #10 from FITFC/1.19.x - MelanX\nadded lang/pt-br - FITFC\nfix wrong config comment - MelanX\nadd config to completely disable the mod - MelanX\nadd server config to allow using commands without cheats enabled - MelanX\nyou need cheats enabled to use commands now - MelanX\nadd command to pause backups - MelanX\nadd config to only back up modified data - MelanX\nadd mc2discord compat - MelanX\nbump version - MelanX\nport to 1.19.1 - MelanX\nUpdate to Forge 41.0.98+ - MelanX\nfix backup on each world join - MelanX\nport to 1.19 - MelanX\nfix values in message not being replaced when mod not on client - MelanX\ndelete files in backup thread -> prevents server crashing - MelanX\nfix backup not working correctly when using symbolic junction links - MelanX\nadd update json url - MelanX\nadd command to start backup manually - MelanX\nMerge remote-tracking branch 'origin/1.18.x' into 1.18.x - MelanX\nfix possible crash - MelanX\nremove spam in log - MelanX\nRevert \"Allow 1.18.2 version on 1.18.1\" - MelanX\nAllow 1.18.2 version on 1.18.1 - MelanX\nAllow 1.18.2 version on 1.18.1 - MelanX\nAdd config to disable messages - MelanX\nAdd config for output directory - MelanX\nUpdate to 1.18.2 - MelanX\nfix display test when server has the mod and client doesn't - MelanX\nadd badges to Readme - MelanX\nInitial release - MelanX",
    "21.6.6": "Fix full backup ran every time on MODIFIED_SINCE_LAST on too high full backup timers - MelanX",
    "21.6.7": "Add experimental backup chains system - MelanX\nI hope nothing breaks, more info on GitHub",
    "21.6.8": "Add JVM argument -Dsimplebackups.disableBackups to disable automatic backups - MelanX",
    "21.6.9": "fix clarify warning about MODIFIED_SINCE_LAST backup type - MelanX",
    "21.6.10": "Add option to create N backups when there are no players (#68) - MelanX",
    "21.6.11": "Fix backups not being created due to inverted JVM disable check - MelanX",
    "21.6.12": "Fix timer formatting for non-UTC timezones and backup times over one hour - MelanX\nAdd latest.log during backup to zip file (configurable) - MelanX\nFix \"backup paused\" rendering - MelanX",
    "21.6.13": "Fix noPlayerBackupCount has no effect - MelanX"
  },
  "1.21.8": {
    "21.6.0": "1.21.6 - MelanX",
    "21.6.1": "Handle missing files during backup - MelanX",
    "21.6.2": "Add disk space check before backup creation - MelanX",
    "21.6.3": "Fix temporary files during backup cause error backing up - MelanX",
    "21.6.4": "Add config to only backup favorite worlds (Cherished Worlds compat) - MelanX",
    "21.6.5": "Mark as beta because of new error handling - MelanX\nImprove error handling - MelanX\nImprove exception detail for failed file backups - MelanX\nAdd \"biomancy.spatial.db\" as hard-coded ignored file - MelanX\nAdd config to only backup favorite worlds (Cherished Worlds compat) - MelanX\nFix temporary files during backup cause error backing up - MelanX\nAdd disk space check before backup creation - MelanX\nHandle missing files during backup - MelanX\n1.21.6 - MelanX\nAdd better logging when triggering a backup on server - MelanX\nHandle missing files during backup - MelanX\nAdd config to save-all before backup - MelanX\nUpdate ru_ru.json (#49) - Korben\nAdd translations for ignored paths and files configuration - MelanX\nImprove compression level config comments for clarity - MelanX\nAdd option to exclude files/directories - MelanX\nFix server crash - MelanX\nRename GUI layer identifier - MelanX\nAdd config screen support - MelanX\n1.21.5 - MelanX\nFix translations for clients without mod installed - MelanX\nJapanese translation added (#37) - Konuma Takaki\nAdd tick counter option - MelanX\ntr_tr.json Turkish Localization (1.21.x) (#35) - RuyaSavascisi\nAdd Traditional Chinese (zh_tw.json) (#31) - dirtTW\nCreate zh_cn (#30) - Cactus_student\nMerge remote-tracking branch 'origin/1.21.x' into 1.21.x - MelanX\nfix crash on newer neoforge version - MelanX\nupdate badges - MelanX\nfix network net working - MelanX\nmore fixes - MelanX\nfixes - MelanX\nadd some more configuration - MelanX\nstart working on neoforge - MelanX\nAdd temporary maven stuff - MelanX\nadd config to extend backups path with level name - MelanX\nadd config to allow backups when nobody is online - MelanX\nadd a way to restore incremental backups - MelanX\nfix symlink worlds - MelanX\nfix mc2discord compat (hopefully) - MelanX\nfix mc2discord messages - MelanX\nfix display test if not present on any side - MelanX\n1.20.1 - MelanX\nadd links to commits in changelog - MelanX\nfix location of ru_ru.json - MelanX\n1.20 - MelanX\nfix directories result in infinite loop - MelanX\n1.19.4 - MelanX\nMerge pull request #13 from KnottyManatee55/patch-1 - MelanX\nadd timer for full backups when only modified files should be saved - MelanX\nadd config that all users receive the messages (default true) - MelanX\nupdate badges - MelanX\nAdding Russian localization - Dmitry Kiselev\nMerge remote-tracking branch 'origin/1.19.x' into 1.19.x - MelanX\nadd compression level config - MelanX\nMerge pull request #10 from FITFC/1.19.x - MelanX\nadded lang/pt-br - FITFC\nfix wrong config comment - MelanX\nadd config to completely disable the mod - MelanX\nadd server config to allow using commands without cheats enabled - MelanX\nyou need cheats enabled to use commands now - MelanX\nadd command to pause backups - MelanX\nadd config to only back up modified data - MelanX\nadd mc2discord compat - MelanX\nbump version - MelanX\nport to 1.19.1 - MelanX\nUpdate to Forge 41.0.98+ - MelanX\nfix backup on each world join - MelanX\nport to 1.19 - MelanX\nfix values in message not being replaced when mod not on client - MelanX\ndelete files in backup thread -> prevents server crashing - MelanX\nfix backup not working correctly when using symbolic junction links - MelanX\nadd update json url - MelanX\nadd command to start backup manually - MelanX\nMerge remote-tracking branch 'origin/1.18.x' into 1.18.x - MelanX\nfix possible crash - MelanX\nremove spam in log - MelanX\nRevert \"Allow 1.18.2 version on 1.18.1\" - MelanX\nAllow 1.18.2 version on 1.18.1 - MelanX\nAllow 1.18.2 version on 1.18.1 - MelanX\nAdd config to disable messages - MelanX\nAdd config for output directory - MelanX\nUpdate to 1.18.2 - MelanX\nfix display test when server has the mod and client doesn't - MelanX\nadd badges to Readme - MelanX\nInitial release - MelanX",
    "21.6.6": "Fix full backup ran every time on MODIFIED_SINCE_LAST on too high full backup timers - MelanX",
    "21.6.7": "Add experimental backup chains system - MelanX\nI hope nothing breaks, more info on GitHub",
    "21.6.8": "Add JVM argument -Dsimplebackups.disableBackups to disable automatic backups - MelanX",
    "21.6.9": "fix clarify warning about MODIFIED_SINCE_LAST backup type - MelanX",
    "21.6.10": "Add option to create N backups when there are no players (#68) - MelanX",
    "21.6.11": "Fix backups not being created due to inverted JVM disable check - MelanX",
    "21.6.12": "Fix timer formatting for non-UTC timezones and backup times over one hour - MelanX\nAdd latest.log during backup to zip file (configurable) - MelanX\nFix \"backup paused\" rendering - MelanX",
    "21.6.13": "Fix noPlayerBackupCount has no effect - MelanX"
  },
  "1.21.9": {
    "21.9.0": "1.21.9 - MelanX",
    "21.9.1": "Improve exception detail for failed file backups - MelanX\nAdd \"biomancy.spatial.db\" as hard-coded ignored file - MelanX",
    "21.9.2": "Mark as beta because of new error handling - MelanX\nImprove error handling - MelanX",
    "21.9.3": "Fix full backup ran every time on MODIFIED_SINCE_LAST on too high full backup timers - MelanX",
    "21.9.4": "Add experimental backup chains system - MelanX\nI hope nothing breaks, more info on GitHub",
    "21.9.5": "Add JVM argument -Dsimplebackups.disableBackups to disable automatic backups - MelanX",
    "21.9.6": "fix clarify warning about MODIFIED_SINCE_LAST backup type - MelanX",
    "21.9.8": "Fix backups not being created due to inverted JVM disable check - MelanX\nAdd option to create N backups when there are no players (#68) - MelanX",
    "21.9.9": "Fix timer formatting for non-UTC timezones and backup times over one hour - MelanX\nAdd latest.log during backup to zip file (configurable) - MelanX\nFix \"backup paused\" rendering - MelanX",
    "21.9.10": "Fix noPlayerBackupCount has no effect - MelanX"
  },
  "26.1": {
    "26.1.0": "26.1 - MelanX\nAdd 7z and tar.zstd compression formats - MelanX",
    "26.1.1": "Add extra jar with zstd bundled - MelanX\nRemove 7zip compression format - MelanX\nFix backup start command using zip as fallback instead of configured format - MelanX",
    "26.1.2": "Add sbk support - MelanX\nFix merge command for non-zip formats - MelanX\nFix log not being written if backup fails - MelanX\nFix backup chains aren't recognized if format is not zip - MelanX\nAdd preCopy config to copy world before compressing - MelanX",
    "26.1.3": "Fix noPlayerBackupCount has no effect - MelanX"
  },
  "26.1.1": {
    "26.1.0": "26.1 - MelanX\nAdd 7z and tar.zstd compression formats - MelanX",
    "26.1.1": "Add extra jar with zstd bundled - MelanX\nRemove 7zip compression format - MelanX\nFix backup start command using zip as fallback instead of configured format - MelanX",
    "26.1.2": "Add sbk support - MelanX\nFix merge command for non-zip formats - MelanX\nFix log not being written if backup fails - MelanX\nFix backup chains aren't recognized if format is not zip - MelanX\nAdd preCopy config to copy world before compressing - MelanX",
    "26.1.3": "Fix noPlayerBackupCount has no effect - MelanX"
  },
  "26.1.2": {
    "26.1.0": "26.1 - MelanX\nAdd 7z and tar.zstd compression formats - MelanX",
    "26.1.1": "Add extra jar with zstd bundled - MelanX\nRemove 7zip compression format - MelanX\nFix backup start command using zip as fallback instead of configured format - MelanX",
    "26.1.2": "Add sbk support - MelanX\nFix merge command for non-zip formats - MelanX\nFix log not being written if backup fails - MelanX\nFix backup chains aren't recognized if format is not zip - MelanX\nAdd preCopy config to copy world before compressing - MelanX",
    "26.1.3": "Fix noPlayerBackupCount has no effect - MelanX"
  }
}
[076月2026 16:52:20.505] [NeoForge Version Check/INFO] [net.neoforged.fml.VersionChecker/]: [simplebackups] Found status: AHEAD Current: 1.21-4.0.30 Target: null
[076月2026 16:52:20.580] [main/INFO] [net.minecraft.advancements.AdvancementTree/]: Loaded 1399 advancements
[076月2026 16:52:20.791] [main/DEBUG] [mixin/]: Mixing core.component.DataComponentPatch_BuilderMixin from mixins.arclight.core.json into net.minecraft.core.component.DataComponentPatch$Builder
[076月2026 16:52:20.827] [main/DEBUG] [net.neoforged.neoforge.common.CommonHooks/WP]: Gathered mod list to write to world save world
[076月2026 16:52:20.844] [main/DEBUG] [mixin/]: Mixing server.players.PlayerListMixin from mixins.arclight.core.json into net.minecraft.server.players.PlayerList
[076月2026 16:52:20.844] [main/DEBUG] [mixin/]: Renaming synthetic method lambda$arclight$removeMount$0(Lnet/minecraft/world/entity/Entity;)V to md93a37e$lambda$arclight$removeMount$0$0 in mixins.arclight.core.json:server.players.PlayerListMixin from mod (unknown)
[076月2026 16:52:20.865] [main/DEBUG] [mixin/]: mixins.arclight.core.json:server.players.PlayerListMixin from mod (unknown)->@Inject::arclight$loadServer(Lnet/minecraft/server/MinecraftServer;Lnet/minecraft/core/LayeredRegistryAccess;Lnet/minecraft/world/level/storage/PlayerDataStorage;ILorg/spongepowered/asm/mixin/injection/callback/CallbackInfo;)V doesn't use it's CallbackInfo
[076月2026 16:52:20.865] [main/DEBUG] [mixin/]: mixins.arclight.core.json:server.players.PlayerListMixin from mod (unknown)->@Inject::arclight$loadServer(Lnet/minecraft/server/MinecraftServer;Lnet/minecraft/core/LayeredRegistryAccess;Lnet/minecraft/world/level/storage/PlayerDataStorage;ILorg/spongepowered/asm/mixin/injection/callback/CallbackInfo;)V has 0 override(s) in child classes
[076月2026 16:52:20.865] [main/DEBUG] [mixin/]: mixins.arclight.core.json:server.players.PlayerListMixin from mod (unknown)->@Inject::arclight$loadServer(Lnet/minecraft/server/MinecraftServer;Lnet/minecraft/core/LayeredRegistryAccess;Lnet/minecraft/world/level/storage/PlayerDataStorage;ILorg/spongepowered/asm/mixin/injection/callback/CallbackInfo;)V won't be passed a CallbackInfo as a result
[076月2026 16:52:20.865] [main/DEBUG] [mixin/]: mixins.arclight.core.json:server.players.PlayerListMixin from mod (unknown)->@Inject::arclight$returnIfNotPersist(Lnet/minecraft/server/level/ServerPlayer;Lorg/spongepowered/asm/mixin/injection/callback/CallbackInfo;)V does use it's CallbackInfo
[076月2026 16:52:20.865] [main/DEBUG] [mixin/]: mixins.arclight.core.json:server.players.PlayerListMixin from mod (unknown)->@Inject::arclight$playerQuitPre(Lnet/minecraft/server/level/ServerPlayer;Lorg/spongepowered/asm/mixin/injection/callback/CallbackInfo;)V doesn't use it's CallbackInfo
[076月2026 16:52:20.865] [main/DEBUG] [mixin/]: mixins.arclight.core.json:server.players.PlayerListMixin from mod (unknown)->@Inject::arclight$playerQuitPre(Lnet/minecraft/server/level/ServerPlayer;Lorg/spongepowered/asm/mixin/injection/callback/CallbackInfo;)V has 0 override(s) in child classes
[076月2026 16:52:20.865] [main/DEBUG] [mixin/]: mixins.arclight.core.json:server.players.PlayerListMixin from mod (unknown)->@Inject::arclight$playerQuitPre(Lnet/minecraft/server/level/ServerPlayer;Lorg/spongepowered/asm/mixin/injection/callback/CallbackInfo;)V won't be passed a CallbackInfo as a result
[076月2026 16:52:20.865] [main/DEBUG] [mixin/]: mixins.arclight.core.json:server.players.PlayerListMixin from mod (unknown)->@Inject::arclight$stopRiding(Lnet/minecraft/server/level/ServerPlayer;ZLnet/minecraft/world/entity/Entity$RemovalReason;Lorg/spongepowered/asm/mixin/injection/callback/CallbackInfoReturnable;)V doesn't use it's CallbackInfoReturnable
[076月2026 16:52:20.865] [main/DEBUG] [mixin/]: mixins.arclight.core.json:server.players.PlayerListMixin from mod (unknown)->@Inject::arclight$stopRiding(Lnet/minecraft/server/level/ServerPlayer;ZLnet/minecraft/world/entity/Entity$RemovalReason;Lorg/spongepowered/asm/mixin/injection/callback/CallbackInfoReturnable;)V has 0 override(s) in child classes
[076月2026 16:52:20.865] [main/DEBUG] [mixin/]: mixins.arclight.core.json:server.players.PlayerListMixin from mod (unknown)->@Inject::arclight$stopRiding(Lnet/minecraft/server/level/ServerPlayer;ZLnet/minecraft/world/entity/Entity$RemovalReason;Lorg/spongepowered/asm/mixin/injection/callback/CallbackInfoReturnable;)V won't be passed a CallbackInfoReturnable as a result
[076月2026 16:52:20.865] [main/DEBUG] [mixin/]: mixins.arclight.core.json:server.players.PlayerListMixin from mod (unknown)->@Inject::arclight$postRespawn(Lnet/minecraft/server/level/ServerPlayer;ZLnet/minecraft/world/entity/Entity$RemovalReason;Lorg/spongepowered/asm/mixin/injection/callback/CallbackInfoReturnable;)V does use it's CallbackInfoReturnable
[076月2026 16:52:20.865] [main/DEBUG] [mixin/]: mixins.arclight.core.json:server.players.PlayerListMixin from mod (unknown)->@Inject::arclight$calculatePerms(Lnet/minecraft/server/level/ServerPlayer;ILorg/spongepowered/asm/mixin/injection/callback/CallbackInfo;)V doesn't use it's CallbackInfo
[076月2026 16:52:20.865] [main/DEBUG] [mixin/]: mixins.arclight.core.json:server.players.PlayerListMixin from mod (unknown)->@Inject::arclight$calculatePerms(Lnet/minecraft/server/level/ServerPlayer;ILorg/spongepowered/asm/mixin/injection/callback/CallbackInfo;)V has 0 override(s) in child classes
[076月2026 16:52:20.865] [main/DEBUG] [mixin/]: mixins.arclight.core.json:server.players.PlayerListMixin from mod (unknown)->@Inject::arclight$calculatePerms(Lnet/minecraft/server/level/ServerPlayer;ILorg/spongepowered/asm/mixin/injection/callback/CallbackInfo;)V won't be passed a CallbackInfo as a result
[076月2026 16:52:20.865] [main/DEBUG] [mixin/]: mixins.arclight.core.json:server.players.PlayerListMixin from mod (unknown)->@Inject::arclight$removeMount(Lnet/minecraft/server/level/ServerPlayer;Lorg/spongepowered/asm/mixin/injection/callback/CallbackInfo;)V doesn't use it's CallbackInfo
[076月2026 16:52:20.865] [main/DEBUG] [mixin/]: mixins.arclight.core.json:server.players.PlayerListMixin from mod (unknown)->@Inject::arclight$removeMount(Lnet/minecraft/server/level/ServerPlayer;Lorg/spongepowered/asm/mixin/injection/callback/CallbackInfo;)V has 0 override(s) in child classes
[076月2026 16:52:20.865] [main/DEBUG] [mixin/]: mixins.arclight.core.json:server.players.PlayerListMixin from mod (unknown)->@Inject::arclight$removeMount(Lnet/minecraft/server/level/ServerPlayer;Lorg/spongepowered/asm/mixin/injection/callback/CallbackInfo;)V won't be passed a CallbackInfo as a result
[076月2026 16:52:20.865] [main/DEBUG] [mixin/]: mixins.arclight.core.json:server.players.PlayerListMixin from mod (unknown)->@Inject::arclight$flushAdvancements(Lorg/spongepowered/asm/mixin/injection/callback/CallbackInfo;)V doesn't use it's CallbackInfo
[076月2026 16:52:20.865] [main/DEBUG] [mixin/]: mixins.arclight.core.json:server.players.PlayerListMixin from mod (unknown)->@Inject::arclight$flushAdvancements(Lorg/spongepowered/asm/mixin/injection/callback/CallbackInfo;)V has 0 override(s) in child classes
[076月2026 16:52:20.865] [main/DEBUG] [mixin/]: mixins.arclight.core.json:server.players.PlayerListMixin from mod (unknown)->@Inject::arclight$flushAdvancements(Lorg/spongepowered/asm/mixin/injection/callback/CallbackInfo;)V won't be passed a CallbackInfo as a result
[076月2026 16:52:20.868] [main/DEBUG] [mixin/]: Mixing server.dedicated.DedicatedPlayerListMixin from mixins.arclight.core.json into net.minecraft.server.dedicated.DedicatedPlayerList
[076月2026 16:52:20.869] [main/DEBUG] [mixin/]: mixins.arclight.core.json:server.dedicated.DedicatedPlayerListMixin from mod (unknown)->@Inject::arclight$afterSuper(Lorg/spongepowered/asm/mixin/injection/callback/CallbackInfo;)V doesn't use it's CallbackInfo
[076月2026 16:52:20.869] [main/DEBUG] [mixin/]: mixins.arclight.core.json:server.dedicated.DedicatedPlayerListMixin from mod (unknown)->@Inject::arclight$afterSuper(Lorg/spongepowered/asm/mixin/injection/callback/CallbackInfo;)V has 0 override(s) in child classes
[076月2026 16:52:20.869] [main/DEBUG] [mixin/]: mixins.arclight.core.json:server.dedicated.DedicatedPlayerListMixin from mod (unknown)->@Inject::arclight$afterSuper(Lorg/spongepowered/asm/mixin/injection/callback/CallbackInfo;)V won't be passed a CallbackInfo as a result
[076月2026 16:52:20.876] [main/DEBUG] [mixin/]: Mixing world.level.storage.PlayerDataStorageMixin from mixins.arclight.core.json into net.minecraft.world.level.storage.PlayerDataStorage
[076月2026 16:52:20.876] [main/DEBUG] [mixin/]: Renaming synthetic method lambda$load$3(Lnet/minecraft/nbt/CompoundTag;)Lnet/minecraft/nbt/CompoundTag; to md93a37e$lambda$load$3$0 in mixins.arclight.core.json:world.level.storage.PlayerDataStorageMixin from mod (unknown)
[076月2026 16:52:20.876] [main/DEBUG] [mixin/]: Renaming synthetic method lambda$load$2(Ljava/lang/String;Ljava/lang/String;)Ljava/util/Optional; to md93a37e$lambda$load$2$1 in mixins.arclight.core.json:world.level.storage.PlayerDataStorageMixin from mod (unknown)
[076月2026 16:52:20.876] [main/DEBUG] [mixin/]: Renaming synthetic method lambda$load$1(Lnet/minecraft/world/entity/player/Player;Lnet/minecraft/nbt/CompoundTag;)Lnet/minecraft/nbt/CompoundTag; to md93a37e$lambda$load$1$2 in mixins.arclight.core.json:world.level.storage.PlayerDataStorageMixin from mod (unknown)
[076月2026 16:52:20.876] [main/DEBUG] [mixin/]: Renaming synthetic method lambda$arclight$lastSeenTime$0(Lnet/minecraft/world/entity/player/Player;Lnet/minecraft/nbt/CompoundTag;)V to md93a37e$lambda$arclight$lastSeenTime$0$3 in mixins.arclight.core.json:world.level.storage.PlayerDataStorageMixin from mod (unknown)
[076月2026 16:52:20.881] [main/DEBUG] [mixin/]: mixins.arclight.core.json:world.level.storage.PlayerDataStorageMixin from mod (unknown)->@Inject::arclight$lastSeenTime(Lnet/minecraft/world/entity/player/Player;Ljava/lang/String;Lorg/spongepowered/asm/mixin/injection/callback/CallbackInfoReturnable;)V does use it's CallbackInfoReturnable
[076月2026 16:52:20.881] [main/DEBUG] [mixin/]: mixins.arclight.core.json:world.level.storage.PlayerDataStorageMixin from mod (unknown)->@Inject::arclight$lastSeenTime(Lnet/minecraft/world/entity/player/Player;Ljava/lang/String;Lorg/spongepowered/asm/mixin/injection/callback/CallbackInfoReturnable;)V does use it's CallbackInfoReturnable
[076月2026 16:52:20.883] [main/DEBUG] [mixin/]: Mixing server.ServerFunctionManagerMixin from mixins.arclight.core.json into net.minecraft.server.ServerFunctionManager
[076月2026 16:52:20.883] [main/DEBUG] [mixin/]: mixins.arclight.core.json:server.ServerFunctionManagerMixin from mod (unknown)->@Inject::arclight$useVanillaDispatcher(Lorg/spongepowered/asm/mixin/injection/callback/CallbackInfoReturnable;)V does use it's CallbackInfoReturnable
[076月2026 16:52:20.888] [main/DEBUG] [mixin/]: Mixing server.rcon.RconConsoleSourceMixin from mixins.arclight.core.json into net.minecraft.server.rcon.RconConsoleSource
[076月2026 16:52:20.892] [Server thread/INFO] [net.minecraft.server.dedicated.DedicatedServer/]: Starting minecraft server version 1.21.1
[076月2026 16:52:20.892] [Server thread/INFO] [net.minecraft.server.dedicated.DedicatedServer/]: Loading properties
[076月2026 16:52:20.892] [Server thread/INFO] [net.minecraft.server.dedicated.DedicatedServer/]: Default game type: SURVIVAL
[076月2026 16:52:20.892] [Server thread/INFO] [net.minecraft.server.MinecraftServer/]: Generating keypair
[076月2026 16:52:20.927] [Server thread/INFO] [net.minecraft.server.dedicated.DedicatedServer/]: Starting Minecraft server on *:25568
[076月2026 16:52:20.927] [Server thread/DEBUG] [net.neoforged.neoforge.network.DualStackUtils/]: Detected IPv6 address: "0:0:0:0:0:0:0:0"
[076月2026 16:52:20.942] [Server thread/DEBUG] [io.netty.channel.MultithreadEventLoopGroup/]: -Dio.netty.eventLoopThreads: 32
[076月2026 16:52:20.948] [Server thread/DEBUG] [io.netty.util.concurrent.GlobalEventExecutor/]: -Dio.netty.globalEventExecutor.quietPeriodSeconds: 1
[076月2026 16:52:20.954] [Server thread/DEBUG] [io.netty.channel.nio.NioEventLoop/]: -Dio.netty.noKeySetOptimization: false
[076月2026 16:52:20.954] [Server thread/DEBUG] [io.netty.channel.nio.NioEventLoop/]: -Dio.netty.selectorAutoRebuildThreshold: 512
[076月2026 16:52:20.958] [Server thread/DEBUG] [io.netty.util.internal.PlatformDependent/]: org.jctools-core.MpscChunkedArrayQueue: available
[076月2026 16:52:20.981] [Server thread/INFO] [net.minecraft.server.network.ServerConnectionListener/]: Using default channel type
[076月2026 16:52:20.994] [Server thread/DEBUG] [io.netty.channel.DefaultChannelId/]: -Dio.netty.processId: 9504 (auto-detected)
[076月2026 16:52:20.995] [Server thread/DEBUG] [io.netty.util.NetUtil/]: -Djava.net.preferIPv4Stack: false
[076月2026 16:52:20.995] [Server thread/DEBUG] [io.netty.util.NetUtil/]: -Djava.net.preferIPv6Addresses: true
[076月2026 16:52:20.997] [Server thread/DEBUG] [io.netty.util.NetUtilInitializations/]: Loopback interface: loopback_0 (Software Loopback Interface 1, 0:0:0:0:0:0:0:1)
[076月2026 16:52:20.997] [Server thread/DEBUG] [io.netty.util.NetUtil/]: Failed to get SOMAXCONN from sysctl and file \proc\sys\net\core\somaxconn. Default: 200
[076月2026 16:52:20.998] [Server thread/DEBUG] [io.netty.channel.DefaultChannelId/]: -Dio.netty.machineId: 4c:5f:70:ff:fe:6d:d7:af (auto-detected)
[076月2026 16:52:21.013] [Server thread/WARN] [net.minecraft.server.dedicated.DedicatedServer/]: **** SERVER IS RUNNING IN OFFLINE/INSECURE MODE!
[076月2026 16:52:21.013] [Server thread/WARN] [net.minecraft.server.dedicated.DedicatedServer/]: The server will make no attempt to authenticate usernames. Beware.
[076月2026 16:52:21.013] [Server thread/WARN] [net.minecraft.server.dedicated.DedicatedServer/]: While this makes the game possible to play without internet access, it also opens up the ability for hackers to connect with any username they choose.
[076月2026 16:52:21.013] [Server thread/WARN] [net.minecraft.server.dedicated.DedicatedServer/]: To change this, set "online-mode" to "true" in the server.properties file.
[076月2026 16:52:21.014] [Server thread/DEBUG] [mixin/]: Mixing server.players.StoredUserListMixin from mixins.arclight.core.json into net.minecraft.server.players.StoredUserList
[076月2026 16:52:21.021] [Server thread/DEBUG] [mixin/]: Mixing bukkit.CraftServerMixin_NeoForge from mixins.arclight.neoforge.json into org.bukkit.craftbukkit.v1_21_R1.CraftServer
[076月2026 16:52:21.021] [Server thread/DEBUG] [mixin/]: Mixing CraftServerMixin from mixins.arclight.bukkit.json into org.bukkit.craftbukkit.v1_21_R1.CraftServer
[076月2026 16:52:21.022] [Server thread/DEBUG] [mixin/]: Renaming synthetic method lambda$bridge$setPlayerList$0(Lnet/minecraft/server/level/ServerPlayer;)Lorg/bukkit/craftbukkit/v1_21_R1/entity/CraftPlayer; to md93a37e$lambda$bridge$setPlayerList$0$0 in mixins.arclight.bukkit.json:CraftServerMixin from mod (unknown)
[076月2026 16:52:21.047] [Server thread/DEBUG] [mixin/]: mixins.arclight.bukkit.json:CraftServerMixin from mod (unknown)->@Inject::arclight$setBrand(Lnet/minecraft/server/dedicated/DedicatedServer;Lnet/minecraft/server/players/PlayerList;Lorg/spongepowered/asm/mixin/injection/callback/CallbackInfo;)V doesn't use it's CallbackInfo
[076月2026 16:52:21.047] [Server thread/DEBUG] [mixin/]: mixins.arclight.bukkit.json:CraftServerMixin from mod (unknown)->@Inject::arclight$returnIfFail(Lorg/bukkit/command/CommandSender;Ljava/lang/String;Lorg/spongepowered/asm/mixin/injection/callback/CallbackInfoReturnable;)V does use it's CallbackInfoReturnable
[076月2026 16:52:21.065] [Server thread/DEBUG] [mixin/]: Mixing CraftRecipeMixin from mixins.arclight.bukkit.json into org.bukkit.craftbukkit.v1_21_R1.inventory.CraftRecipe
[076月2026 16:52:21.065] [Server thread/DEBUG] [mixin/]: Renaming synthetic method lambda$toNMS$1(Lorg/bukkit/inventory/ItemStack;)Lnet/minecraft/world/item/crafting/Ingredient$ItemValue; to md93a37e$lambda$toNMS$1$0 in mixins.arclight.bukkit.json:CraftRecipeMixin from mod (unknown)
[076月2026 16:52:21.065] [Server thread/DEBUG] [mixin/]: Renaming synthetic method lambda$toNMS$0(Lorg/bukkit/Material;)Lnet/minecraft/world/item/crafting/Ingredient$ItemValue; to md93a37e$lambda$toNMS$0$1 in mixins.arclight.bukkit.json:CraftRecipeMixin from mod (unknown)
[076月2026 16:52:21.077] [Server thread/DEBUG] [mixin/]: Mixing CraftItemFactoryMixin from mixins.arclight.bukkit.json into org.bukkit.craftbukkit.v1_21_R1.inventory.CraftItemFactory
[076月2026 16:52:21.078] [Server thread/DEBUG] [mixin/]: mixins.arclight.bukkit.json:CraftItemFactoryMixin from mod (unknown)->@Inject::arclight$getItemMeta(Lorg/bukkit/Material;Lorg/bukkit/craftbukkit/v1_21_R1/inventory/CraftMetaItem;Lorg/spongepowered/asm/mixin/injection/callback/CallbackInfoReturnable;)V does use it's CallbackInfoReturnable
[076月2026 16:52:21.078] [Server thread/DEBUG] [mixin/]: mixins.arclight.bukkit.json:CraftItemFactoryMixin from mod (unknown)->@Inject::arclight$getItemMeta(Lorg/bukkit/Material;Lorg/bukkit/craftbukkit/v1_21_R1/inventory/CraftMetaItem;Lorg/spongepowered/asm/mixin/injection/callback/CallbackInfoReturnable;)V does use it's CallbackInfoReturnable
[076月2026 16:52:21.084] [Server thread/DEBUG] [mixin/]: Mixing CraftSchedulerMixin from mixins.arclight.bukkit.json into org.bukkit.craftbukkit.v1_21_R1.scheduler.CraftScheduler
[076月2026 16:52:21.087] [Server thread/DEBUG] [mixin/]: Mixing plugin.JavaPluginLoaderMixin from mixins.arclight.bukkit.json into org.bukkit.plugin.java.JavaPluginLoader
[076月2026 16:52:21.088] [Server thread/DEBUG] [mixin/]: Renaming synthetic method lambda$createExecutor$0(Ljava/lang/reflect/Method;Ljava/lang/Class;)Ljava/lang/Class; to md93a37e$lambda$createExecutor$0$0 in mixins.arclight.bukkit.json:plugin.JavaPluginLoaderMixin from mod (unknown)
[076月2026 16:52:21.110] [Server thread/DEBUG] [mixin/]: mixins.arclight.bukkit.json:plugin.JavaPluginLoaderMixin from mod (unknown)->@Inject::arclight$initMH(Lorg/bukkit/Server;Lorg/spongepowered/asm/mixin/injection/callback/CallbackInfo;)V doesn't use it's CallbackInfo
[076月2026 16:52:21.142] [Server thread/DEBUG] [mixin/]: Mixing bukkit.StandardMessengerMixin_NeoForge from mixins.arclight.neoforge.json into org.bukkit.plugin.messaging.StandardMessenger
[076月2026 16:52:21.142] [Server thread/DEBUG] [mixin/]: Mixing StandardMessengerMixin from mixins.arclight.bukkit.json into org.bukkit.plugin.messaging.StandardMessenger
[076月2026 16:52:21.143] [Server thread/DEBUG] [mixin/]: Renaming synthetic method lambda$arclight$updateChannel$2(ZLjava/lang/String;Lnet/minecraft/resources/ResourceLocation;Lnet/minecraft/resources/ResourceLocation;)Lio/izzel/arclight/common/mod/plugin/messaging/ArclightPluginChannel; to md93a37e$lambda$arclight$updateChannel$2$0 in mixins.arclight.bukkit.json:StandardMessengerMixin from mod (unknown)
[076月2026 16:52:21.143] [Server thread/DEBUG] [mixin/]: Renaming synthetic method lambda$arclight$updateChannel$1(Ljava/lang/String;)Ljava/util/Set; to md93a37e$lambda$arclight$updateChannel$1$1 in mixins.arclight.bukkit.json:StandardMessengerMixin from mod (unknown)
[076月2026 16:52:21.143] [Server thread/DEBUG] [mixin/]: Renaming synthetic method lambda$arclight$updateChannel$0(Ljava/lang/String;)Ljava/util/Set; to md93a37e$lambda$arclight$updateChannel$0$2 in mixins.arclight.bukkit.json:StandardMessengerMixin from mod (unknown)
[076月2026 16:52:21.150] [Server thread/DEBUG] [mixin/]: mixins.arclight.bukkit.json:StandardMessengerMixin from mod (unknown)->@Inject::arclight$init(Lorg/spongepowered/asm/mixin/injection/callback/CallbackInfo;)V doesn't use it's CallbackInfo
[076月2026 16:52:21.150] [Server thread/DEBUG] [mixin/]: mixins.arclight.bukkit.json:StandardMessengerMixin from mod (unknown)->@Inject::arclight$init(Lorg/spongepowered/asm/mixin/injection/callback/CallbackInfo;)V has 0 override(s) in child classes
[076月2026 16:52:21.150] [Server thread/DEBUG] [mixin/]: mixins.arclight.bukkit.json:StandardMessengerMixin from mod (unknown)->@Inject::arclight$init(Lorg/spongepowered/asm/mixin/injection/callback/CallbackInfo;)V won't be passed a CallbackInfo as a result
[076月2026 16:52:21.150] [Server thread/DEBUG] [mixin/]: mixins.arclight.bukkit.json:StandardMessengerMixin from mod (unknown)->@Inject::arclight$registerOut(Lorg/bukkit/plugin/Plugin;Ljava/lang/String;Lorg/spongepowered/asm/mixin/injection/callback/CallbackInfo;)V doesn't use it's CallbackInfo
[076月2026 16:52:21.150] [Server thread/DEBUG] [mixin/]: mixins.arclight.bukkit.json:StandardMessengerMixin from mod (unknown)->@Inject::arclight$registerOut(Lorg/bukkit/plugin/Plugin;Ljava/lang/String;Lorg/spongepowered/asm/mixin/injection/callback/CallbackInfo;)V has 0 override(s) in child classes
[076月2026 16:52:21.150] [Server thread/DEBUG] [mixin/]: mixins.arclight.bukkit.json:StandardMessengerMixin from mod (unknown)->@Inject::arclight$registerOut(Lorg/bukkit/plugin/Plugin;Ljava/lang/String;Lorg/spongepowered/asm/mixin/injection/callback/CallbackInfo;)V won't be passed a CallbackInfo as a result
[076月2026 16:52:21.150] [Server thread/DEBUG] [mixin/]: mixins.arclight.bukkit.json:StandardMessengerMixin from mod (unknown)->@Inject::arclight$unregisterOut(Lorg/bukkit/plugin/Plugin;Ljava/lang/String;Lorg/spongepowered/asm/mixin/injection/callback/CallbackInfo;)V doesn't use it's CallbackInfo
[076月2026 16:52:21.150] [Server thread/DEBUG] [mixin/]: mixins.arclight.bukkit.json:StandardMessengerMixin from mod (unknown)->@Inject::arclight$unregisterOut(Lorg/bukkit/plugin/Plugin;Ljava/lang/String;Lorg/spongepowered/asm/mixin/injection/callback/CallbackInfo;)V has 0 override(s) in child classes
[076月2026 16:52:21.150] [Server thread/DEBUG] [mixin/]: mixins.arclight.bukkit.json:StandardMessengerMixin from mod (unknown)->@Inject::arclight$unregisterOut(Lorg/bukkit/plugin/Plugin;Ljava/lang/String;Lorg/spongepowered/asm/mixin/injection/callback/CallbackInfo;)V won't be passed a CallbackInfo as a result
[076月2026 16:52:21.150] [Server thread/DEBUG] [mixin/]: mixins.arclight.bukkit.json:StandardMessengerMixin from mod (unknown)->@Inject::arclight$registerIn(Lorg/bukkit/plugin/messaging/PluginMessageListenerRegistration;Lorg/spongepowered/asm/mixin/injection/callback/CallbackInfo;)V doesn't use it's CallbackInfo
[076月2026 16:52:21.150] [Server thread/DEBUG] [mixin/]: mixins.arclight.bukkit.json:StandardMessengerMixin from mod (unknown)->@Inject::arclight$registerIn(Lorg/bukkit/plugin/messaging/PluginMessageListenerRegistration;Lorg/spongepowered/asm/mixin/injection/callback/CallbackInfo;)V has 0 override(s) in child classes
[076月2026 16:52:21.150] [Server thread/DEBUG] [mixin/]: mixins.arclight.bukkit.json:StandardMessengerMixin from mod (unknown)->@Inject::arclight$registerIn(Lorg/bukkit/plugin/messaging/PluginMessageListenerRegistration;Lorg/spongepowered/asm/mixin/injection/callback/CallbackInfo;)V won't be passed a CallbackInfo as a result
[076月2026 16:52:21.150] [Server thread/DEBUG] [mixin/]: mixins.arclight.bukkit.json:StandardMessengerMixin from mod (unknown)->@Inject::arclight$unregisterIn(Lorg/bukkit/plugin/messaging/PluginMessageListenerRegistration;Lorg/spongepowered/asm/mixin/injection/callback/CallbackInfo;)V doesn't use it's CallbackInfo
[076月2026 16:52:21.150] [Server thread/DEBUG] [mixin/]: mixins.arclight.bukkit.json:StandardMessengerMixin from mod (unknown)->@Inject::arclight$unregisterIn(Lorg/bukkit/plugin/messaging/PluginMessageListenerRegistration;Lorg/spongepowered/asm/mixin/injection/callback/CallbackInfo;)V has 0 override(s) in child classes
[076月2026 16:52:21.150] [Server thread/DEBUG] [mixin/]: mixins.arclight.bukkit.json:StandardMessengerMixin from mod (unknown)->@Inject::arclight$unregisterIn(Lorg/bukkit/plugin/messaging/PluginMessageListenerRegistration;Lorg/spongepowered/asm/mixin/injection/callback/CallbackInfo;)V won't be passed a CallbackInfo as a result
[076月2026 16:52:21.150] [Server thread/DEBUG] [mixin/]: mixins.arclight.bukkit.json:StandardMessengerMixin from mod (unknown)->@Inject::arclight$enhancedValidation(Ljava/lang/String;Lorg/spongepowered/asm/mixin/injection/callback/CallbackInfoReturnable;)V does use it's CallbackInfoReturnable
[076月2026 16:52:21.156] [Server thread/DEBUG] [mixin/]: Mixing plugin.SimplePluginManagerAccessor from mixins.arclight.bukkit.json into org.bukkit.plugin.SimplePluginManager
[076月2026 16:52:21.168] [Server thread/INFO] [Minecraft/]: This server is running Arclight version arclight-1.21.1-1.0.2-SNAPSHOT-0769551 (MC: 1.21.1) (Implementing API version 1.21.1-R0.1-SNAPSHOT)
[076月2026 16:52:21.169] [Server thread/DEBUG] [mixin/]: Mixing Registry_SimpleRegistryMixin from mixins.arclight.bukkit.json into org.bukkit.Registry$SimpleRegistry
[076月2026 16:52:21.170] [Server thread/DEBUG] [mixin/]: Renaming synthetic method lambda$arclight$init$0(Ljava/lang/Class;Ljava/util/function/Predicate;)V to md93a37e$lambda$arclight$init$0$0 in mixins.arclight.bukkit.json:Registry_SimpleRegistryMixin from mod (unknown)
[076月2026 16:52:21.171] [Server thread/DEBUG] [mixin/]: mixins.arclight.bukkit.json:Registry_SimpleRegistryMixin from mod (unknown)->@Inject::arclight$init(Ljava/lang/Class;Ljava/util/function/Predicate;Lorg/spongepowered/asm/mixin/injection/callback/CallbackInfo;)V doesn't use it's CallbackInfo
[076月2026 16:52:21.172] [Server thread/DEBUG] [Implementer/]: Definalize enum class org/bukkit/Art values field $VALUES
[076月2026 16:52:21.181] [Server thread/DEBUG] [Implementer/]: Definalize enum class org/bukkit/block/Biome values field $VALUES
[076月2026 16:52:21.182] [Server thread/DEBUG] [mixin/]: Mixing CraftBlockTypeMixin from mixins.arclight.bukkit.json into org.bukkit.craftbukkit.v1_21_R1.block.CraftBlockType
[076月2026 16:52:21.197] [Server thread/DEBUG] [mixin/]: Mixing EntityTypeMixin from mixins.arclight.bukkit.json into org.bukkit.entity.EntityType
[076月2026 16:52:21.197] [Server thread/DEBUG] [mixin/]: Renaming synthetic method lambda$setup$0(Lorg/bukkit/Location;)Lnet/minecraft/world/entity/Entity; to md93a37e$lambda$setup$0$0 in mixins.arclight.bukkit.json:EntityTypeMixin from mod (unknown)
[076月2026 16:52:21.200] [Server thread/DEBUG] [Implementer/]: Definalize enum class org/bukkit/entity/EntityType values field $VALUES
[076月2026 16:52:21.313] [Server thread/DEBUG] [Implementer/INVENTORY]: Implementing inventory for class org/bukkit/craftbukkit/v1_21_R1/inventory/CraftItemType
[076月2026 16:52:21.330] [Server thread/DEBUG] [mixin/]: Mixing bukkit.MaterialMixin_NeoForge from mixins.arclight.neoforge.json into org.bukkit.Material
[076月2026 16:52:21.330] [Server thread/DEBUG] [mixin/]: Mixing MaterialMixin from mixins.arclight.bukkit.json into org.bukkit.Material
[076月2026 16:52:21.331] [Server thread/DEBUG] [mixin/]: Renaming synthetic method lambda$dynamicMetaCreator$24(Ljava/lang/reflect/Constructor;Lorg/bukkit/craftbukkit/v1_21_R1/inventory/CraftMetaItem;)Lorg/bukkit/inventory/meta/ItemMeta; to md93a37e$lambda$dynamicMetaCreator$24$0 in mixins.arclight.bukkit.json:MaterialMixin from mod (unknown)
[076月2026 16:52:21.331] [Server thread/DEBUG] [mixin/]: Renaming synthetic method lambda$dynamicMetaCreator$23(Ljava/lang/reflect/Constructor;Lorg/bukkit/craftbukkit/v1_21_R1/inventory/CraftMetaItem;)Lorg/bukkit/inventory/meta/ItemMeta; to md93a37e$lambda$dynamicMetaCreator$23$1 in mixins.arclight.bukkit.json:MaterialMixin from mod (unknown)
[076月2026 16:52:21.331] [Server thread/DEBUG] [mixin/]: Renaming synthetic method lambda$dynamicMetaCreator$22(Ljava/lang/reflect/Constructor;Lorg/bukkit/craftbukkit/v1_21_R1/inventory/CraftMetaItem;)Lorg/bukkit/inventory/meta/ItemMeta; to md93a37e$lambda$dynamicMetaCreator$22$2 in mixins.arclight.bukkit.json:MaterialMixin from mod (unknown)
[076月2026 16:52:21.331] [Server thread/DEBUG] [mixin/]: Renaming synthetic method lambda$dynamicMetaCreator$21(Ljava/lang/reflect/Constructor;Lorg/bukkit/craftbukkit/v1_21_R1/inventory/CraftMetaItem;)Lorg/bukkit/inventory/meta/ItemMeta; to md93a37e$lambda$dynamicMetaCreator$21$3 in mixins.arclight.bukkit.json:MaterialMixin from mod (unknown)
[076月2026 16:52:21.331] [Server thread/DEBUG] [mixin/]: Renaming synthetic method lambda$setupBlockStateFunc$20(Ljava/lang/reflect/Constructor;Lorg/bukkit/craftbukkit/v1_21_R1/block/CraftBlock;)Lorg/bukkit/block/BlockState; to md93a37e$lambda$setupBlockStateFunc$20$4 in mixins.arclight.bukkit.json:MaterialMixin from mod (unknown)
[076月2026 16:52:21.331] [Server thread/DEBUG] [mixin/]: Renaming synthetic method lambda$arclight$setupCommon$19(Ljava/util/function/BiFunction;Lorg/bukkit/craftbukkit/v1_21_R1/inventory/CraftMetaItem;)Lorg/bukkit/inventory/meta/ItemMeta; to md93a37e$lambda$arclight$setupCommon$19$5 in mixins.arclight.bukkit.json:MaterialMixin from mod (unknown)
[076月2026 16:52:21.331] [Server thread/DEBUG] [mixin/]: Renaming synthetic method lambda$static$18(Lorg/bukkit/Material;Lorg/bukkit/craftbukkit/v1_21_R1/inventory/CraftMetaItem;)Lorg/bukkit/inventory/meta/ItemMeta; to md93a37e$lambda$static$18$6 in mixins.arclight.bukkit.json:MaterialMixin from mod (unknown)
[076月2026 16:52:21.331] [Server thread/DEBUG] [mixin/]: Renaming synthetic method lambda$static$17(Lorg/bukkit/Material;Lorg/bukkit/craftbukkit/v1_21_R1/inventory/CraftMetaItem;)Lorg/bukkit/inventory/meta/ItemMeta; to md93a37e$lambda$static$17$7 in mixins.arclight.bukkit.json:MaterialMixin from mod (unknown)
[076月2026 16:52:21.331] [Server thread/DEBUG] [mixin/]: Renaming synthetic method lambda$static$16(Lorg/bukkit/Material;Lorg/bukkit/craftbukkit/v1_21_R1/inventory/CraftMetaItem;)Lorg/bukkit/inventory/meta/ItemMeta; to md93a37e$lambda$static$16$8 in mixins.arclight.bukkit.json:MaterialMixin from mod (unknown)
[076月2026 16:52:21.331] [Server thread/DEBUG] [mixin/]: Renaming synthetic method lambda$static$15(Lorg/bukkit/Material;Lorg/bukkit/craftbukkit/v1_21_R1/inventory/CraftMetaItem;)Lorg/bukkit/inventory/meta/ItemMeta; to md93a37e$lambda$static$15$9 in mixins.arclight.bukkit.json:MaterialMixin from mod (unknown)
[076月2026 16:52:21.331] [Server thread/DEBUG] [mixin/]: Renaming synthetic method lambda$static$14(Lorg/bukkit/Material;Lorg/bukkit/craftbukkit/v1_21_R1/inventory/CraftMetaItem;)Lorg/bukkit/inventory/meta/ItemMeta; to md93a37e$lambda$static$14$a in mixins.arclight.bukkit.json:MaterialMixin from mod (unknown)
[076月2026 16:52:21.331] [Server thread/DEBUG] [mixin/]: Renaming synthetic method lambda$static$13(Lorg/bukkit/Material;Lorg/bukkit/craftbukkit/v1_21_R1/inventory/CraftMetaItem;)Lorg/bukkit/inventory/meta/ItemMeta; to md93a37e$lambda$static$13$b in mixins.arclight.bukkit.json:MaterialMixin from mod (unknown)
[076月2026 16:52:21.331] [Server thread/DEBUG] [mixin/]: Renaming synthetic method lambda$static$12(Lorg/bukkit/Material;Lorg/bukkit/craftbukkit/v1_21_R1/inventory/CraftMetaItem;)Lorg/bukkit/inventory/meta/ItemMeta; to md93a37e$lambda$static$12$c in mixins.arclight.bukkit.json:MaterialMixin from mod (unknown)
[076月2026 16:52:21.331] [Server thread/DEBUG] [mixin/]: Renaming synthetic method lambda$static$11(Lorg/bukkit/Material;Lorg/bukkit/craftbukkit/v1_21_R1/inventory/CraftMetaItem;)Lorg/bukkit/inventory/meta/ItemMeta; to md93a37e$lambda$static$11$d in mixins.arclight.bukkit.json:MaterialMixin from mod (unknown)
[076月2026 16:52:21.331] [Server thread/DEBUG] [mixin/]: Renaming synthetic method lambda$static$10(Lorg/bukkit/Material;Lorg/bukkit/craftbukkit/v1_21_R1/inventory/CraftMetaItem;)Lorg/bukkit/inventory/meta/ItemMeta; to md93a37e$lambda$static$10$e in mixins.arclight.bukkit.json:MaterialMixin from mod (unknown)
[076月2026 16:52:21.331] [Server thread/DEBUG] [mixin/]: Renaming synthetic method lambda$static$9(Lorg/bukkit/Material;Lorg/bukkit/craftbukkit/v1_21_R1/inventory/CraftMetaItem;)Lorg/bukkit/inventory/meta/ItemMeta; to md93a37e$lambda$static$9$f in mixins.arclight.bukkit.json:MaterialMixin from mod (unknown)
[076月2026 16:52:21.331] [Server thread/DEBUG] [mixin/]: Renaming synthetic method lambda$static$8(Lorg/bukkit/Material;Lorg/bukkit/craftbukkit/v1_21_R1/inventory/CraftMetaItem;)Lorg/bukkit/inventory/meta/ItemMeta; to md93a37e$lambda$static$8$10 in mixins.arclight.bukkit.json:MaterialMixin from mod (unknown)
[076月2026 16:52:21.331] [Server thread/DEBUG] [mixin/]: Renaming synthetic method lambda$static$7(Lorg/bukkit/Material;Lorg/bukkit/craftbukkit/v1_21_R1/inventory/CraftMetaItem;)Lorg/bukkit/inventory/meta/ItemMeta; to md93a37e$lambda$static$7$11 in mixins.arclight.bukkit.json:MaterialMixin from mod (unknown)
[076月2026 16:52:21.331] [Server thread/DEBUG] [mixin/]: Renaming synthetic method lambda$static$6(Lorg/bukkit/Material;Lorg/bukkit/craftbukkit/v1_21_R1/inventory/CraftMetaItem;)Lorg/bukkit/inventory/meta/ItemMeta; to md93a37e$lambda$static$6$12 in mixins.arclight.bukkit.json:MaterialMixin from mod (unknown)
[076月2026 16:52:21.331] [Server thread/DEBUG] [mixin/]: Renaming synthetic method lambda$static$5(Lorg/bukkit/Material;Lorg/bukkit/craftbukkit/v1_21_R1/inventory/CraftMetaItem;)Lorg/bukkit/inventory/meta/ItemMeta; to md93a37e$lambda$static$5$13 in mixins.arclight.bukkit.json:MaterialMixin from mod (unknown)
[076月2026 16:52:21.331] [Server thread/DEBUG] [mixin/]: Renaming synthetic method lambda$static$4(Lorg/bukkit/Material;Lorg/bukkit/craftbukkit/v1_21_R1/inventory/CraftMetaItem;)Lorg/bukkit/inventory/meta/ItemMeta; to md93a37e$lambda$static$4$14 in mixins.arclight.bukkit.json:MaterialMixin from mod (unknown)
[076月2026 16:52:21.331] [Server thread/DEBUG] [mixin/]: Renaming synthetic method lambda$static$3(Lorg/bukkit/Material;Lorg/bukkit/craftbukkit/v1_21_R1/inventory/CraftMetaItem;)Lorg/bukkit/inventory/meta/ItemMeta; to md93a37e$lambda$static$3$15 in mixins.arclight.bukkit.json:MaterialMixin from mod (unknown)
[076月2026 16:52:21.331] [Server thread/DEBUG] [mixin/]: Renaming synthetic method lambda$static$2(Lorg/bukkit/Material;Lorg/bukkit/craftbukkit/v1_21_R1/inventory/CraftMetaItem;)Lorg/bukkit/inventory/meta/ItemMeta; to md93a37e$lambda$static$2$16 in mixins.arclight.bukkit.json:MaterialMixin from mod (unknown)
[076月2026 16:52:21.331] [Server thread/DEBUG] [mixin/]: Renaming synthetic method lambda$static$1(Lorg/bukkit/Material;Lorg/bukkit/craftbukkit/v1_21_R1/inventory/CraftMetaItem;)Lorg/bukkit/inventory/meta/ItemMeta; to md93a37e$lambda$static$1$17 in mixins.arclight.bukkit.json:MaterialMixin from mod (unknown)
[076月2026 16:52:21.331] [Server thread/DEBUG] [mixin/]: Renaming synthetic method lambda$static$0(Lorg/bukkit/Material;Lorg/bukkit/craftbukkit/v1_21_R1/inventory/CraftMetaItem;)Lorg/bukkit/inventory/meta/ItemMeta; to md93a37e$lambda$static$0$18 in mixins.arclight.bukkit.json:MaterialMixin from mod (unknown)
[076月2026 16:52:21.356] [Server thread/DEBUG] [mixin/]: mixins.arclight.bukkit.json:MaterialMixin from mod (unknown)->@Inject::arclight$isBlock(Lorg/spongepowered/asm/mixin/injection/callback/CallbackInfoReturnable;)V does use it's CallbackInfoReturnable
[076月2026 16:52:21.356] [Server thread/DEBUG] [mixin/]: mixins.arclight.bukkit.json:MaterialMixin from mod (unknown)->@Inject::arclight$isItem(Lorg/spongepowered/asm/mixin/injection/callback/CallbackInfoReturnable;)V does use it's CallbackInfoReturnable
[076月2026 16:52:21.356] [Server thread/DEBUG] [mixin/]: mixins.arclight.bukkit.json:MaterialMixin from mod (unknown)->@Inject::arclight$isEdible(Lorg/spongepowered/asm/mixin/injection/callback/CallbackInfoReturnable;)V does use it's CallbackInfoReturnable
[076月2026 16:52:21.356] [Server thread/DEBUG] [mixin/]: mixins.arclight.bukkit.json:MaterialMixin from mod (unknown)->@Inject::arclight$isRecord(Lorg/spongepowered/asm/mixin/injection/callback/CallbackInfoReturnable;)V does use it's CallbackInfoReturnable
[076月2026 16:52:21.356] [Server thread/DEBUG] [mixin/]: mixins.arclight.bukkit.json:MaterialMixin from mod (unknown)->@Inject::arclight$isSolid(Lorg/spongepowered/asm/mixin/injection/callback/CallbackInfoReturnable;)V does use it's CallbackInfoReturnable
[076月2026 16:52:21.356] [Server thread/DEBUG] [mixin/]: mixins.arclight.bukkit.json:MaterialMixin from mod (unknown)->@Inject::arclight$isAir(Lorg/spongepowered/asm/mixin/injection/callback/CallbackInfoReturnable;)V does use it's CallbackInfoReturnable
[076月2026 16:52:21.356] [Server thread/DEBUG] [mixin/]: mixins.arclight.bukkit.json:MaterialMixin from mod (unknown)->@Inject::arclight$isTransparent(Lorg/spongepowered/asm/mixin/injection/callback/CallbackInfoReturnable;)V does use it's CallbackInfoReturnable
[076月2026 16:52:21.356] [Server thread/DEBUG] [mixin/]: mixins.arclight.bukkit.json:MaterialMixin from mod (unknown)->@Inject::arclight$isFlammable(Lorg/spongepowered/asm/mixin/injection/callback/CallbackInfoReturnable;)V does use it's CallbackInfoReturnable
[076月2026 16:52:21.356] [Server thread/DEBUG] [mixin/]: mixins.arclight.bukkit.json:MaterialMixin from mod (unknown)->@Inject::arclight$isBurnable(Lorg/spongepowered/asm/mixin/injection/callback/CallbackInfoReturnable;)V does use it's CallbackInfoReturnable
[076月2026 16:52:21.356] [Server thread/DEBUG] [mixin/]: mixins.arclight.bukkit.json:MaterialMixin from mod (unknown)->@Inject::arclight$isFuel(Lorg/spongepowered/asm/mixin/injection/callback/CallbackInfoReturnable;)V does use it's CallbackInfoReturnable
[076月2026 16:52:21.356] [Server thread/DEBUG] [mixin/]: mixins.arclight.bukkit.json:MaterialMixin from mod (unknown)->@Inject::arclight$isOccluding(Lorg/spongepowered/asm/mixin/injection/callback/CallbackInfoReturnable;)V does use it's CallbackInfoReturnable
[076月2026 16:52:21.356] [Server thread/DEBUG] [mixin/]: mixins.arclight.bukkit.json:MaterialMixin from mod (unknown)->@Inject::arclight$hasGravity(Lorg/spongepowered/asm/mixin/injection/callback/CallbackInfoReturnable;)V does use it's CallbackInfoReturnable
[076月2026 16:52:21.356] [Server thread/DEBUG] [mixin/]: mixins.arclight.bukkit.json:MaterialMixin from mod (unknown)->@Inject::arclight$isInteractable(Lorg/spongepowered/asm/mixin/injection/callback/CallbackInfoReturnable;)V does use it's CallbackInfoReturnable
[076月2026 16:52:21.356] [Server thread/DEBUG] [mixin/]: mixins.arclight.bukkit.json:MaterialMixin from mod (unknown)->@Inject::arclight$getHardness(Lorg/spongepowered/asm/mixin/injection/callback/CallbackInfoReturnable;)V does use it's CallbackInfoReturnable
[076月2026 16:52:21.356] [Server thread/DEBUG] [mixin/]: mixins.arclight.bukkit.json:MaterialMixin from mod (unknown)->@Inject::arclight$getBlastResistance(Lorg/spongepowered/asm/mixin/injection/callback/CallbackInfoReturnable;)V does use it's CallbackInfoReturnable
[076月2026 16:52:21.356] [Server thread/DEBUG] [mixin/]: mixins.arclight.bukkit.json:MaterialMixin from mod (unknown)->@Inject::arclight$getMaxStackSize(Lorg/spongepowered/asm/mixin/injection/callback/CallbackInfoReturnable;)V does use it's CallbackInfoReturnable
[076月2026 16:52:21.356] [Server thread/DEBUG] [mixin/]: mixins.arclight.bukkit.json:MaterialMixin from mod (unknown)->@Inject::arclight$getMaxDurability(Lorg/spongepowered/asm/mixin/injection/callback/CallbackInfoReturnable;)V does use it's CallbackInfoReturnable
[076月2026 16:52:21.356] [Server thread/DEBUG] [mixin/]: mixins.arclight.bukkit.json:MaterialMixin from mod (unknown)->@Inject::arclight$getCraftingRemainingItem(Lorg/spongepowered/asm/mixin/injection/callback/CallbackInfoReturnable;)V does use it's CallbackInfoReturnable
[076月2026 16:52:21.358] [Server thread/DEBUG] [Implementer/INVENTORY]: Implementing inventory for class org/bukkit/Material
[076月2026 16:52:21.358] [Server thread/DEBUG] [Implementer/]: Definalize enum class org/bukkit/Material values field $VALUES
[076月2026 16:52:21.360] [Server thread/DEBUG] [Implementer/INVENTORY]: Implementing inventory for class org/bukkit/craftbukkit/v1_21_R1/inventory/CraftMetaSuspiciousStew
[076月2026 16:52:21.361] [Server thread/DEBUG] [Implementer/INVENTORY]: Implementing inventory for class org/bukkit/craftbukkit/v1_21_R1/inventory/CraftMetaItem
[076月2026 16:52:21.362] [Server thread/DEBUG] [Implementer/INVENTORY]: Implementing inventory for class org/bukkit/craftbukkit/v1_21_R1/inventory/CraftMetaCrossbow
[076月2026 16:52:21.363] [Server thread/DEBUG] [Implementer/INVENTORY]: Implementing inventory for class org/bukkit/craftbukkit/v1_21_R1/inventory/CraftMetaKnowledgeBook
[076月2026 16:52:21.363] [Server thread/DEBUG] [Implementer/INVENTORY]: Implementing inventory for class org/bukkit/craftbukkit/v1_21_R1/inventory/CraftMetaSpawnEgg
[076月2026 16:52:21.364] [Server thread/DEBUG] [Implementer/INVENTORY]: Implementing inventory for class org/bukkit/craftbukkit/v1_21_R1/inventory/CraftMetaBookSigned
[076月2026 16:52:21.365] [Server thread/DEBUG] [Implementer/INVENTORY]: Implementing inventory for class org/bukkit/craftbukkit/v1_21_R1/inventory/CraftMetaBook
[076月2026 16:52:21.365] [Server thread/DEBUG] [Implementer/INVENTORY]: Implementing inventory for class org/bukkit/craftbukkit/v1_21_R1/inventory/CraftMetaBanner
[076月2026 16:52:21.365] [Server thread/DEBUG] [Implementer/INVENTORY]: Implementing inventory for class org/bukkit/craftbukkit/v1_21_R1/inventory/CraftMetaArmorStand
[076月2026 16:52:21.372] [Server thread/DEBUG] [mixin/]: Mixing CraftMetaItemMixin from mixins.arclight.bukkit.json into org.bukkit.craftbukkit.v1_21_R1.inventory.CraftMetaItem
[076月2026 16:52:21.373] [Server thread/DEBUG] [Implementer/INVENTORY]: Implementing inventory for class org/bukkit/craftbukkit/v1_21_R1/inventory/CraftMetaItem
[076月2026 16:52:21.377] [Server thread/DEBUG] [Implementer/INVENTORY]: Implementing inventory for class org/bukkit/craftbukkit/v1_21_R1/inventory/CraftMetaCrossbow
[076月2026 16:52:21.378] [Server thread/DEBUG] [Implementer/INVENTORY]: Implementing inventory for class org/bukkit/craftbukkit/v1_21_R1/inventory/CraftMetaBook
[076月2026 16:52:21.380] [Server thread/DEBUG] [Implementer/INVENTORY]: Implementing inventory for class org/bukkit/craftbukkit/v1_21_R1/inventory/CraftMetaBookSigned
[076月2026 16:52:21.381] [Server thread/DEBUG] [Implementer/INVENTORY]: Implementing inventory for class org/bukkit/craftbukkit/v1_21_R1/inventory/CraftMetaSuspiciousStew
[076月2026 16:52:21.381] [Server thread/DEBUG] [Implementer/INVENTORY]: Implementing inventory for class org/bukkit/craftbukkit/v1_21_R1/inventory/CraftMetaArmorStand
[076月2026 16:52:21.384] [Server thread/DEBUG] [Implementer/INVENTORY]: Implementing inventory for class org/bukkit/craftbukkit/v1_21_R1/inventory/CraftMetaKnowledgeBook
[076月2026 16:52:21.387] [Server thread/DEBUG] [Implementer/INVENTORY]: Implementing inventory for class org/bukkit/craftbukkit/v1_21_R1/inventory/CraftMetaBanner
[076月2026 16:52:21.388] [Server thread/DEBUG] [Implementer/INVENTORY]: Implementing inventory for class org/bukkit/craftbukkit/v1_21_R1/inventory/CraftMetaSpawnEgg
[076月2026 16:52:21.411] [Server thread/DEBUG] [Implementer/]: Definalize enum class org/bukkit/inventory/CreativeCategory values field $VALUES
[076月2026 16:52:21.527] [Server thread/DEBUG] [mixin/]: Mixing PotionTypeMixin from mixins.arclight.bukkit.json into org.bukkit.potion.PotionType
[076月2026 16:52:21.528] [Server thread/DEBUG] [Implementer/]: Definalize enum class org/bukkit/potion/PotionType values field $VALUES
[076月2026 16:52:21.529] [Server thread/DEBUG] [Implementer/]: Definalize enum class org/bukkit/Statistic values field $VALUES
[076月2026 16:52:21.589] [Server thread/DEBUG] [Implementer/]: Definalize enum class org/bukkit/Fluid values field $VALUES
[076月2026 16:52:21.605] [Server thread/DEBUG] [Implementer/]: Definalize enum class org/bukkit/entity/SpawnCategory values field $VALUES
[076月2026 16:52:21.605] [Server thread/DEBUG] [mixin/]: Mixing CraftSpawnCategoryMixin from mixins.arclight.bukkit.json into org.bukkit.craftbukkit.v1_21_R1.util.CraftSpawnCategory
[076月2026 16:52:21.606] [Server thread/DEBUG] [mixin/]: mixins.arclight.bukkit.json:CraftSpawnCategoryMixin from mod (unknown)->@Inject::arclight$modToBukkit(Lnet/minecraft/world/entity/MobCategory;Lorg/spongepowered/asm/mixin/injection/callback/CallbackInfoReturnable;)V does use it's CallbackInfoReturnable
[076月2026 16:52:21.606] [Server thread/DEBUG] [mixin/]: mixins.arclight.bukkit.json:CraftSpawnCategoryMixin from mod (unknown)->@Inject::arclight$bukkitToMod(Lorg/bukkit/entity/SpawnCategory;Lorg/spongepowered/asm/mixin/injection/callback/CallbackInfoReturnable;)V does use it's CallbackInfoReturnable
[076月2026 16:52:21.607] [Server thread/DEBUG] [Implementer/SWITCH_TABLE]: Candidate switch enum method <clinit>()V class org/bukkit/craftbukkit/v1_21_R1/util/CraftSpawnCategory$1
[076月2026 16:52:21.607] [Server thread/DEBUG] [Implementer/SWITCH_TABLE]: Find switch(enum org/bukkit/entity/SpawnCategory) table method <clinit>()V in class org/bukkit/craftbukkit/v1_21_R1/util/CraftSpawnCategory$1
[076月2026 16:52:21.607] [Server thread/DEBUG] [Implementer/SWITCH_TABLE]: Inject method in method org/bukkit/craftbukkit/v1_21_R1/util/CraftSpawnCategory$1:<clinit>()V, switch table field is $SwitchMap$org$bukkit$entity$SpawnCategory[I
[076月2026 16:52:21.607] [Server thread/DEBUG] [Implementer/SWITCH_TABLE]: Filling switch table for class org.bukkit.entity.SpawnCategory
[076月2026 16:52:21.608] [Server thread/INFO] [Minecraft/]: *** This version of Spigot contains changes to some enums. If you notice that plugins no longer work after updating, please report this to the developers of those plugins first. ***
[076月2026 16:52:21.608] [Server thread/INFO] [Minecraft/]: *** If you cannot update those plugins, you can try setting `settings.compatibility.enum-compatibility-mode` to `true` in `bukkit.yml`. ***
[076月2026 16:52:21.636] [Server thread/DEBUG] [mixin/]: Mixing ColouredConsoleSenderMixin from mixins.arclight.bukkit.json into org.bukkit.craftbukkit.v1_21_R1.command.ColouredConsoleSender
[076月2026 16:52:21.639] [Server thread/DEBUG] [mixin/]: Mixing CraftConsoleCommandSenderMixin from mixins.arclight.bukkit.json into org.bukkit.craftbukkit.v1_21_R1.command.CraftConsoleCommandSender
[076月2026 16:52:21.648] [Server thread/INFO] [Arclight/]: 正在向 Bukkit 注册 ...
[076月2026 16:52:21.659] [Server thread/INFO] [Arclight/]: 注册了 0 个材料，其中 0 个方块 0 个物品
[076月2026 16:52:21.684] [Server thread/DEBUG] [mixin/]: Mixing CraftAbstractVillagerMixin from mixins.arclight.bukkit.json into org.bukkit.craftbukkit.v1_21_R1.entity.CraftAbstractVillager
[076月2026 16:52:21.688] [Server thread/DEBUG] [mixin/]: Mixing CraftSpellcasterMixin from mixins.arclight.bukkit.json into org.bukkit.craftbukkit.v1_21_R1.entity.CraftSpellcaster
[076月2026 16:52:21.734] [Server thread/DEBUG] [mixin/]: Mixing CraftEnderDragonMixin from mixins.arclight.bukkit.json into org.bukkit.craftbukkit.v1_21_R1.entity.CraftEnderDragon
[076月2026 16:52:21.735] [Server thread/DEBUG] [mixin/]: mixins.arclight.bukkit.json:CraftEnderDragonMixin from mod (unknown)->@Inject::arclight$getPhase(Lorg/spongepowered/asm/mixin/injection/callback/CallbackInfoReturnable;)V doesn't use it's CallbackInfoReturnable
[076月2026 16:52:21.735] [Server thread/DEBUG] [mixin/]: mixins.arclight.bukkit.json:CraftEnderDragonMixin from mod (unknown)->@Inject::arclight$getPhase(Lorg/spongepowered/asm/mixin/injection/callback/CallbackInfoReturnable;)V has 0 override(s) in child classes
[076月2026 16:52:21.735] [Server thread/DEBUG] [mixin/]: mixins.arclight.bukkit.json:CraftEnderDragonMixin from mod (unknown)->@Inject::arclight$getPhase(Lorg/spongepowered/asm/mixin/injection/callback/CallbackInfoReturnable;)V won't be passed a CallbackInfoReturnable as a result
[076月2026 16:52:21.735] [Server thread/DEBUG] [mixin/]: mixins.arclight.bukkit.json:CraftEnderDragonMixin from mod (unknown)->@Inject::arclight$getBukkitPhase(Lnet/minecraft/world/entity/boss/enderdragon/phases/EnderDragonPhase;Lorg/spongepowered/asm/mixin/injection/callback/CallbackInfoReturnable;)V doesn't use it's CallbackInfoReturnable
[076月2026 16:52:21.760] [Server thread/DEBUG] [mixin/]: Mixing CraftPlayerMixin from mixins.arclight.bukkit.json into org.bukkit.craftbukkit.v1_21_R1.entity.CraftPlayer
[076月2026 16:52:21.761] [Server thread/DEBUG] [mixin/]: mixins.arclight.bukkit.json:CraftPlayerMixin from mod (unknown)->@Inject::arclight$useFastSet(Lorg/bukkit/craftbukkit/v1_21_R1/CraftServer;Lnet/minecraft/server/level/ServerPlayer;Lorg/spongepowered/asm/mixin/injection/callback/CallbackInfo;)V doesn't use it's CallbackInfo
[076月2026 16:52:21.761] [Server thread/DEBUG] [mixin/]: mixins.arclight.bukkit.json:CraftPlayerMixin from mod (unknown)->@Inject::arclight$useFastSet(Lorg/bukkit/craftbukkit/v1_21_R1/CraftServer;Lnet/minecraft/server/level/ServerPlayer;Lorg/spongepowered/asm/mixin/injection/callback/CallbackInfo;)V has 0 override(s) in child classes
[076月2026 16:52:21.761] [Server thread/DEBUG] [mixin/]: mixins.arclight.bukkit.json:CraftPlayerMixin from mod (unknown)->@Inject::arclight$useFastSet(Lorg/bukkit/craftbukkit/v1_21_R1/CraftServer;Lnet/minecraft/server/level/ServerPlayer;Lorg/spongepowered/asm/mixin/injection/callback/CallbackInfo;)V won't be passed a CallbackInfo as a result
[076月2026 16:52:21.770] [Server thread/INFO] [Arclight/]: 注册了 0 个新的生物类型
[076月2026 16:52:21.770] [Server thread/INFO] [Arclight/]: 注册了 0 个新的生物群系
[076月2026 16:52:21.773] [Server thread/DEBUG] [mixin/]: Mixing world.entity.boss.enderdragon.phases.DragonSittingFlamingPhaseMixin from mixins.arclight.core.json into net.minecraft.world.entity.boss.enderdragon.phases.DragonSittingFlamingPhase
[076月2026 16:52:21.773] [Server thread/DEBUG] [mixin/]: mixins.arclight.core.json:world.entity.boss.enderdragon.phases.DragonSittingFlamingPhaseMixin from mod (unknown)->@Inject::arclight$despawn(Lorg/spongepowered/asm/mixin/injection/callback/CallbackInfo;)V doesn't use it's CallbackInfo
[076月2026 16:52:21.773] [Server thread/DEBUG] [mixin/]: mixins.arclight.core.json:world.entity.boss.enderdragon.phases.DragonSittingFlamingPhaseMixin from mod (unknown)->@Inject::arclight$despawn(Lorg/spongepowered/asm/mixin/injection/callback/CallbackInfo;)V has 0 override(s) in child classes
[076月2026 16:52:21.773] [Server thread/DEBUG] [mixin/]: mixins.arclight.core.json:world.entity.boss.enderdragon.phases.DragonSittingFlamingPhaseMixin from mod (unknown)->@Inject::arclight$despawn(Lorg/spongepowered/asm/mixin/injection/callback/CallbackInfo;)V won't be passed a CallbackInfo as a result
[076月2026 16:52:21.775] [Server thread/DEBUG] [Implementer/]: Definalize enum class org/bukkit/entity/EnderDragon$Phase values field $VALUES
[076月2026 16:52:21.775] [Server thread/DEBUG] [Implementer/]: Definalize enum class org/bukkit/inventory/recipe/CookingBookCategory values field $VALUES
[076月2026 16:52:21.776] [Server thread/DEBUG] [Arclight/]: Registered minecraft:empty as fluid EMPTY
[076月2026 16:52:21.777] [Server thread/DEBUG] [mixin/]: Mixing GameRuleMixin from mixins.arclight.bukkit.json into org.bukkit.GameRule
[076月2026 16:52:21.787] [Server thread/INFO] [Minecraft/]: Debug logging is enabled
[076月2026 16:52:21.788] [Server thread/DEBUG] [mixin/]: Mixing WatchdogThreadMixin from mixins.arclight.bukkit.json into org.spigotmc.WatchdogThread
[076月2026 16:52:21.789] [Server thread/DEBUG] [mixin/]: mixins.arclight.bukkit.json:WatchdogThreadMixin from mod (unknown)->@Inject::arclight$tick(Lorg/spongepowered/asm/mixin/injection/callback/CallbackInfo;)V doesn't use it's CallbackInfo
[076月2026 16:52:21.789] [Server thread/DEBUG] [mixin/]: mixins.arclight.bukkit.json:WatchdogThreadMixin from mod (unknown)->@Inject::arclight$doStop(Lorg/spongepowered/asm/mixin/injection/callback/CallbackInfo;)V doesn't use it's CallbackInfo
[076月2026 16:52:21.789] [Server thread/DEBUG] [mixin/]: mixins.arclight.bukkit.json:WatchdogThreadMixin from mod (unknown)->@Inject::arclight$setDaemon(JZLorg/spongepowered/asm/mixin/injection/callback/CallbackInfo;)V doesn't use it's CallbackInfo
[076月2026 16:52:21.789] [Server thread/DEBUG] [mixin/]: mixins.arclight.bukkit.json:WatchdogThreadMixin from mod (unknown)->@Inject::arclight$setDaemon(JZLorg/spongepowered/asm/mixin/injection/callback/CallbackInfo;)V has 0 override(s) in child classes
[076月2026 16:52:21.789] [Server thread/DEBUG] [mixin/]: mixins.arclight.bukkit.json:WatchdogThreadMixin from mod (unknown)->@Inject::arclight$setDaemon(JZLorg/spongepowered/asm/mixin/injection/callback/CallbackInfo;)V won't be passed a CallbackInfo as a result
[076月2026 16:52:21.790] [Spigot Watchdog Thread/INFO] [Arclight/]: Started pseudo Spigot watchdog thread.
[076月2026 16:52:21.790] [Spigot Watchdog Thread/DEBUG] [Arclight/]: Spigot watchdog thread run() stack trace
java.lang.UnsupportedOperationException: started spigot watchdog
	at TRANSFORMER/arclight@1.0.2-SNAPSHOT+0769551/org.spigotmc.WatchdogThread.run(WatchdogThreadMixin.java:543) [arclight-1.21.1-1.0.2-SNAPSHOT-0769551.jar%23180!/:arclight-neoforge-1.21.1-1.0.2-SNAPSHOT+0769551] {re:mixin,re:classloading,pl:mixin:APP:mixins.arclight.bukkit.json:WatchdogThreadMixin from mod (unknown),pl:mixin:A}
[076月2026 16:52:21.791] [Server thread/INFO] [STDOUT/]: Server Ping Player Sample Count: 12
[076月2026 16:52:21.791] [Server thread/INFO] [Minecraft/]: Using 4 threads for Netty based IO
[076月2026 16:52:21.804] [Server thread/DEBUG] [mixin/]: Mixing plugin.LibraryLoaderMixin from mixins.arclight.bukkit.json into org.bukkit.plugin.java.LibraryLoader
[076月2026 16:52:21.847] [Server thread/DEBUG] [org.eclipse.aether.internal.impl.DefaultLocalRepositoryProvider/]: Using manager EnhancedLocalRepositoryManager with priority 10.0 for libraries
[076月2026 16:52:21.849] [Server thread/DEBUG] [mixin/]: Mixing plugin.PluginClassLoaderMixin from mixins.arclight.bukkit.json into org.bukkit.plugin.java.PluginClassLoader
[076月2026 16:52:21.849] [Server thread/DEBUG] [mixin/]: Renaming synthetic method lambda$findClass$0(Ljava/net/URLConnection;Ljava/lang/String;)[B to md93a37e$lambda$findClass$0$0 in mixins.arclight.bukkit.json:plugin.PluginClassLoaderMixin from mod (unknown)
[076月2026 16:52:21.874] [Server thread/INFO] [Arclight/]: 正在加载混淆数据 ...
[076月2026 16:52:22.203] [Server thread/INFO] [Arclight/]: 正在加载 Plugin Patcher ...
[076月2026 16:52:22.240] [Server thread/DEBUG] [mixin/]: Mixing plugin.JavaPluginMixin from mixins.arclight.bukkit.json into org.bukkit.plugin.java.JavaPlugin
[076月2026 16:52:22.302] [Server thread/INFO] [CoreProtect/]: Loading CoreProtect v23.2
[076月2026 16:52:22.302] [Server thread/INFO] [PlaceholderAPI/]: Loading PlaceholderAPI v2.12.2
[076月2026 16:52:22.901] [Server thread/INFO] [ZMusic/]: Loading ZMusic v2.12.0
[076月2026 16:52:22.901] [Server thread/INFO] [ZMusic-Addon/]: Loading ZMusic-Addon v2.5.0
[076月2026 16:52:22.905] [Server thread/DEBUG] [net.neoforged.fml.config.ConfigTracker/CONFIG]: Loading configs type SERVER
[076月2026 16:52:22.905] [Server thread/DEBUG] [net.neoforged.fml.config.ConfigTracker/CONFIG]: Loaded TOML config file D:\Minecraft\PN Base V0.1\daemon\data\InstanceData\1.21.1 鸽子窝\config\simplebackups-server.toml
[076月2026 16:52:22.905] [Server thread/DEBUG] [net.neoforged.fml.config.ConfigTracker/CONFIG]: Watching TOML config file D:\Minecraft\PN Base V0.1\daemon\data\InstanceData\1.21.1 鸽子窝\config\simplebackups-server.toml for changes
[076月2026 16:52:22.906] [Server thread/DEBUG] [net.neoforged.neoforge.common.NeoForgeConfig/FORGEMOD]: Loaded NeoForge config file neoforge-server.toml
[076月2026 16:52:22.906] [Server thread/DEBUG] [net.neoforged.fml.config.ConfigTracker/CONFIG]: Loaded TOML config file D:\Minecraft\PN Base V0.1\daemon\data\InstanceData\1.21.1 鸽子窝\config\neoforge-server.toml
[076月2026 16:52:22.906] [Server thread/DEBUG] [net.neoforged.fml.config.ConfigTracker/CONFIG]: Watching TOML config file D:\Minecraft\PN Base V0.1\daemon\data\InstanceData\1.21.1 鸽子窝\config\neoforge-server.toml for changes
[076月2026 16:52:22.978] [Server thread/INFO] [spark/]: Starting background profiler...
[076月2026 16:52:22.986] [Server thread/INFO] [spark/]: The async-profiler engine is not supported for your os/arch (windows10/amd64), so the built-in Java engine will be used instead.
[076月2026 16:52:22.992] [Server thread/DEBUG] [Implementer/SWITCH_TABLE]: Candidate switch enum method <clinit>()V class me/lucko/spark/proto/SparkProtos$1
[076月2026 16:52:23.004] [Server thread/DEBUG] [Implementer/SWITCH_TABLE]: Candidate switch enum method <clinit>()V class me/lucko/spark/lib/protobuf/ManifestSchemaFactory$2
[076月2026 16:52:23.014] [Server thread/INFO] [net.minecraft.server.dedicated.DedicatedServer/]: Preparing level "world"
[076月2026 16:52:23.017] [Server thread/DEBUG] [mixin/]: Mixing world.level.levelgen.PhantomSpawnerMixin from mixins.arclight.core.json into net.minecraft.world.level.levelgen.PhantomSpawner
[076月2026 16:52:23.018] [Server thread/DEBUG] [mixin/]: mixins.arclight.core.json:world.level.levelgen.PhantomSpawnerMixin from mod (unknown)->@Inject::arclight$addSpawnReason(Lnet/minecraft/server/level/ServerLevel;ZZLorg/spongepowered/asm/mixin/injection/callback/CallbackInfoReturnable;)V doesn't use it's CallbackInfoReturnable
[076月2026 16:52:23.018] [Server thread/DEBUG] [mixin/]: mixins.arclight.core.json:world.level.levelgen.PhantomSpawnerMixin from mod (unknown)->@Inject::arclight$addSpawnReason(Lnet/minecraft/server/level/ServerLevel;ZZLorg/spongepowered/asm/mixin/injection/callback/CallbackInfoReturnable;)V has 0 override(s) in child classes
[076月2026 16:52:23.018] [Server thread/DEBUG] [mixin/]: mixins.arclight.core.json:world.level.levelgen.PhantomSpawnerMixin from mod (unknown)->@Inject::arclight$addSpawnReason(Lnet/minecraft/server/level/ServerLevel;ZZLorg/spongepowered/asm/mixin/injection/callback/CallbackInfoReturnable;)V won't be passed a CallbackInfoReturnable as a result
[076月2026 16:52:23.019] [Server thread/DEBUG] [mixin/]: Mixing world.level.levelgen.PatrolSpawnerMixin from mixins.arclight.core.json into net.minecraft.world.level.levelgen.PatrolSpawner
[076月2026 16:52:23.019] [Server thread/DEBUG] [mixin/]: mixins.arclight.core.json:world.level.levelgen.PatrolSpawnerMixin from mod (unknown)->@Inject::arclight$addSpawnReason(Lnet/minecraft/server/level/ServerLevel;Lnet/minecraft/core/BlockPos;Lnet/minecraft/util/RandomSource;ZLorg/spongepowered/asm/mixin/injection/callback/CallbackInfoReturnable;)V doesn't use it's CallbackInfoReturnable
[076月2026 16:52:23.019] [Server thread/DEBUG] [mixin/]: mixins.arclight.core.json:world.level.levelgen.PatrolSpawnerMixin from mod (unknown)->@Inject::arclight$addSpawnReason(Lnet/minecraft/server/level/ServerLevel;Lnet/minecraft/core/BlockPos;Lnet/minecraft/util/RandomSource;ZLorg/spongepowered/asm/mixin/injection/callback/CallbackInfoReturnable;)V has 0 override(s) in child classes
[076月2026 16:52:23.019] [Server thread/DEBUG] [mixin/]: mixins.arclight.core.json:world.level.levelgen.PatrolSpawnerMixin from mod (unknown)->@Inject::arclight$addSpawnReason(Lnet/minecraft/server/level/ServerLevel;Lnet/minecraft/core/BlockPos;Lnet/minecraft/util/RandomSource;ZLorg/spongepowered/asm/mixin/injection/callback/CallbackInfoReturnable;)V won't be passed a CallbackInfoReturnable as a result
[076月2026 16:52:23.021] [Server thread/DEBUG] [mixin/]: Mixing world.entity.ai.village.VillageSiegeMixin from mixins.arclight.core.json into net.minecraft.world.entity.ai.village.VillageSiege
[076月2026 16:52:23.021] [Server thread/DEBUG] [mixin/]: mixins.arclight.core.json:world.entity.ai.village.VillageSiegeMixin from mod (unknown)->@Inject::arclight$addEntityReason(Lnet/minecraft/server/level/ServerLevel;Lorg/spongepowered/asm/mixin/injection/callback/CallbackInfo;)V doesn't use it's CallbackInfo
[076月2026 16:52:23.021] [Server thread/DEBUG] [mixin/]: mixins.arclight.core.json:world.entity.ai.village.VillageSiegeMixin from mod (unknown)->@Inject::arclight$addEntityReason(Lnet/minecraft/server/level/ServerLevel;Lorg/spongepowered/asm/mixin/injection/callback/CallbackInfo;)V has 0 override(s) in child classes
[076月2026 16:52:23.021] [Server thread/DEBUG] [mixin/]: mixins.arclight.core.json:world.entity.ai.village.VillageSiegeMixin from mod (unknown)->@Inject::arclight$addEntityReason(Lnet/minecraft/server/level/ServerLevel;Lorg/spongepowered/asm/mixin/injection/callback/CallbackInfo;)V won't be passed a CallbackInfo as a result
[076月2026 16:52:23.022] [Server thread/DEBUG] [mixin/]: Mixing world.entity.npc.WanderingTraderSpawnerMixin from mixins.arclight.core.json into net.minecraft.world.entity.npc.WanderingTraderSpawner
[076月2026 16:52:23.023] [Server thread/DEBUG] [mixin/]: mixins.arclight.core.json:world.entity.npc.WanderingTraderSpawnerMixin from mod (unknown)->@Inject::arclight$spawnReason1(Lnet/minecraft/server/level/ServerLevel;Lorg/spongepowered/asm/mixin/injection/callback/CallbackInfoReturnable;)V doesn't use it's CallbackInfoReturnable
[076月2026 16:52:23.023] [Server thread/DEBUG] [mixin/]: mixins.arclight.core.json:world.entity.npc.WanderingTraderSpawnerMixin from mod (unknown)->@Inject::arclight$spawnReason1(Lnet/minecraft/server/level/ServerLevel;Lorg/spongepowered/asm/mixin/injection/callback/CallbackInfoReturnable;)V has 0 override(s) in child classes
[076月2026 16:52:23.023] [Server thread/DEBUG] [mixin/]: mixins.arclight.core.json:world.entity.npc.WanderingTraderSpawnerMixin from mod (unknown)->@Inject::arclight$spawnReason1(Lnet/minecraft/server/level/ServerLevel;Lorg/spongepowered/asm/mixin/injection/callback/CallbackInfoReturnable;)V won't be passed a CallbackInfoReturnable as a result
[076月2026 16:52:23.023] [Server thread/DEBUG] [mixin/]: mixins.arclight.core.json:world.entity.npc.WanderingTraderSpawnerMixin from mod (unknown)->@Inject::arclight$spawnReason2(Lnet/minecraft/server/level/ServerLevel;Lnet/minecraft/world/entity/npc/WanderingTrader;ILorg/spongepowered/asm/mixin/injection/callback/CallbackInfo;)V doesn't use it's CallbackInfo
[076月2026 16:52:23.023] [Server thread/DEBUG] [mixin/]: mixins.arclight.core.json:world.entity.npc.WanderingTraderSpawnerMixin from mod (unknown)->@Inject::arclight$spawnReason2(Lnet/minecraft/server/level/ServerLevel;Lnet/minecraft/world/entity/npc/WanderingTrader;ILorg/spongepowered/asm/mixin/injection/callback/CallbackInfo;)V has 0 override(s) in child classes
[076月2026 16:52:23.023] [Server thread/DEBUG] [mixin/]: mixins.arclight.core.json:world.entity.npc.WanderingTraderSpawnerMixin from mod (unknown)->@Inject::arclight$spawnReason2(Lnet/minecraft/server/level/ServerLevel;Lnet/minecraft/world/entity/npc/WanderingTrader;ILorg/spongepowered/asm/mixin/injection/callback/CallbackInfo;)V won't be passed a CallbackInfo as a result
[076月2026 16:52:23.024] [Server thread/INFO] [Arclight/]: 注册了 0 个新的世界类型
[076月2026 16:52:23.027] [Server thread/DEBUG] [mixin/]: Mixing world.level.saveddata.maps.MapItemSavedDataMixin from mixins.arclight.core.json into net.minecraft.world.level.saveddata.maps.MapItemSavedData
[076月2026 16:52:23.027] [Server thread/DEBUG] [mixin/]: Renaming synthetic method lambda$arclight$customDimension$0(Lnet/minecraft/nbt/CompoundTag;)Lnet/minecraft/resources/ResourceKey; to md93a37e$lambda$arclight$customDimension$0$0 in mixins.arclight.core.json:world.level.saveddata.maps.MapItemSavedDataMixin from mod (unknown)
[076月2026 16:52:23.030] [Server thread/DEBUG] [mixin/]: mixins.arclight.core.json:world.level.saveddata.maps.MapItemSavedDataMixin from mod (unknown)->@Inject::arclight$init(IIBZZZLnet/minecraft/resources/ResourceKey;Lorg/spongepowered/asm/mixin/injection/callback/CallbackInfo;)V doesn't use it's CallbackInfo
[076月2026 16:52:23.030] [Server thread/DEBUG] [mixin/]: mixins.arclight.core.json:world.level.saveddata.maps.MapItemSavedDataMixin from mod (unknown)->@Inject::arclight$init(IIBZZZLnet/minecraft/resources/ResourceKey;Lorg/spongepowered/asm/mixin/injection/callback/CallbackInfo;)V has 0 override(s) in child classes
[076月2026 16:52:23.030] [Server thread/DEBUG] [mixin/]: mixins.arclight.core.json:world.level.saveddata.maps.MapItemSavedDataMixin from mod (unknown)->@Inject::arclight$init(IIBZZZLnet/minecraft/resources/ResourceKey;Lorg/spongepowered/asm/mixin/injection/callback/CallbackInfo;)V won't be passed a CallbackInfo as a result
[076月2026 16:52:23.030] [Server thread/DEBUG] [mixin/]: mixins.arclight.core.json:world.level.saveddata.maps.MapItemSavedDataMixin from mod (unknown)->@Inject::arclight$storeDimension(Lnet/minecraft/nbt/CompoundTag;Lnet/minecraft/core/HolderLookup$Provider;Lorg/spongepowered/asm/mixin/injection/callback/CallbackInfoReturnable;)V doesn't use it's CallbackInfoReturnable
[076月2026 16:52:23.030] [Server thread/DEBUG] [mixin/]: mixins.arclight.core.json:world.level.saveddata.maps.MapItemSavedDataMixin from mod (unknown)->@Inject::arclight$storeDimension(Lnet/minecraft/nbt/CompoundTag;Lnet/minecraft/core/HolderLookup$Provider;Lorg/spongepowered/asm/mixin/injection/callback/CallbackInfoReturnable;)V has 0 override(s) in child classes
[076月2026 16:52:23.030] [Server thread/DEBUG] [mixin/]: mixins.arclight.core.json:world.level.saveddata.maps.MapItemSavedDataMixin from mod (unknown)->@Inject::arclight$storeDimension(Lnet/minecraft/nbt/CompoundTag;Lnet/minecraft/core/HolderLookup$Provider;Lorg/spongepowered/asm/mixin/injection/callback/CallbackInfoReturnable;)V won't be passed a CallbackInfoReturnable as a result
[076月2026 16:52:23.033] [Server thread/DEBUG] [mixin/]: Mixing server.level.ServerChunkCacheMixin from mixins.arclight.core.json into net.minecraft.server.level.ServerChunkCache
[076月2026 16:52:23.033] [Server thread/DEBUG] [mixin/]: Renaming synthetic method lambda$purgeUnload$0()Z to md93a37e$lambda$purgeUnload$0$0 in mixins.arclight.core.json:server.level.ServerChunkCacheMixin from mod (unknown)
[076月2026 16:52:23.045] [Server thread/DEBUG] [mixin/]: Mixing world.damagesource.DamageSourcesMixin from mixins.arclight.core.json into net.minecraft.world.damagesource.DamageSources
[076月2026 16:52:23.047] [Server thread/DEBUG] [mixin/]: mixins.arclight.core.json:world.damagesource.DamageSourcesMixin from mod (unknown)->@Inject::arclight$init(Lnet/minecraft/core/RegistryAccess;Lorg/spongepowered/asm/mixin/injection/callback/CallbackInfo;)V doesn't use it's CallbackInfo
[076月2026 16:52:23.047] [Server thread/DEBUG] [mixin/]: mixins.arclight.core.json:world.damagesource.DamageSourcesMixin from mod (unknown)->@Inject::arclight$init(Lnet/minecraft/core/RegistryAccess;Lorg/spongepowered/asm/mixin/injection/callback/CallbackInfo;)V has 0 override(s) in child classes
[076月2026 16:52:23.047] [Server thread/DEBUG] [mixin/]: mixins.arclight.core.json:world.damagesource.DamageSourcesMixin from mod (unknown)->@Inject::arclight$init(Lnet/minecraft/core/RegistryAccess;Lorg/spongepowered/asm/mixin/injection/callback/CallbackInfo;)V won't be passed a CallbackInfo as a result
[076月2026 16:52:23.066] [Server thread/DEBUG] [mixin/]: Mixing bukkit.CraftWorldMixin_NeoForge from mixins.arclight.neoforge.json into org.bukkit.craftbukkit.v1_21_R1.CraftWorld
[076月2026 16:52:23.067] [Server thread/DEBUG] [mixin/]: Mixing CraftWorldMixin from mixins.arclight.bukkit.json into org.bukkit.craftbukkit.v1_21_R1.CraftWorld
[076月2026 16:52:23.068] [Server thread/DEBUG] [mixin/]: mixins.arclight.bukkit.json:CraftWorldMixin from mod (unknown)->@Inject::arclight$fallbackConvert(Lorg/bukkit/GameRule;Lnet/minecraft/world/level/GameRules$Value;Lorg/spongepowered/asm/mixin/injection/callback/CallbackInfoReturnable;)V does use it's CallbackInfoReturnable
[076月2026 16:52:23.075] [Server thread/DEBUG] [mixin/]: Mixing CraftRegionAccessorMixin from mixins.arclight.bukkit.json into org.bukkit.craftbukkit.v1_21_R1.CraftRegionAccessor
[076月2026 16:52:23.076] [Server thread/DEBUG] [mixin/]: mixins.arclight.bukkit.json:CraftRegionAccessorMixin from mod (unknown)->@Inject::arclight$useFactory(Lorg/bukkit/Location;Lorg/bukkit/entity/EntityType;Lorg/spongepowered/asm/mixin/injection/callback/CallbackInfoReturnable;)V does use it's CallbackInfoReturnable
[076月2026 16:52:23.076] [Server thread/DEBUG] [mixin/]: mixins.arclight.bukkit.json:CraftRegionAccessorMixin from mod (unknown)->@Inject::arclight$useFactory(Lorg/bukkit/Location;Lorg/bukkit/entity/EntityType;ZLorg/spongepowered/asm/mixin/injection/callback/CallbackInfoReturnable;)V does use it's CallbackInfoReturnable
[076月2026 16:52:23.079] [Server thread/DEBUG] [mixin/]: Mixing server.level.DistanceManagerMixin from mixins.arclight.core.json into net.minecraft.server.level.DistanceManager
[076月2026 16:52:23.082] [Server thread/DEBUG] [mixin/]: Mixing core.server.level.DistanceManagerMixin_NeoForge from mixins.arclight.neoforge.json into net.minecraft.server.level.DistanceManager
[076月2026 16:52:23.083] [Server thread/DEBUG] [mixin/]: Renaming synthetic method lambda$bridge$forge$addForcedTicket$0(J)Lnet/minecraft/util/SortedArraySet; to md93a37e$lambda$bridge$forge$addForcedTicket$0$0 in mixins.arclight.neoforge.json:core.server.level.DistanceManagerMixin_NeoForge from mod (unknown)
[076月2026 16:52:23.096] [Server thread/DEBUG] [mixin/]: Mixing world.level.chunk.storage.RegionFileStorageMixin from mixins.arclight.core.json into net.minecraft.world.level.chunk.storage.RegionFileStorage
[076月2026 16:52:23.097] [Server thread/DEBUG] [mixin/]: mixins.arclight.core.json:world.level.chunk.storage.RegionFileStorageMixin from mod (unknown)->@Inject::arclight$retIfSearch(Lnet/minecraft/world/level/ChunkPos;Lorg/spongepowered/asm/mixin/injection/callback/CallbackInfoReturnable;JLnet/minecraft/world/level/chunk/storage/RegionFile;Ljava/nio/file/Path;)V does use it's CallbackInfoReturnable
[076月2026 16:52:23.097] [Server thread/DEBUG] [mixin/]: mixins.arclight.core.json:world.level.chunk.storage.RegionFileStorageMixin from mod (unknown)->@Inject::arclight$read(Lnet/minecraft/world/level/ChunkPos;Lorg/spongepowered/asm/mixin/injection/callback/CallbackInfoReturnable;)V doesn't use it's CallbackInfoReturnable
[076月2026 16:52:23.097] [Server thread/DEBUG] [mixin/]: mixins.arclight.core.json:world.level.chunk.storage.RegionFileStorageMixin from mod (unknown)->@Inject::arclight$retIfNotFound(Lnet/minecraft/world/level/ChunkPos;Lorg/spongepowered/asm/mixin/injection/callback/CallbackInfoReturnable;Lnet/minecraft/world/level/chunk/storage/RegionFile;)V does use it's CallbackInfoReturnable
[076月2026 16:52:23.097] [Server thread/DEBUG] [mixin/]: mixins.arclight.core.json:world.level.chunk.storage.RegionFileStorageMixin from mod (unknown)->@Inject::arclight$write(Lnet/minecraft/world/level/ChunkPos;Lnet/minecraft/nbt/CompoundTag;Lorg/spongepowered/asm/mixin/injection/callback/CallbackInfo;)V doesn't use it's CallbackInfo
[076月2026 16:52:23.097] [Server thread/DEBUG] [mixin/]: mixins.arclight.core.json:world.level.chunk.storage.RegionFileStorageMixin from mod (unknown)->@Inject::arclight$scan(Lorg/spongepowered/asm/mixin/injection/callback/CallbackInfo;)V doesn't use it's CallbackInfo
[076月2026 16:52:23.097] [Server thread/DEBUG] [mixin/]: mixins.arclight.core.json:world.level.chunk.storage.RegionFileStorageMixin from mod (unknown)->@Inject::arclight$retIfNotFound(Lnet/minecraft/world/level/ChunkPos;Lnet/minecraft/nbt/StreamTagVisitor;Lorg/spongepowered/asm/mixin/injection/callback/CallbackInfo;Lnet/minecraft/world/level/chunk/storage/RegionFile;)V does use it's CallbackInfo
[076月2026 16:52:23.099] [Server thread/DEBUG] [mixin/]: Mixing world.level.entity.PersistentEntitySectionManagerMixin from mixins.arclight.core.json into net.minecraft.world.level.entity.PersistentEntitySectionManager
[076月2026 16:52:23.099] [Server thread/DEBUG] [mixin/]: Renaming synthetic method lambda$arclight$fireUnload$1(Lnet/minecraft/world/level/entity/EntityAccess;)Lnet/minecraft/world/entity/Entity; to md93a37e$lambda$arclight$fireUnload$1$0 in mixins.arclight.core.json:world.level.entity.PersistentEntitySectionManagerMixin from mod (unknown)
[076月2026 16:52:23.099] [Server thread/DEBUG] [mixin/]: Renaming synthetic method lambda$getEntities$0(Lnet/minecraft/world/level/entity/EntityAccess;)Lnet/minecraft/world/entity/Entity; to md93a37e$lambda$getEntities$0$1 in mixins.arclight.core.json:world.level.entity.PersistentEntitySectionManagerMixin from mod (unknown)
[076月2026 16:52:23.102] [Server thread/DEBUG] [mixin/]: mixins.arclight.core.json:world.level.entity.PersistentEntitySectionManagerMixin from mod (unknown)->@Inject::arclight$resetFlag(JLjava/util/function/Consumer;Lorg/spongepowered/asm/mixin/injection/callback/CallbackInfoReturnable;)V doesn't use it's CallbackInfoReturnable
[076月2026 16:52:23.102] [Server thread/DEBUG] [mixin/]: mixins.arclight.core.json:world.level.entity.PersistentEntitySectionManagerMixin from mod (unknown)->@Inject::arclight$resetFlag(JLjava/util/function/Consumer;Lorg/spongepowered/asm/mixin/injection/callback/CallbackInfoReturnable;)V has 0 override(s) in child classes
[076月2026 16:52:23.102] [Server thread/DEBUG] [mixin/]: mixins.arclight.core.json:world.level.entity.PersistentEntitySectionManagerMixin from mod (unknown)->@Inject::arclight$resetFlag(JLjava/util/function/Consumer;Lorg/spongepowered/asm/mixin/injection/callback/CallbackInfoReturnable;)V won't be passed a CallbackInfoReturnable as a result
[076月2026 16:52:23.102] [Server thread/DEBUG] [mixin/]: mixins.arclight.core.json:world.level.entity.PersistentEntitySectionManagerMixin from mod (unknown)->@Inject::arclight$resetFlag(JLjava/util/function/Consumer;Lorg/spongepowered/asm/mixin/injection/callback/CallbackInfoReturnable;)V doesn't use it's CallbackInfoReturnable
[076月2026 16:52:23.102] [Server thread/DEBUG] [mixin/]: mixins.arclight.core.json:world.level.entity.PersistentEntitySectionManagerMixin from mod (unknown)->@Inject::arclight$resetFlag(JLjava/util/function/Consumer;Lorg/spongepowered/asm/mixin/injection/callback/CallbackInfoReturnable;)V has 0 override(s) in child classes
[076月2026 16:52:23.102] [Server thread/DEBUG] [mixin/]: mixins.arclight.core.json:world.level.entity.PersistentEntitySectionManagerMixin from mod (unknown)->@Inject::arclight$resetFlag(JLjava/util/function/Consumer;Lorg/spongepowered/asm/mixin/injection/callback/CallbackInfoReturnable;)V won't be passed a CallbackInfoReturnable as a result
[076月2026 16:52:23.102] [Server thread/DEBUG] [mixin/]: mixins.arclight.core.json:world.level.entity.PersistentEntitySectionManagerMixin from mod (unknown)->@Inject::arclight$fireEvent(JLorg/spongepowered/asm/mixin/injection/callback/CallbackInfoReturnable;)V doesn't use it's CallbackInfoReturnable
[076月2026 16:52:23.102] [Server thread/DEBUG] [mixin/]: mixins.arclight.core.json:world.level.entity.PersistentEntitySectionManagerMixin from mod (unknown)->@Inject::arclight$fireEvent(JLorg/spongepowered/asm/mixin/injection/callback/CallbackInfoReturnable;)V has 0 override(s) in child classes
[076月2026 16:52:23.102] [Server thread/DEBUG] [mixin/]: mixins.arclight.core.json:world.level.entity.PersistentEntitySectionManagerMixin from mod (unknown)->@Inject::arclight$fireEvent(JLorg/spongepowered/asm/mixin/injection/callback/CallbackInfoReturnable;)V won't be passed a CallbackInfoReturnable as a result
[076月2026 16:52:23.102] [Server thread/DEBUG] [mixin/]: mixins.arclight.core.json:world.level.entity.PersistentEntitySectionManagerMixin from mod (unknown)->@Inject::arclight$fireLoad(Lorg/spongepowered/asm/mixin/injection/callback/CallbackInfo;Lnet/minecraft/world/level/entity/ChunkEntities;)V doesn't use it's CallbackInfo
[076月2026 16:52:23.102] [Server thread/DEBUG] [mixin/]: mixins.arclight.core.json:world.level.entity.PersistentEntitySectionManagerMixin from mod (unknown)->@Inject::arclight$fireLoad(Lorg/spongepowered/asm/mixin/injection/callback/CallbackInfo;Lnet/minecraft/world/level/entity/ChunkEntities;)V has 0 override(s) in child classes
[076月2026 16:52:23.102] [Server thread/DEBUG] [mixin/]: mixins.arclight.core.json:world.level.entity.PersistentEntitySectionManagerMixin from mod (unknown)->@Inject::arclight$fireLoad(Lorg/spongepowered/asm/mixin/injection/callback/CallbackInfo;Lnet/minecraft/world/level/entity/ChunkEntities;)V won't be passed a CallbackInfo as a result
[076月2026 16:52:23.102] [Server thread/DEBUG] [mixin/]: mixins.arclight.core.json:world.level.entity.PersistentEntitySectionManagerMixin from mod (unknown)->@Inject::arclight$unloadCause(Lnet/minecraft/world/level/entity/EntityAccess;Lorg/spongepowered/asm/mixin/injection/callback/CallbackInfo;)V doesn't use it's CallbackInfo
[076月2026 16:52:23.102] [Server thread/DEBUG] [mixin/]: mixins.arclight.core.json:world.level.entity.PersistentEntitySectionManagerMixin from mod (unknown)->@Inject::arclight$unloadCause(Lnet/minecraft/world/level/entity/EntityAccess;Lorg/spongepowered/asm/mixin/injection/callback/CallbackInfo;)V has 0 override(s) in child classes
[076月2026 16:52:23.102] [Server thread/DEBUG] [mixin/]: mixins.arclight.core.json:world.level.entity.PersistentEntitySectionManagerMixin from mod (unknown)->@Inject::arclight$unloadCause(Lnet/minecraft/world/level/entity/EntityAccess;Lorg/spongepowered/asm/mixin/injection/callback/CallbackInfo;)V won't be passed a CallbackInfo as a result
[076月2026 16:52:23.105] [Server thread/DEBUG] [mixin/]: Mixing server.level.ServerLevel_EntityCallbacksMixin from mixins.arclight.core.json into net.minecraft.server.level.ServerLevel$EntityCallbacks
[076月2026 16:52:23.105] [Server thread/DEBUG] [mixin/]: Renaming synthetic method lambda$arclight$entityCleanup$0(Lnet/minecraft/world/entity/Entity;Lnet/minecraft/world/level/saveddata/maps/MapItemSavedData$HoldingPlayer;)Z to md93a37e$lambda$arclight$entityCleanup$0$0 in mixins.arclight.core.json:server.level.ServerLevel_EntityCallbacksMixin from mod (unknown)
[076月2026 16:52:23.107] [Server thread/DEBUG] [mixin/]: mixins.arclight.core.json:server.level.ServerLevel_EntityCallbacksMixin from mod (unknown)->@Inject::arclight$valid(Lnet/minecraft/world/entity/Entity;Lorg/spongepowered/asm/mixin/injection/callback/CallbackInfo;)V doesn't use it's CallbackInfo
[076月2026 16:52:23.107] [Server thread/DEBUG] [mixin/]: mixins.arclight.core.json:server.level.ServerLevel_EntityCallbacksMixin from mod (unknown)->@Inject::arclight$entityCleanup(Lnet/minecraft/world/entity/Entity;Lorg/spongepowered/asm/mixin/injection/callback/CallbackInfo;)V doesn't use it's CallbackInfo
[076月2026 16:52:23.107] [Server thread/DEBUG] [mixin/]: mixins.arclight.core.json:server.level.ServerLevel_EntityCallbacksMixin from mod (unknown)->@Inject::arclight$invalid(Lnet/minecraft/world/entity/Entity;Lorg/spongepowered/asm/mixin/injection/callback/CallbackInfo;)V doesn't use it's CallbackInfo
[076月2026 16:52:23.107] [Server thread/DEBUG] [Implementer/ASYNC_CATCHER]: Injecting net/minecraft/server/level/ServerLevel$EntityCallbacks/onTrackingStart(Lnet/minecraft/world/entity/Entity;)V for reason entity register
[076月2026 16:52:23.107] [Server thread/DEBUG] [Implementer/ASYNC_CATCHER]: Injecting net/minecraft/server/level/ServerLevel$EntityCallbacks/onTrackingEnd(Lnet/minecraft/world/entity/Entity;)V for reason entity unregister
[076月2026 16:52:23.113] [Server thread/DEBUG] [mixin/]: Mixing server.level.ServerChunkCache_MainThreadExecutorMixin from mixins.arclight.core.json into net.minecraft.server.level.ServerChunkCache$MainThreadExecutor
[076月2026 16:52:23.119] [Server thread/DEBUG] [mixin/]: Mixing server.level.ChunkMapMixin from mixins.arclight.core.json into net.minecraft.server.level.ChunkMap
[076月2026 16:52:23.120] [Server thread/DEBUG] [mixin/]: Mixing trackingrange.ChunkMapMixin_TrackingRange from mixins.arclight.impl.optimization.json into net.minecraft.server.level.ChunkMap
[076月2026 16:52:23.123] [Server thread/DEBUG] [mixin/]: mixins.arclight.core.json:server.level.ChunkMapMixin from mod (unknown)->@Inject::arclight$updateRandom(Lnet/minecraft/server/level/ServerLevel;Lnet/minecraft/world/level/storage/LevelStorageSource$LevelStorageAccess;Lcom/mojang/datafixers/DataFixer;Lnet/minecraft/world/level/levelgen/structure/templatesystem/StructureTemplateManager;Ljava/util/concurrent/Executor;Lnet/minecraft/util/thread/BlockableEventLoop;Lnet/minecraft/world/level/chunk/LightChunkGetter;Lnet/minecraft/world/level/chunk/ChunkGenerator;Lnet/minecraft/server/level/progress/ChunkProgressListener;Lnet/minecraft/world/level/entity/ChunkStatusUpdateListener;Ljava/util/function/Supplier;IZLorg/spongepowered/asm/mixin/injection/callback/CallbackInfo;)V doesn't use it's CallbackInfo
[076月2026 16:52:23.123] [Server thread/DEBUG] [mixin/]: mixins.arclight.core.json:server.level.ChunkMapMixin from mod (unknown)->@Inject::arclight$updateRandom(Lnet/minecraft/server/level/ServerLevel;Lnet/minecraft/world/level/storage/LevelStorageSource$LevelStorageAccess;Lcom/mojang/datafixers/DataFixer;Lnet/minecraft/world/level/levelgen/structure/templatesystem/StructureTemplateManager;Ljava/util/concurrent/Executor;Lnet/minecraft/util/thread/BlockableEventLoop;Lnet/minecraft/world/level/chunk/LightChunkGetter;Lnet/minecraft/world/level/chunk/ChunkGenerator;Lnet/minecraft/server/level/progress/ChunkProgressListener;Lnet/minecraft/world/level/entity/ChunkStatusUpdateListener;Ljava/util/function/Supplier;IZLorg/spongepowered/asm/mixin/injection/callback/CallbackInfo;)V has 0 override(s) in child classes
[076月2026 16:52:23.123] [Server thread/DEBUG] [mixin/]: mixins.arclight.core.json:server.level.ChunkMapMixin from mod (unknown)->@Inject::arclight$updateRandom(Lnet/minecraft/server/level/ServerLevel;Lnet/minecraft/world/level/storage/LevelStorageSource$LevelStorageAccess;Lcom/mojang/datafixers/DataFixer;Lnet/minecraft/world/level/levelgen/structure/templatesystem/StructureTemplateManager;Ljava/util/concurrent/Executor;Lnet/minecraft/util/thread/BlockableEventLoop;Lnet/minecraft/world/level/chunk/LightChunkGetter;Lnet/minecraft/world/level/chunk/ChunkGenerator;Lnet/minecraft/server/level/progress/ChunkProgressListener;Lnet/minecraft/world/level/entity/ChunkStatusUpdateListener;Ljava/util/function/Supplier;IZLorg/spongepowered/asm/mixin/injection/callback/CallbackInfo;)V won't be passed a CallbackInfo as a result
[076月2026 16:52:23.123] [Server thread/DEBUG] [Implementer/ASYNC_CATCHER]: Injecting net/minecraft/server/level/ChunkMap/addEntity(Lnet/minecraft/world/entity/Entity;)V for reason entity track
[076月2026 16:52:23.123] [Server thread/DEBUG] [Implementer/ASYNC_CATCHER]: Injecting net/minecraft/server/level/ChunkMap/removeEntity(Lnet/minecraft/world/entity/Entity;)V for reason entity untrack
[076月2026 16:52:23.127] [Server thread/DEBUG] [mixin/]: Mixing world.level.chunk.storage.ChunkStorageMixin from mixins.arclight.core.json into net.minecraft.world.level.chunk.storage.ChunkStorage
[076月2026 16:52:23.132] [Server thread/DEBUG] [mixin/]: Mixing server.level.ChunkHolderMixin from mixins.arclight.core.json into net.minecraft.server.level.ChunkHolder
[076月2026 16:52:23.132] [Server thread/DEBUG] [mixin/]: Renaming synthetic method lambda$arclight$onChunkLoad$4(Ljava/lang/Throwable;)Ljava/lang/Void; to md93a37e$lambda$arclight$onChunkLoad$4$0 in mixins.arclight.core.json:server.level.ChunkHolderMixin from mod (unknown)
[076月2026 16:52:23.132] [Server thread/DEBUG] [mixin/]: Renaming synthetic method lambda$arclight$onChunkLoad$3(Lnet/minecraft/server/level/ChunkMap;Lnet/minecraft/server/level/ChunkResult;)V to md93a37e$lambda$arclight$onChunkLoad$3$1 in mixins.arclight.core.json:server.level.ChunkHolderMixin from mod (unknown)
[076月2026 16:52:23.132] [Server thread/DEBUG] [mixin/]: Renaming synthetic method lambda$callEventIfUnloading$2(Ljava/lang/Throwable;)Ljava/lang/Void; to md93a37e$lambda$callEventIfUnloading$2$2 in mixins.arclight.core.json:server.level.ChunkHolderMixin from mod (unknown)
[076月2026 16:52:23.132] [Server thread/DEBUG] [mixin/]: Renaming synthetic method lambda$callEventIfUnloading$1(Lnet/minecraft/server/level/ChunkMap;Lnet/minecraft/server/level/ChunkResult;)V to md93a37e$lambda$callEventIfUnloading$1$3 in mixins.arclight.core.json:server.level.ChunkHolderMixin from mod (unknown)
[076月2026 16:52:23.132] [Server thread/DEBUG] [mixin/]: Renaming synthetic method lambda$callEventIfUnloading$0(Lnet/minecraft/world/level/chunk/LevelChunk;)V to md93a37e$lambda$callEventIfUnloading$0$4 in mixins.arclight.core.json:server.level.ChunkHolderMixin from mod (unknown)
[076月2026 16:52:23.136] [Server thread/DEBUG] [mixin/]: mixins.arclight.core.json:server.level.ChunkHolderMixin from mod (unknown)->@Inject::arclight$outOfBound(Lnet/minecraft/core/BlockPos;Lorg/spongepowered/asm/mixin/injection/callback/CallbackInfo;)V does use it's CallbackInfo
[076月2026 16:52:23.136] [Server thread/DEBUG] [mixin/]: mixins.arclight.core.json:server.level.ChunkHolderMixin from mod (unknown)->@Inject::arclight$onChunkLoad(Lnet/minecraft/server/level/ChunkMap;Ljava/util/concurrent/Executor;Lorg/spongepowered/asm/mixin/injection/callback/CallbackInfo;)V doesn't use it's CallbackInfo
[076月2026 16:52:23.136] [Server thread/DEBUG] [mixin/]: mixins.arclight.core.json:server.level.ChunkHolderMixin from mod (unknown)->@Inject::arclight$onChunkLoad(Lnet/minecraft/server/level/ChunkMap;Ljava/util/concurrent/Executor;Lorg/spongepowered/asm/mixin/injection/callback/CallbackInfo;)V has 0 override(s) in child classes
[076月2026 16:52:23.136] [Server thread/DEBUG] [mixin/]: mixins.arclight.core.json:server.level.ChunkHolderMixin from mod (unknown)->@Inject::arclight$onChunkLoad(Lnet/minecraft/server/level/ChunkMap;Ljava/util/concurrent/Executor;Lorg/spongepowered/asm/mixin/injection/callback/CallbackInfo;)V won't be passed a CallbackInfo as a result
[076月2026 16:52:23.142] [Server thread/DEBUG] [mixin/]: Mixing world.level.chunk.status.ChunkStatusTasksMixin from mixins.arclight.core.json into net.minecraft.world.level.chunk.status.ChunkStatusTasks
[076月2026 16:52:23.145] [Server thread/DEBUG] [Implementer/SWITCH_TABLE]: Candidate switch enum method <clinit>()V class net/minecraft/server/level/ChunkLevel$1
[076月2026 16:52:23.204] [Server thread/DEBUG] [mixin/]: Mixing server.level.DistanceManager_ChunkTicketTrackerMixin from mixins.arclight.core.json into net.minecraft.server.level.DistanceManager$ChunkTicketTracker
[076月2026 16:52:23.229] [Server thread/DEBUG] [mixin/]: Mixing world.level.portal.PortalForcerMixin from mixins.arclight.core.json into net.minecraft.world.level.portal.PortalForcer
[076月2026 16:52:23.231] [Server thread/DEBUG] [mixin/]: mixins.arclight.core.json:world.level.portal.PortalForcerMixin from mod (unknown)->@Inject::arclight$portalCreate(Lnet/minecraft/core/BlockPos;Lnet/minecraft/core/Direction$Axis;Lorg/spongepowered/asm/mixin/injection/callback/CallbackInfoReturnable;)V does use it's CallbackInfoReturnable
[076月2026 16:52:23.231] [Server thread/DEBUG] [mixin/]: mixins.arclight.core.json:world.level.portal.PortalForcerMixin from mod (unknown)->@Inject::arclight$portalCreate(Lnet/minecraft/core/BlockPos;Lnet/minecraft/core/Direction$Axis;Lorg/spongepowered/asm/mixin/injection/callback/CallbackInfoReturnable;)V does use it's CallbackInfoReturnable
[076月2026 16:52:23.235] [Server thread/DEBUG] [mixin/]: Mixing world.entity.raid.RaidsMixin from mixins.arclight.core.json into net.minecraft.world.entity.raid.Raids
[076月2026 16:52:23.236] [Server thread/DEBUG] [mixin/]: mixins.arclight.core.json:world.entity.raid.RaidsMixin from mod (unknown)->@Inject::arclight$raidTrigger(Lnet/minecraft/server/level/ServerPlayer;Lnet/minecraft/core/BlockPos;Lorg/spongepowered/asm/mixin/injection/callback/CallbackInfoReturnable;Lnet/minecraft/world/level/dimension/DimensionType;Ljava/util/List;ILnet/minecraft/world/phys/Vec3;Lnet/minecraft/core/BlockPos;Lnet/minecraft/world/entity/raid/Raid;)V does use it's CallbackInfoReturnable
[076月2026 16:52:23.241] [Server thread/DEBUG] [mixin/]: Mixing world.level.gameevent.GameEventDispatcherMixin from mixins.arclight.core.json into net.minecraft.world.level.gameevent.GameEventDispatcher
[076月2026 16:52:23.246] [Server thread/DEBUG] [mixin/]: Mixing world.level.storage.DerivedLevelDataMixin from mixins.arclight.core.json into net.minecraft.world.level.storage.DerivedLevelData
[076月2026 16:52:23.251] [Server thread/DEBUG] [mixin/]: Mixing SpigotWorldConfigMixin from mixins.arclight.bukkit.json into org.spigotmc.SpigotWorldConfig
[076月2026 16:52:23.265] [Server thread/INFO] [Minecraft/]: -------- World Settings For [world] --------
[076月2026 16:52:23.265] [Server thread/INFO] [Minecraft/]: Nerfing mobs spawned from spawners: false
[076月2026 16:52:23.265] [Server thread/INFO] [Minecraft/]: Arrow Despawn Rate: 1200 Trident Respawn Rate:1200
[076月2026 16:52:23.265] [Server thread/INFO] [Minecraft/]: Cactus Growth Modifier: 100%
[076月2026 16:52:23.265] [Server thread/INFO] [Minecraft/]: Cane Growth Modifier: 100%
[076月2026 16:52:23.265] [Server thread/INFO] [Minecraft/]: Melon Growth Modifier: 100%
[076月2026 16:52:23.265] [Server thread/INFO] [Minecraft/]: Mushroom Growth Modifier: 100%
[076月2026 16:52:23.265] [Server thread/INFO] [Minecraft/]: Pumpkin Growth Modifier: 100%
[076月2026 16:52:23.265] [Server thread/INFO] [Minecraft/]: Sapling Growth Modifier: 100%
[076月2026 16:52:23.265] [Server thread/INFO] [Minecraft/]: Beetroot Growth Modifier: 100%
[076月2026 16:52:23.265] [Server thread/INFO] [Minecraft/]: Carrot Growth Modifier: 100%
[076月2026 16:52:23.265] [Server thread/INFO] [Minecraft/]: Potato Growth Modifier: 100%
[076月2026 16:52:23.265] [Server thread/INFO] [Minecraft/]: Wheat Growth Modifier: 100%
[076月2026 16:52:23.265] [Server thread/INFO] [Minecraft/]: NetherWart Growth Modifier: 100%
[076月2026 16:52:23.265] [Server thread/INFO] [Minecraft/]: Vine Growth Modifier: 100%
[076月2026 16:52:23.265] [Server thread/INFO] [Minecraft/]: Cocoa Growth Modifier: 100%
[076月2026 16:52:23.265] [Server thread/INFO] [Minecraft/]: Bamboo Growth Modifier: 100%
[076月2026 16:52:23.265] [Server thread/INFO] [Minecraft/]: SweetBerry Growth Modifier: 100%
[076月2026 16:52:23.265] [Server thread/INFO] [Minecraft/]: Kelp Growth Modifier: 100%
[076月2026 16:52:23.265] [Server thread/INFO] [Minecraft/]: TwistingVines Growth Modifier: 100%
[076月2026 16:52:23.265] [Server thread/INFO] [Minecraft/]: WeepingVines Growth Modifier: 100%
[076月2026 16:52:23.265] [Server thread/INFO] [Minecraft/]: CaveVines Growth Modifier: 100%
[076月2026 16:52:23.265] [Server thread/INFO] [Minecraft/]: Custom Map Seeds:  Village: 10387312 Desert: 14357617 Igloo: 14357618 Jungle: 14357619 Swamp: 14357620 Monument: 10387313 Ocean: 14357621 Shipwreck: 165745295 End City: 10387313 Slime: 987234911 Nether: 30084232 Mansion: 10387319 Fossil: 14357921 Portal: 34222645
[076月2026 16:52:23.265] [Server thread/INFO] [Minecraft/]: Entity Tracking Range: Pl 48 / An 48 / Mo 48 / Mi 32 / Di 128 / Other 64
[076月2026 16:52:23.266] [Server thread/INFO] [Minecraft/]: Mob Spawn Range: 6
[076月2026 16:52:23.266] [Server thread/INFO] [Minecraft/]: Max TNT Explosions: 100
[076月2026 16:52:23.266] [Server thread/INFO] [Minecraft/]: Tile Max Tick Time: 50ms Entity max Tick Time: 50ms
[076月2026 16:52:23.266] [Server thread/INFO] [Minecraft/]: Item Merge Radius: 2.5
[076月2026 16:52:23.266] [Server thread/INFO] [Minecraft/]: Item Despawn Rate: 6000
[076月2026 16:52:23.266] [Server thread/INFO] [Minecraft/]: Zombie Aggressive Towards Villager: true
[076月2026 16:52:23.266] [Server thread/INFO] [Minecraft/]: Allow Zombie Pigmen to spawn from portal blocks: true
[076月2026 16:52:23.266] [Server thread/INFO] [Minecraft/]: Experience Merge Radius: 3.0
[076月2026 16:52:23.266] [Server thread/INFO] [Minecraft/]: Hopper Transfer: 8 Hopper Check: 1 Hopper Amount: 1 Hopper Can Load Chunks: false
[076月2026 16:52:23.266] [Server thread/INFO] [Minecraft/]: Entity Activation Range: An 32 / Mo 32 / Ra 48 / Mi 16 / Tiv true / Isa false
[076月2026 16:52:23.266] [Server thread/INFO] [Minecraft/]: Simulation Distance: 10
[076月2026 16:52:23.266] [Server thread/INFO] [Minecraft/]: View Distance: 15
[076月2026 16:52:23.669] [Server thread/DEBUG] [mixin/]: Mixing world.level.chunk.LevelChunkSectionMixin from mixins.arclight.core.json into net.minecraft.world.level.chunk.LevelChunkSection
[076月2026 16:52:23.783] [Worker-Main-15/DEBUG] [Implementer/SWITCH_TABLE]: Candidate switch enum method <clinit>()V class net/minecraft/world/level/levelgen/NoiseChunk$2
[076月2026 16:52:23.802] [Worker-Main-15/DEBUG] [mixin/]: Mixing world.level.levelgen.structure.StructureStartMixin from mixins.arclight.core.json into net.minecraft.world.level.levelgen.structure.StructureStart
[076月2026 16:52:23.802] [Worker-Main-15/DEBUG] [mixin/]: Renaming synthetic method lambda$placeInChunk$0(Lnet/minecraft/world/level/levelgen/structure/BoundingBox;Lnet/minecraft/world/level/levelgen/structure/StructurePiece;)Z to md93a37e$lambda$placeInChunk$0$0 in mixins.arclight.core.json:world.level.levelgen.structure.StructureStartMixin from mod (unknown)
[076月2026 16:52:23.804] [Worker-Main-15/DEBUG] [mixin/]: mixins.arclight.core.json:world.level.levelgen.structure.StructureStartMixin from mod (unknown)->@Inject::arclight$writeBukkitContainer(Lnet/minecraft/world/level/levelgen/structure/pieces/StructurePieceSerializationContext;Lnet/minecraft/world/level/ChunkPos;Lorg/spongepowered/asm/mixin/injection/callback/CallbackInfoReturnable;)V does use it's CallbackInfoReturnable
[076月2026 16:52:23.804] [Worker-Main-15/DEBUG] [mixin/]: mixins.arclight.core.json:world.level.levelgen.structure.StructureStartMixin from mod (unknown)->@Inject::arclight$writeBukkitContainer(Lnet/minecraft/world/level/levelgen/structure/pieces/StructurePieceSerializationContext;Lnet/minecraft/world/level/ChunkPos;Lorg/spongepowered/asm/mixin/injection/callback/CallbackInfoReturnable;)V does use it's CallbackInfoReturnable
[076月2026 16:52:23.804] [Worker-Main-15/DEBUG] [mixin/]: mixins.arclight.core.json:world.level.levelgen.structure.StructureStartMixin from mod (unknown)->@Inject::arclight$readBukkitContainer(Lnet/minecraft/world/level/levelgen/structure/pieces/StructurePieceSerializationContext;Lnet/minecraft/nbt/CompoundTag;JLorg/spongepowered/asm/mixin/injection/callback/CallbackInfoReturnable;)V does use it's CallbackInfoReturnable
[076月2026 16:52:23.804] [Worker-Main-15/DEBUG] [mixin/]: mixins.arclight.core.json:world.level.levelgen.structure.StructureStartMixin from mod (unknown)->@Inject::arclight$readBukkitContainer(Lnet/minecraft/world/level/levelgen/structure/pieces/StructurePieceSerializationContext;Lnet/minecraft/nbt/CompoundTag;JLorg/spongepowered/asm/mixin/injection/callback/CallbackInfoReturnable;)V does use it's CallbackInfoReturnable
[076月2026 16:52:23.804] [Worker-Main-15/DEBUG] [mixin/]: mixins.arclight.core.json:world.level.levelgen.structure.StructureStartMixin from mod (unknown)->@Inject::arclight$readBukkitContainer(Lnet/minecraft/world/level/levelgen/structure/pieces/StructurePieceSerializationContext;Lnet/minecraft/nbt/CompoundTag;JLorg/spongepowered/asm/mixin/injection/callback/CallbackInfoReturnable;)V does use it's CallbackInfoReturnable
[076月2026 16:52:23.804] [Worker-Main-15/DEBUG] [mixin/]: mixins.arclight.core.json:world.level.levelgen.structure.StructureStartMixin from mod (unknown)->@Inject::arclight$readBukkitContainer(Lnet/minecraft/world/level/levelgen/structure/pieces/StructurePieceSerializationContext;Lnet/minecraft/nbt/CompoundTag;JLorg/spongepowered/asm/mixin/injection/callback/CallbackInfoReturnable;)V does use it's CallbackInfoReturnable
[076月2026 16:52:23.835] [Worker-Main-15/DEBUG] [mixin/]: Mixing world.level.levelgen.structure.templatesystem.StructureTemplateMixin from mixins.arclight.core.json into net.minecraft.world.level.levelgen.structure.templatesystem.StructureTemplate
[076月2026 16:52:23.836] [Worker-Main-15/DEBUG] [mixin/]: Mixing core.world.level.levelgen.structure.templatesystem.StructureTemplateMixin_NeoForge from mixins.arclight.neoforge.json into net.minecraft.world.level.levelgen.structure.templatesystem.StructureTemplate
[076月2026 16:52:23.840] [Worker-Main-15/DEBUG] [mixin/]: mixins.arclight.core.json:world.level.levelgen.structure.templatesystem.StructureTemplateMixin from mod (unknown)->@Inject::arclight$savePdc(Lnet/minecraft/nbt/CompoundTag;Lorg/spongepowered/asm/mixin/injection/callback/CallbackInfoReturnable;)V doesn't use it's CallbackInfoReturnable
[076月2026 16:52:23.840] [Worker-Main-15/DEBUG] [mixin/]: mixins.arclight.core.json:world.level.levelgen.structure.templatesystem.StructureTemplateMixin from mod (unknown)->@Inject::arclight$savePdc(Lnet/minecraft/nbt/CompoundTag;Lorg/spongepowered/asm/mixin/injection/callback/CallbackInfoReturnable;)V has 0 override(s) in child classes
[076月2026 16:52:23.840] [Worker-Main-15/DEBUG] [mixin/]: mixins.arclight.core.json:world.level.levelgen.structure.templatesystem.StructureTemplateMixin from mod (unknown)->@Inject::arclight$savePdc(Lnet/minecraft/nbt/CompoundTag;Lorg/spongepowered/asm/mixin/injection/callback/CallbackInfoReturnable;)V won't be passed a CallbackInfoReturnable as a result
[076月2026 16:52:23.840] [Worker-Main-15/DEBUG] [mixin/]: mixins.arclight.core.json:world.level.levelgen.structure.templatesystem.StructureTemplateMixin from mod (unknown)->@Inject::arclight$loadPdc(Lnet/minecraft/core/HolderGetter;Lnet/minecraft/nbt/CompoundTag;Lorg/spongepowered/asm/mixin/injection/callback/CallbackInfo;)V doesn't use it's CallbackInfo
[076月2026 16:52:23.840] [Worker-Main-15/DEBUG] [mixin/]: mixins.arclight.core.json:world.level.levelgen.structure.templatesystem.StructureTemplateMixin from mod (unknown)->@Inject::arclight$loadPdc(Lnet/minecraft/core/HolderGetter;Lnet/minecraft/nbt/CompoundTag;Lorg/spongepowered/asm/mixin/injection/callback/CallbackInfo;)V has 0 override(s) in child classes
[076月2026 16:52:23.840] [Worker-Main-15/DEBUG] [mixin/]: mixins.arclight.core.json:world.level.levelgen.structure.templatesystem.StructureTemplateMixin from mod (unknown)->@Inject::arclight$loadPdc(Lnet/minecraft/core/HolderGetter;Lnet/minecraft/nbt/CompoundTag;Lorg/spongepowered/asm/mixin/injection/callback/CallbackInfo;)V won't be passed a CallbackInfo as a result
[076月2026 16:52:23.848] [Worker-Main-15/DEBUG] [mixin/]: Mixing world.level.levelgen.structure.templatesystem.StructurePlaceSettingsMixin from mixins.arclight.core.json into net.minecraft.world.level.levelgen.structure.templatesystem.StructurePlaceSettings
[076月2026 16:52:23.849] [Worker-Main-15/DEBUG] [mixin/]: mixins.arclight.core.json:world.level.levelgen.structure.templatesystem.StructurePlaceSettingsMixin from mod (unknown)->@Inject::arclight$init(Lorg/spongepowered/asm/mixin/injection/callback/CallbackInfo;)V doesn't use it's CallbackInfo
[076月2026 16:52:23.849] [Worker-Main-15/DEBUG] [mixin/]: mixins.arclight.core.json:world.level.levelgen.structure.templatesystem.StructurePlaceSettingsMixin from mod (unknown)->@Inject::arclight$init(Lorg/spongepowered/asm/mixin/injection/callback/CallbackInfo;)V has 0 override(s) in child classes
[076月2026 16:52:23.849] [Worker-Main-15/DEBUG] [mixin/]: mixins.arclight.core.json:world.level.levelgen.structure.templatesystem.StructurePlaceSettingsMixin from mod (unknown)->@Inject::arclight$init(Lorg/spongepowered/asm/mixin/injection/callback/CallbackInfo;)V won't be passed a CallbackInfo as a result
[076月2026 16:52:23.849] [Worker-Main-15/DEBUG] [mixin/]: mixins.arclight.core.json:world.level.levelgen.structure.templatesystem.StructurePlaceSettingsMixin from mod (unknown)->@Inject::arclight$forcePalette(Ljava/util/List;Lnet/minecraft/core/BlockPos;Lorg/spongepowered/asm/mixin/injection/callback/CallbackInfoReturnable;)V does use it's CallbackInfoReturnable
[076月2026 16:52:23.849] [Worker-Main-15/DEBUG] [Implementer/SWITCH_TABLE]: Candidate switch enum method <clinit>()V class net/minecraft/world/level/levelgen/structure/templatesystem/StructureTemplate$1
[076月2026 16:52:23.929] [Worker-Main-15/DEBUG] [Implementer/SWITCH_TABLE]: Candidate switch enum method <clinit>()V class net/minecraft/world/level/levelgen/structure/StructurePiece$1
[076月2026 16:52:23.979] [Worker-Main-15/DEBUG] [Implementer/SWITCH_TABLE]: Candidate switch enum method <clinit>()V class net/minecraft/world/level/levelgen/structure/structures/MineshaftPieces$1
[076月2026 16:52:24.002] [Worker-Main-15/DEBUG] [Implementer/SWITCH_TABLE]: Candidate switch enum method <clinit>()V class com/mojang/math/OctahedralGroup$1
[076月2026 16:52:24.009] [Worker-Main-15/DEBUG] [Implementer/SWITCH_TABLE]: Candidate switch enum method <clinit>()V class net/minecraft/world/level/levelgen/structure/structures/OceanRuinPieces$1
[076月2026 16:52:24.019] [Worker-Main-15/DEBUG] [mixin/]: Mixing server.level.WorldGenRegionMixin from mixins.arclight.core.json into net.minecraft.server.level.WorldGenRegion
[076月2026 16:52:24.795] [Worker-Main-4/DEBUG] [mixin/]: Mixing world.level.block.MultifaceSpreader_SpreadPosMixin from mixins.arclight.core.json into net.minecraft.world.level.block.MultifaceSpreader$SpreadPos
[076月2026 16:52:24.798] [Worker-Main-4/DEBUG] [mixin/]: Mixing event.CraftEventFactoryMixin from mixins.arclight.bukkit.json into org.bukkit.craftbukkit.v1_21_R1.event.CraftEventFactory
[076月2026 16:52:24.804] [Worker-Main-4/DEBUG] [mixin/]: mixins.arclight.bukkit.json:event.CraftEventFactoryMixin from mod (unknown)->@Inject::arclight$unhandledDamage(Lnet/minecraft/world/entity/Entity;Lnet/minecraft/world/damagesource/DamageSource;Ljava/util/Map;Ljava/util/Map;ZLorg/spongepowered/asm/mixin/injection/callback/CallbackInfoReturnable;)V does use it's CallbackInfoReturnable
[076月2026 16:52:24.805] [Worker-Main-4/DEBUG] [mixin/]: mixins.arclight.bukkit.json:event.CraftEventFactoryMixin from mod (unknown)->@Inject::arclight$noAirDrops(Lnet/minecraft/world/entity/item/ItemEntity;Lorg/spongepowered/asm/mixin/injection/callback/CallbackInfoReturnable;)V does use it's CallbackInfoReturnable
[076月2026 16:52:24.818] [Worker-Main-4/DEBUG] [mixin/]: Mixing event.EntityDamageEventMixin from mixins.arclight.bukkit.json into org.bukkit.event.entity.EntityDamageEvent
[076月2026 16:52:24.819] [Worker-Main-4/DEBUG] [mixin/]: mixins.arclight.bukkit.json:event.EntityDamageEventMixin from mod (unknown)->@Inject::arclight$init(Lorg/bukkit/entity/Entity;Lorg/bukkit/event/entity/EntityDamageEvent$DamageCause;Lorg/bukkit/damage/DamageSource;Ljava/util/Map;Ljava/util/Map;Lorg/spongepowered/asm/mixin/injection/callback/CallbackInfo;)V doesn't use it's CallbackInfo
[076月2026 16:52:24.819] [Worker-Main-4/DEBUG] [mixin/]: mixins.arclight.bukkit.json:event.EntityDamageEventMixin from mod (unknown)->@Inject::arclight$init(Lorg/bukkit/entity/Entity;Lorg/bukkit/event/entity/EntityDamageEvent$DamageCause;Lorg/bukkit/damage/DamageSource;Ljava/util/Map;Ljava/util/Map;Lorg/spongepowered/asm/mixin/injection/callback/CallbackInfo;)V has 0 override(s) in child classes
[076月2026 16:52:24.819] [Worker-Main-4/DEBUG] [mixin/]: mixins.arclight.bukkit.json:event.EntityDamageEventMixin from mod (unknown)->@Inject::arclight$init(Lorg/bukkit/entity/Entity;Lorg/bukkit/event/entity/EntityDamageEvent$DamageCause;Lorg/bukkit/damage/DamageSource;Ljava/util/Map;Ljava/util/Map;Lorg/spongepowered/asm/mixin/injection/callback/CallbackInfo;)V won't be passed a CallbackInfo as a result
[076月2026 16:52:25.023] [Worker-Main-11/DEBUG] [mixin/]: Mixing world.level.NaturalSpawnerMixin from mixins.arclight.core.json into net.minecraft.world.level.NaturalSpawner
[076月2026 16:52:25.025] [Worker-Main-11/DEBUG] [mixin/]: mixins.arclight.core.json:world.level.NaturalSpawnerMixin from mod (unknown)->@Inject::arclight$naturalSpawn(Lnet/minecraft/world/entity/MobCategory;Lnet/minecraft/server/level/ServerLevel;Lnet/minecraft/world/level/chunk/ChunkAccess;Lnet/minecraft/core/BlockPos;Lnet/minecraft/world/level/NaturalSpawner$SpawnPredicate;Lnet/minecraft/world/level/NaturalSpawner$AfterSpawnCallback;Lorg/spongepowered/asm/mixin/injection/callback/CallbackInfo;)V doesn't use it's CallbackInfo
[076月2026 16:52:25.026] [Worker-Main-11/DEBUG] [mixin/]: mixins.arclight.core.json:world.level.NaturalSpawnerMixin from mod (unknown)->@Inject::arclight$worldGenSpawn(Lnet/minecraft/world/level/ServerLevelAccessor;Lnet/minecraft/core/Holder;Lnet/minecraft/world/level/ChunkPos;Lnet/minecraft/util/RandomSource;Lorg/spongepowered/asm/mixin/injection/callback/CallbackInfo;)V doesn't use it's CallbackInfo
[076月2026 16:52:25.050] [Server thread/INFO] [Minecraft/]: -------- World Settings For [world/DIM-1] --------
[076月2026 16:52:25.050] [Server thread/INFO] [Minecraft/]: Nerfing mobs spawned from spawners: false
[076月2026 16:52:25.050] [Server thread/INFO] [Minecraft/]: Arrow Despawn Rate: 1200 Trident Respawn Rate:1200
[076月2026 16:52:25.050] [Server thread/INFO] [Minecraft/]: Cactus Growth Modifier: 100%
[076月2026 16:52:25.050] [Server thread/INFO] [Minecraft/]: Cane Growth Modifier: 100%
[076月2026 16:52:25.050] [Server thread/INFO] [Minecraft/]: Melon Growth Modifier: 100%
[076月2026 16:52:25.050] [Server thread/INFO] [Minecraft/]: Mushroom Growth Modifier: 100%
[076月2026 16:52:25.050] [Server thread/INFO] [Minecraft/]: Pumpkin Growth Modifier: 100%
[076月2026 16:52:25.050] [Server thread/INFO] [Minecraft/]: Sapling Growth Modifier: 100%
[076月2026 16:52:25.050] [Server thread/INFO] [Minecraft/]: Beetroot Growth Modifier: 100%
[076月2026 16:52:25.050] [Server thread/INFO] [Minecraft/]: Carrot Growth Modifier: 100%
[076月2026 16:52:25.050] [Server thread/INFO] [Minecraft/]: Potato Growth Modifier: 100%
[076月2026 16:52:25.050] [Server thread/INFO] [Minecraft/]: Wheat Growth Modifier: 100%
[076月2026 16:52:25.050] [Server thread/INFO] [Minecraft/]: NetherWart Growth Modifier: 100%
[076月2026 16:52:25.050] [Server thread/INFO] [Minecraft/]: Vine Growth Modifier: 100%
[076月2026 16:52:25.050] [Server thread/INFO] [Minecraft/]: Cocoa Growth Modifier: 100%
[076月2026 16:52:25.050] [Server thread/INFO] [Minecraft/]: Bamboo Growth Modifier: 100%
[076月2026 16:52:25.050] [Server thread/INFO] [Minecraft/]: SweetBerry Growth Modifier: 100%
[076月2026 16:52:25.050] [Server thread/INFO] [Minecraft/]: Kelp Growth Modifier: 100%
[076月2026 16:52:25.050] [Server thread/INFO] [Minecraft/]: TwistingVines Growth Modifier: 100%
[076月2026 16:52:25.050] [Server thread/INFO] [Minecraft/]: WeepingVines Growth Modifier: 100%
[076月2026 16:52:25.050] [Server thread/INFO] [Minecraft/]: CaveVines Growth Modifier: 100%
[076月2026 16:52:25.050] [Server thread/INFO] [Minecraft/]: Custom Map Seeds:  Village: 10387312 Desert: 14357617 Igloo: 14357618 Jungle: 14357619 Swamp: 14357620 Monument: 10387313 Ocean: 14357621 Shipwreck: 165745295 End City: 10387313 Slime: 987234911 Nether: 30084232 Mansion: 10387319 Fossil: 14357921 Portal: 34222645
[076月2026 16:52:25.050] [Server thread/INFO] [Minecraft/]: Entity Tracking Range: Pl 48 / An 48 / Mo 48 / Mi 32 / Di 128 / Other 64
[076月2026 16:52:25.050] [Server thread/INFO] [Minecraft/]: Mob Spawn Range: 6
[076月2026 16:52:25.050] [Server thread/INFO] [Minecraft/]: Max TNT Explosions: 100
[076月2026 16:52:25.050] [Server thread/INFO] [Minecraft/]: Tile Max Tick Time: 50ms Entity max Tick Time: 50ms
[076月2026 16:52:25.050] [Server thread/INFO] [Minecraft/]: Item Merge Radius: 2.5
[076月2026 16:52:25.050] [Server thread/INFO] [Minecraft/]: Item Despawn Rate: 6000
[076月2026 16:52:25.050] [Server thread/INFO] [Minecraft/]: Zombie Aggressive Towards Villager: true
[076月2026 16:52:25.050] [Server thread/INFO] [Minecraft/]: Allow Zombie Pigmen to spawn from portal blocks: true
[076月2026 16:52:25.050] [Server thread/INFO] [Minecraft/]: Experience Merge Radius: 3.0
[076月2026 16:52:25.050] [Server thread/INFO] [Minecraft/]: Hopper Transfer: 8 Hopper Check: 1 Hopper Amount: 1 Hopper Can Load Chunks: false
[076月2026 16:52:25.050] [Server thread/INFO] [Minecraft/]: Entity Activation Range: An 32 / Mo 32 / Ra 48 / Mi 16 / Tiv true / Isa false
[076月2026 16:52:25.051] [Server thread/INFO] [Minecraft/]: Simulation Distance: 10
[076月2026 16:52:25.051] [Server thread/INFO] [Minecraft/]: View Distance: 15
[076月2026 16:52:25.088] [Server thread/INFO] [Minecraft/]: -------- World Settings For [world/DIM1] --------
[076月2026 16:52:25.088] [Server thread/INFO] [Minecraft/]: Nerfing mobs spawned from spawners: false
[076月2026 16:52:25.088] [Server thread/INFO] [Minecraft/]: Arrow Despawn Rate: 1200 Trident Respawn Rate:1200
[076月2026 16:52:25.088] [Server thread/INFO] [Minecraft/]: Cactus Growth Modifier: 100%
[076月2026 16:52:25.088] [Server thread/INFO] [Minecraft/]: Cane Growth Modifier: 100%
[076月2026 16:52:25.088] [Server thread/INFO] [Minecraft/]: Melon Growth Modifier: 100%
[076月2026 16:52:25.088] [Server thread/INFO] [Minecraft/]: Mushroom Growth Modifier: 100%
[076月2026 16:52:25.088] [Server thread/INFO] [Minecraft/]: Pumpkin Growth Modifier: 100%
[076月2026 16:52:25.088] [Server thread/INFO] [Minecraft/]: Sapling Growth Modifier: 100%
[076月2026 16:52:25.088] [Server thread/INFO] [Minecraft/]: Beetroot Growth Modifier: 100%
[076月2026 16:52:25.088] [Server thread/INFO] [Minecraft/]: Carrot Growth Modifier: 100%
[076月2026 16:52:25.088] [Server thread/INFO] [Minecraft/]: Potato Growth Modifier: 100%
[076月2026 16:52:25.088] [Server thread/INFO] [Minecraft/]: Wheat Growth Modifier: 100%
[076月2026 16:52:25.088] [Server thread/INFO] [Minecraft/]: NetherWart Growth Modifier: 100%
[076月2026 16:52:25.088] [Server thread/INFO] [Minecraft/]: Vine Growth Modifier: 100%
[076月2026 16:52:25.088] [Server thread/INFO] [Minecraft/]: Cocoa Growth Modifier: 100%
[076月2026 16:52:25.088] [Server thread/INFO] [Minecraft/]: Bamboo Growth Modifier: 100%
[076月2026 16:52:25.088] [Server thread/INFO] [Minecraft/]: SweetBerry Growth Modifier: 100%
[076月2026 16:52:25.088] [Server thread/INFO] [Minecraft/]: Kelp Growth Modifier: 100%
[076月2026 16:52:25.088] [Server thread/INFO] [Minecraft/]: TwistingVines Growth Modifier: 100%
[076月2026 16:52:25.088] [Server thread/INFO] [Minecraft/]: WeepingVines Growth Modifier: 100%
[076月2026 16:52:25.088] [Server thread/INFO] [Minecraft/]: CaveVines Growth Modifier: 100%
[076月2026 16:52:25.088] [Server thread/INFO] [Minecraft/]: Custom Map Seeds:  Village: 10387312 Desert: 14357617 Igloo: 14357618 Jungle: 14357619 Swamp: 14357620 Monument: 10387313 Ocean: 14357621 Shipwreck: 165745295 End City: 10387313 Slime: 987234911 Nether: 30084232 Mansion: 10387319 Fossil: 14357921 Portal: 34222645
[076月2026 16:52:25.088] [Server thread/INFO] [Minecraft/]: Entity Tracking Range: Pl 48 / An 48 / Mo 48 / Mi 32 / Di 128 / Other 64
[076月2026 16:52:25.088] [Server thread/INFO] [Minecraft/]: Mob Spawn Range: 6
[076月2026 16:52:25.088] [Server thread/INFO] [Minecraft/]: Max TNT Explosions: 100
[076月2026 16:52:25.088] [Server thread/INFO] [Minecraft/]: Tile Max Tick Time: 50ms Entity max Tick Time: 50ms
[076月2026 16:52:25.088] [Server thread/INFO] [Minecraft/]: Item Merge Radius: 2.5
[076月2026 16:52:25.088] [Server thread/INFO] [Minecraft/]: Item Despawn Rate: 6000
[076月2026 16:52:25.088] [Server thread/INFO] [Minecraft/]: Zombie Aggressive Towards Villager: true
[076月2026 16:52:25.088] [Server thread/INFO] [Minecraft/]: Allow Zombie Pigmen to spawn from portal blocks: true
[076月2026 16:52:25.088] [Server thread/INFO] [Minecraft/]: Experience Merge Radius: 3.0
[076月2026 16:52:25.088] [Server thread/INFO] [Minecraft/]: Hopper Transfer: 8 Hopper Check: 1 Hopper Amount: 1 Hopper Can Load Chunks: false
[076月2026 16:52:25.088] [Server thread/INFO] [Minecraft/]: Entity Activation Range: An 32 / Mo 32 / Ra 48 / Mi 16 / Tiv true / Isa false
[076月2026 16:52:25.088] [Server thread/INFO] [Minecraft/]: Simulation Distance: 10
[076月2026 16:52:25.088] [Server thread/INFO] [Minecraft/]: View Distance: 15
[076月2026 16:52:25.091] [Server thread/DEBUG] [mixin/]: Mixing network.protocol.game.ClientboundSetBorderCenterPacketMixin from mixins.arclight.core.json into net.minecraft.network.protocol.game.ClientboundSetBorderCenterPacket
[076月2026 16:52:25.091] [Server thread/DEBUG] [mixin/]: mixins.arclight.core.json:network.protocol.game.ClientboundSetBorderCenterPacketMixin from mod (unknown)->@Inject::arclight$nether(Lnet/minecraft/world/level/border/WorldBorder;Lorg/spongepowered/asm/mixin/injection/callback/CallbackInfo;)V doesn't use it's CallbackInfo
[076月2026 16:52:25.091] [Server thread/DEBUG] [mixin/]: mixins.arclight.core.json:network.protocol.game.ClientboundSetBorderCenterPacketMixin from mod (unknown)->@Inject::arclight$nether(Lnet/minecraft/world/level/border/WorldBorder;Lorg/spongepowered/asm/mixin/injection/callback/CallbackInfo;)V has 0 override(s) in child classes
[076月2026 16:52:25.091] [Server thread/DEBUG] [mixin/]: mixins.arclight.core.json:network.protocol.game.ClientboundSetBorderCenterPacketMixin from mod (unknown)->@Inject::arclight$nether(Lnet/minecraft/world/level/border/WorldBorder;Lorg/spongepowered/asm/mixin/injection/callback/CallbackInfo;)V won't be passed a CallbackInfo as a result
[076月2026 16:52:25.097] [Server thread/INFO] [CoreProtect/]: Enabling CoreProtect v23.2
[076月2026 16:52:25.206] [Server thread/DEBUG] [mixin/]: Mixing ActionMixin from mixins.arclight.bukkit.json into org.bukkit.event.block.Action
[076月2026 16:52:25.329] [Server thread/INFO] [Console/]: [CoreProtect] CoreProtect Community Edition has been successfully enabled! 
[076月2026 16:52:25.329] [Server thread/INFO] [Minecraft/]: [CoreProtect] Using SQLite for data storage.
[076月2026 16:52:25.329] [Server thread/INFO] [Minecraft/]: --------------------
[076月2026 16:52:25.329] [Server thread/INFO] [Minecraft/]: [CoreProtect] Enjoy CoreProtect? Join our Discord!
[076月2026 16:52:25.329] [Server thread/INFO] [Minecraft/]: [CoreProtect] Discord: www.coreprotect.net/discord/
[076月2026 16:52:25.329] [Server thread/INFO] [Minecraft/]: --------------------
[076月2026 16:52:25.335] [Server thread/INFO] [PlaceholderAPI/]: Enabling PlaceholderAPI v2.12.2
[076月2026 16:52:25.438] [Server thread/DEBUG] [mixin/]: Mixing world.inventory.HorseInventoryMenuMixin from mixins.arclight.core.json into net.minecraft.world.inventory.HorseInventoryMenu
[076月2026 16:52:25.439] [Server thread/DEBUG] [mixin/]: mixins.arclight.core.json:world.inventory.HorseInventoryMenuMixin from mod (unknown)->@Inject::arclight$init(ILnet/minecraft/world/entity/player/Inventory;Lnet/minecraft/world/Container;Lnet/minecraft/world/entity/animal/horse/AbstractHorse;ILorg/spongepowered/asm/mixin/injection/callback/CallbackInfo;)V doesn't use it's CallbackInfo
[076月2026 16:52:25.439] [Server thread/DEBUG] [mixin/]: mixins.arclight.core.json:world.inventory.HorseInventoryMenuMixin from mod (unknown)->@Inject::arclight$init(ILnet/minecraft/world/entity/player/Inventory;Lnet/minecraft/world/Container;Lnet/minecraft/world/entity/animal/horse/AbstractHorse;ILorg/spongepowered/asm/mixin/injection/callback/CallbackInfo;)V has 0 override(s) in child classes
[076月2026 16:52:25.439] [Server thread/DEBUG] [mixin/]: mixins.arclight.core.json:world.inventory.HorseInventoryMenuMixin from mod (unknown)->@Inject::arclight$init(ILnet/minecraft/world/entity/player/Inventory;Lnet/minecraft/world/Container;Lnet/minecraft/world/entity/animal/horse/AbstractHorse;ILorg/spongepowered/asm/mixin/injection/callback/CallbackInfo;)V won't be passed a CallbackInfo as a result
[076月2026 16:52:25.445] [Server thread/DEBUG] [mixin/]: Mixing server.network.ServerGamePacketListenerImplMixin from mixins.arclight.core.json into net.minecraft.server.network.ServerGamePacketListenerImpl
[076月2026 16:52:25.446] [Server thread/DEBUG] [mixin/]: Renaming synthetic method lambda$arclight$animateEvents$2(Lorg/bukkit/entity/Entity;)Z to md93a37e$lambda$arclight$animateEvents$2$0 in mixins.arclight.core.json:server.network.ServerGamePacketListenerImplMixin from mod (unknown)
[076月2026 16:52:25.446] [Server thread/DEBUG] [mixin/]: Renaming synthetic method lambda$broadcastChatMessage$1(Ljava/lang/String;)V to md93a37e$lambda$broadcastChatMessage$1$1 in mixins.arclight.core.json:server.network.ServerGamePacketListenerImplMixin from mod (unknown)
[076月2026 16:52:25.446] [Server thread/DEBUG] [mixin/]: Renaming synthetic method lambda$performSignedChatCommand$0(Lnet/minecraft/commands/CommandSigningContext$SignedArguments;Lnet/minecraft/commands/CommandSourceStack;)Lnet/minecraft/commands/CommandSourceStack; to md93a37e$lambda$performSignedChatCommand$0$2 in mixins.arclight.core.json:server.network.ServerGamePacketListenerImplMixin from mod (unknown)
[076月2026 16:52:25.485] [Server thread/DEBUG] [mixin/]: Mixing core.server.network.ServerGamePacketListenerImplMixin_NeoForge from mixins.arclight.neoforge.json into net.minecraft.server.network.ServerGamePacketListenerImpl
[076月2026 16:52:25.486] [Server thread/DEBUG] [mixin/]: Mixing network.ServerGamePacketListenerImplMixin_Optimize from mixins.arclight.impl.optimization.json into net.minecraft.server.network.ServerGamePacketListenerImpl
[076月2026 16:52:25.486] [Server thread/DEBUG] [mixin/]: Mixing network.ServerGamePacketListenerImplMixin_LowPriority from mixins.arclight.core.json into net.minecraft.server.network.ServerGamePacketListenerImpl
[076月2026 16:52:25.520] [Server thread/DEBUG] [mixin/]: mixins.arclight.core.json:server.network.ServerGamePacketListenerImplMixin from mod (unknown)->@Inject::arclight$init(Lnet/minecraft/server/MinecraftServer;Lnet/minecraft/network/Connection;Lnet/minecraft/server/level/ServerPlayer;Lnet/minecraft/server/network/CommonListenerCookie;Lorg/spongepowered/asm/mixin/injection/callback/CallbackInfo;)V doesn't use it's CallbackInfo
[076月2026 16:52:25.520] [Server thread/DEBUG] [mixin/]: mixins.arclight.core.json:server.network.ServerGamePacketListenerImplMixin from mod (unknown)->@Inject::arclight$init(Lnet/minecraft/server/MinecraftServer;Lnet/minecraft/network/Connection;Lnet/minecraft/server/level/ServerPlayer;Lnet/minecraft/server/network/CommonListenerCookie;Lorg/spongepowered/asm/mixin/injection/callback/CallbackInfo;)V has 0 override(s) in child classes
[076月2026 16:52:25.520] [Server thread/DEBUG] [mixin/]: mixins.arclight.core.json:server.network.ServerGamePacketListenerImplMixin from mod (unknown)->@Inject::arclight$init(Lnet/minecraft/server/MinecraftServer;Lnet/minecraft/network/Connection;Lnet/minecraft/server/level/ServerPlayer;Lnet/minecraft/server/network/CommonListenerCookie;Lorg/spongepowered/asm/mixin/injection/callback/CallbackInfo;)V won't be passed a CallbackInfo as a result
[076月2026 16:52:25.520] [Server thread/DEBUG] [mixin/]: mixins.arclight.core.json:server.network.ServerGamePacketListenerImplMixin from mod (unknown)->@Inject::arclight$returnIfProcessed(Lnet/minecraft/network/DisconnectionDetails;Lorg/spongepowered/asm/mixin/injection/callback/CallbackInfo;)V does use it's CallbackInfo
[076月2026 16:52:25.520] [Server thread/DEBUG] [mixin/]: mixins.arclight.core.json:server.network.ServerGamePacketListenerImplMixin from mod (unknown)->@Inject::arclight$processQuit(Lorg/spongepowered/asm/mixin/injection/callback/CallbackInfo;)V doesn't use it's CallbackInfo
[076月2026 16:52:25.520] [Server thread/DEBUG] [mixin/]: mixins.arclight.core.json:server.network.ServerGamePacketListenerImplMixin from mod (unknown)->@Inject::arclight$processQuit(Lorg/spongepowered/asm/mixin/injection/callback/CallbackInfo;)V has 0 override(s) in child classes
[076月2026 16:52:25.520] [Server thread/DEBUG] [mixin/]: mixins.arclight.core.json:server.network.ServerGamePacketListenerImplMixin from mod (unknown)->@Inject::arclight$processQuit(Lorg/spongepowered/asm/mixin/injection/callback/CallbackInfo;)V won't be passed a CallbackInfo as a result
[076月2026 16:52:25.520] [Server thread/DEBUG] [mixin/]: mixins.arclight.core.json:server.network.ServerGamePacketListenerImplMixin from mod (unknown)->@Inject::arclight$updateLoc(Lnet/minecraft/network/protocol/game/ServerboundAcceptTeleportationPacket;Lorg/spongepowered/asm/mixin/injection/callback/CallbackInfo;)V doesn't use it's CallbackInfo
[076月2026 16:52:25.520] [Server thread/DEBUG] [mixin/]: mixins.arclight.core.json:server.network.ServerGamePacketListenerImplMixin from mod (unknown)->@Inject::arclight$updateLoc(Lnet/minecraft/network/protocol/game/ServerboundAcceptTeleportationPacket;Lorg/spongepowered/asm/mixin/injection/callback/CallbackInfo;)V has 0 override(s) in child classes
[076月2026 16:52:25.520] [Server thread/DEBUG] [mixin/]: mixins.arclight.core.json:server.network.ServerGamePacketListenerImplMixin from mod (unknown)->@Inject::arclight$updateLoc(Lnet/minecraft/network/protocol/game/ServerboundAcceptTeleportationPacket;Lorg/spongepowered/asm/mixin/injection/callback/CallbackInfo;)V won't be passed a CallbackInfo as a result
[076月2026 16:52:25.520] [Server thread/DEBUG] [mixin/]: mixins.arclight.core.json:server.network.ServerGamePacketListenerImplMixin from mod (unknown)->@Inject::arclight$confirm(Lnet/minecraft/network/protocol/game/ServerboundAcceptTeleportationPacket;Lorg/spongepowered/asm/mixin/injection/callback/CallbackInfo;)V does use it's CallbackInfo
[076月2026 16:52:25.520] [Server thread/DEBUG] [mixin/]: mixins.arclight.core.json:server.network.ServerGamePacketListenerImplMixin from mod (unknown)->@Inject::arclight$tradeSelect(Lnet/minecraft/network/protocol/game/ServerboundSelectTradePacket;Lorg/spongepowered/asm/mixin/injection/callback/CallbackInfo;I)V does use it's CallbackInfo
[076月2026 16:52:25.520] [Server thread/DEBUG] [mixin/]: mixins.arclight.core.json:server.network.ServerGamePacketListenerImplMixin from mod (unknown)->@Inject::arclight$editBookSpam(Lnet/minecraft/network/protocol/game/ServerboundEditBookPacket;Lorg/spongepowered/asm/mixin/injection/callback/CallbackInfo;)V doesn't use it's CallbackInfo
[076月2026 16:52:25.520] [Server thread/DEBUG] [mixin/]: mixins.arclight.core.json:server.network.ServerGamePacketListenerImplMixin from mod (unknown)->@Inject::arclight$editBookSpam(Lnet/minecraft/network/protocol/game/ServerboundEditBookPacket;Lorg/spongepowered/asm/mixin/injection/callback/CallbackInfo;)V has 0 override(s) in child classes
[076月2026 16:52:25.520] [Server thread/DEBUG] [mixin/]: mixins.arclight.core.json:server.network.ServerGamePacketListenerImplMixin from mod (unknown)->@Inject::arclight$editBookSpam(Lnet/minecraft/network/protocol/game/ServerboundEditBookPacket;Lorg/spongepowered/asm/mixin/injection/callback/CallbackInfo;)V won't be passed a CallbackInfo as a result
[076月2026 16:52:25.521] [Server thread/DEBUG] [mixin/]: mixins.arclight.core.json:server.network.ServerGamePacketListenerImplMixin from mod (unknown)->@Inject::arclight$setAllowedTicks(Lorg/spongepowered/asm/mixin/injection/callback/CallbackInfoReturnable;)V does use it's CallbackInfoReturnable
[076月2026 16:52:25.521] [Server thread/DEBUG] [mixin/]: mixins.arclight.core.json:server.network.ServerGamePacketListenerImplMixin from mod (unknown)->@Inject::arclight$setAllowedTicks(Lorg/spongepowered/asm/mixin/injection/callback/CallbackInfoReturnable;)V does use it's CallbackInfoReturnable
[076月2026 16:52:25.521] [Server thread/DEBUG] [mixin/]: mixins.arclight.core.json:server.network.ServerGamePacketListenerImplMixin from mod (unknown)->@Inject::arclight$frozenUseItem(Lnet/minecraft/network/protocol/game/ServerboundUseItemOnPacket;Lorg/spongepowered/asm/mixin/injection/callback/CallbackInfo;)V does use it's CallbackInfo
[076月2026 16:52:25.521] [Server thread/DEBUG] [mixin/]: mixins.arclight.core.json:server.network.ServerGamePacketListenerImplMixin from mod (unknown)->@Inject::arclight$spamCheck(Lnet/minecraft/network/protocol/game/ServerboundUseItemPacket;Lorg/spongepowered/asm/mixin/injection/callback/CallbackInfo;)V does use it's CallbackInfo
[076月2026 16:52:25.521] [Server thread/DEBUG] [mixin/]: mixins.arclight.core.json:server.network.ServerGamePacketListenerImplMixin from mod (unknown)->@Inject::arclight$spectateTeleport(Lnet/minecraft/network/protocol/game/ServerboundTeleportToEntityPacket;Lorg/spongepowered/asm/mixin/injection/callback/CallbackInfo;)V doesn't use it's CallbackInfo
[076月2026 16:52:25.521] [Server thread/DEBUG] [mixin/]: mixins.arclight.core.json:server.network.ServerGamePacketListenerImplMixin from mod (unknown)->@Inject::arclight$spectateTeleport(Lnet/minecraft/network/protocol/game/ServerboundTeleportToEntityPacket;Lorg/spongepowered/asm/mixin/injection/callback/CallbackInfo;)V has 0 override(s) in child classes
[076月2026 16:52:25.521] [Server thread/DEBUG] [mixin/]: mixins.arclight.core.json:server.network.ServerGamePacketListenerImplMixin from mod (unknown)->@Inject::arclight$spectateTeleport(Lnet/minecraft/network/protocol/game/ServerboundTeleportToEntityPacket;Lorg/spongepowered/asm/mixin/injection/callback/CallbackInfo;)V won't be passed a CallbackInfo as a result
[076月2026 16:52:25.521] [Server thread/DEBUG] [mixin/]: mixins.arclight.core.json:server.network.ServerGamePacketListenerImplMixin from mod (unknown)->@Inject::arclight$carriedItemBlocked(Lnet/minecraft/network/protocol/game/ServerboundSetCarriedItemPacket;Lorg/spongepowered/asm/mixin/injection/callback/CallbackInfo;)V does use it's CallbackInfo
[076月2026 16:52:25.521] [Server thread/DEBUG] [mixin/]: mixins.arclight.core.json:server.network.ServerGamePacketListenerImplMixin from mod (unknown)->@Inject::arclight$itemHeldEvent(Lnet/minecraft/network/protocol/game/ServerboundSetCarriedItemPacket;Lorg/spongepowered/asm/mixin/injection/callback/CallbackInfo;)V does use it's CallbackInfo
[076月2026 16:52:25.521] [Server thread/DEBUG] [mixin/]: mixins.arclight.core.json:server.network.ServerGamePacketListenerImplMixin from mod (unknown)->@Inject::arclight$kickOutOfBoundClick(Lnet/minecraft/network/protocol/game/ServerboundSetCarriedItemPacket;Lorg/spongepowered/asm/mixin/injection/callback/CallbackInfo;)V doesn't use it's CallbackInfo
[076月2026 16:52:25.521] [Server thread/DEBUG] [mixin/]: mixins.arclight.core.json:server.network.ServerGamePacketListenerImplMixin from mod (unknown)->@Inject::arclight$kickOutOfBoundClick(Lnet/minecraft/network/protocol/game/ServerboundSetCarriedItemPacket;Lorg/spongepowered/asm/mixin/injection/callback/CallbackInfo;)V has 0 override(s) in child classes
[076月2026 16:52:25.521] [Server thread/DEBUG] [mixin/]: mixins.arclight.core.json:server.network.ServerGamePacketListenerImplMixin from mod (unknown)->@Inject::arclight$kickOutOfBoundClick(Lnet/minecraft/network/protocol/game/ServerboundSetCarriedItemPacket;Lorg/spongepowered/asm/mixin/injection/callback/CallbackInfo;)V won't be passed a CallbackInfo as a result
[076月2026 16:52:25.521] [Server thread/DEBUG] [mixin/]: mixins.arclight.core.json:server.network.ServerGamePacketListenerImplMixin from mod (unknown)->@Inject::arclight$skipChatOnShutdown(Lnet/minecraft/network/protocol/game/ServerboundChatPacket;Lorg/spongepowered/asm/mixin/injection/callback/CallbackInfo;)V does use it's CallbackInfo
[076月2026 16:52:25.521] [Server thread/DEBUG] [mixin/]: mixins.arclight.core.json:server.network.ServerGamePacketListenerImplMixin from mod (unknown)->@Inject::arclight$rejectIfDisconnectSigned(Lorg/spongepowered/asm/mixin/injection/callback/CallbackInfo;)V does use it's CallbackInfo
[076月2026 16:52:25.521] [Server thread/DEBUG] [mixin/]: mixins.arclight.core.json:server.network.ServerGamePacketListenerImplMixin from mod (unknown)->@Inject::arclight$deadMenTellNoTales(Ljava/lang/String;Ljava/lang/Runnable;Lorg/spongepowered/asm/mixin/injection/callback/CallbackInfo;)V does use it's CallbackInfo
[076月2026 16:52:25.521] [Server thread/DEBUG] [mixin/]: mixins.arclight.core.json:server.network.ServerGamePacketListenerImplMixin from mod (unknown)->@Inject::arclight$cantSee(Lnet/minecraft/network/chat/PlayerChatMessage;Lnet/minecraft/network/chat/ChatType$Bound;Lorg/spongepowered/asm/mixin/injection/callback/CallbackInfo;)V does use it's CallbackInfo
[076月2026 16:52:25.521] [Server thread/DEBUG] [mixin/]: mixins.arclight.core.json:server.network.ServerGamePacketListenerImplMixin from mod (unknown)->@Inject::arclight$interactCheck(Lnet/minecraft/network/protocol/game/ServerboundSwingPacket;Lorg/spongepowered/asm/mixin/injection/callback/CallbackInfo;)V does use it's CallbackInfo
[076月2026 16:52:25.521] [Server thread/DEBUG] [mixin/]: mixins.arclight.core.json:server.network.ServerGamePacketListenerImplMixin from mod (unknown)->@Inject::arclight$animateEvents(Lnet/minecraft/network/protocol/game/ServerboundSwingPacket;Lorg/spongepowered/asm/mixin/injection/callback/CallbackInfo;)V does use it's CallbackInfo
[076月2026 16:52:25.521] [Server thread/DEBUG] [mixin/]: mixins.arclight.core.json:server.network.ServerGamePacketListenerImplMixin from mod (unknown)->@Inject::arclight$toggleAction(Lnet/minecraft/network/protocol/game/ServerboundPlayerCommandPacket;Lorg/spongepowered/asm/mixin/injection/callback/CallbackInfo;)V does use it's CallbackInfo
[076月2026 16:52:25.521] [Server thread/DEBUG] [mixin/]: mixins.arclight.core.json:server.network.ServerGamePacketListenerImplMixin from mod (unknown)->@Inject::arclight$interactCheck(Lnet/minecraft/network/protocol/game/ServerboundInteractPacket;Lorg/spongepowered/asm/mixin/injection/callback/CallbackInfo;)V does use it's CallbackInfo
[076月2026 16:52:25.521] [Server thread/DEBUG] [mixin/]: mixins.arclight.core.json:server.network.ServerGamePacketListenerImplMixin from mod (unknown)->@Inject::arclight$respawnChangeDim(Lnet/minecraft/network/protocol/game/ServerboundClientCommandPacket;Lorg/spongepowered/asm/mixin/injection/callback/CallbackInfo;)V doesn't use it's CallbackInfo
[076月2026 16:52:25.521] [Server thread/DEBUG] [mixin/]: mixins.arclight.core.json:server.network.ServerGamePacketListenerImplMixin from mod (unknown)->@Inject::arclight$respawnChangeDim(Lnet/minecraft/network/protocol/game/ServerboundClientCommandPacket;Lorg/spongepowered/asm/mixin/injection/callback/CallbackInfo;)V has 0 override(s) in child classes
[076月2026 16:52:25.521] [Server thread/DEBUG] [mixin/]: mixins.arclight.core.json:server.network.ServerGamePacketListenerImplMixin from mod (unknown)->@Inject::arclight$respawnChangeDim(Lnet/minecraft/network/protocol/game/ServerboundClientCommandPacket;Lorg/spongepowered/asm/mixin/injection/callback/CallbackInfo;)V won't be passed a CallbackInfo as a result
[076月2026 16:52:25.521] [Server thread/DEBUG] [mixin/]: mixins.arclight.core.json:server.network.ServerGamePacketListenerImplMixin from mod (unknown)->@Inject::arclight$respawnKilled(Lnet/minecraft/network/protocol/game/ServerboundClientCommandPacket;Lorg/spongepowered/asm/mixin/injection/callback/CallbackInfo;)V doesn't use it's CallbackInfo
[076月2026 16:52:25.521] [Server thread/DEBUG] [mixin/]: mixins.arclight.core.json:server.network.ServerGamePacketListenerImplMixin from mod (unknown)->@Inject::arclight$respawnKilled(Lnet/minecraft/network/protocol/game/ServerboundClientCommandPacket;Lorg/spongepowered/asm/mixin/injection/callback/CallbackInfo;)V has 0 override(s) in child classes
[076月2026 16:52:25.521] [Server thread/DEBUG] [mixin/]: mixins.arclight.core.json:server.network.ServerGamePacketListenerImplMixin from mod (unknown)->@Inject::arclight$respawnKilled(Lnet/minecraft/network/protocol/game/ServerboundClientCommandPacket;Lorg/spongepowered/asm/mixin/injection/callback/CallbackInfo;)V won't be passed a CallbackInfo as a result
[076月2026 16:52:25.521] [Server thread/DEBUG] [mixin/]: mixins.arclight.core.json:server.network.ServerGamePacketListenerImplMixin from mod (unknown)->@Inject::arclight$invClose(Lnet/minecraft/network/protocol/game/ServerboundContainerClosePacket;Lorg/spongepowered/asm/mixin/injection/callback/CallbackInfo;)V does use it's CallbackInfo
[076月2026 16:52:25.521] [Server thread/DEBUG] [mixin/]: mixins.arclight.core.json:server.network.ServerGamePacketListenerImplMixin from mod (unknown)->@Inject::arclight$recipeBookSettings(Lnet/minecraft/network/protocol/game/ServerboundRecipeBookChangeSettingsPacket;Lorg/spongepowered/asm/mixin/injection/callback/CallbackInfo;)V doesn't use it's CallbackInfo
[076月2026 16:52:25.521] [Server thread/DEBUG] [mixin/]: mixins.arclight.core.json:server.network.ServerGamePacketListenerImplMixin from mod (unknown)->@Inject::arclight$recipeBookSettings(Lnet/minecraft/network/protocol/game/ServerboundRecipeBookChangeSettingsPacket;Lorg/spongepowered/asm/mixin/injection/callback/CallbackInfo;)V has 0 override(s) in child classes
[076月2026 16:52:25.521] [Server thread/DEBUG] [mixin/]: mixins.arclight.core.json:server.network.ServerGamePacketListenerImplMixin from mod (unknown)->@Inject::arclight$recipeBookSettings(Lnet/minecraft/network/protocol/game/ServerboundRecipeBookChangeSettingsPacket;Lorg/spongepowered/asm/mixin/injection/callback/CallbackInfo;)V won't be passed a CallbackInfo as a result
[076月2026 16:52:25.521] [Server thread/DEBUG] [mixin/]: mixins.arclight.core.json:server.network.ServerGamePacketListenerImplMixin from mod (unknown)->@Inject::arclight$noEnchant(Lnet/minecraft/network/protocol/game/ServerboundContainerButtonClickPacket;Lorg/spongepowered/asm/mixin/injection/callback/CallbackInfo;)V does use it's CallbackInfo
[076月2026 16:52:25.521] [Server thread/DEBUG] [mixin/]: mixins.arclight.core.json:server.network.ServerGamePacketListenerImplMixin from mod (unknown)->@Inject::arclight$updateSignText(Lnet/minecraft/network/protocol/game/ServerboundSignUpdatePacket;Ljava/util/List;Lorg/spongepowered/asm/mixin/injection/callback/CallbackInfo;)V does use it's CallbackInfo
[076月2026 16:52:25.521] [Server thread/DEBUG] [mixin/]: mixins.arclight.core.json:network.ServerGamePacketListenerImplMixin_LowPriority from mod (unknown)->@Inject::arclight$storeLastPosition(DDDFFLjava/util/Set;Lorg/spongepowered/asm/mixin/injection/callback/CallbackInfo;)V doesn't use it's CallbackInfo
[076月2026 16:52:25.521] [Server thread/DEBUG] [mixin/]: mixins.arclight.core.json:network.ServerGamePacketListenerImplMixin_LowPriority from mod (unknown)->@Inject::arclight$storeLastPosition(DDDFFLjava/util/Set;Lorg/spongepowered/asm/mixin/injection/callback/CallbackInfo;)V has 0 override(s) in child classes
[076月2026 16:52:25.521] [Server thread/DEBUG] [mixin/]: mixins.arclight.core.json:network.ServerGamePacketListenerImplMixin_LowPriority from mod (unknown)->@Inject::arclight$storeLastPosition(DDDFFLjava/util/Set;Lorg/spongepowered/asm/mixin/injection/callback/CallbackInfo;)V won't be passed a CallbackInfo as a result
[076月2026 16:52:25.530] [Server thread/DEBUG] [mixin/]: Mixing server.network.ServerCommonPacketListenerImplMixin from mixins.arclight.core.json into net.minecraft.server.network.ServerCommonPacketListenerImpl
[076月2026 16:52:25.532] [Server thread/DEBUG] [mixin/]: Mixing core.server.network.ServerCommonPacketListenerImplMixin_NeoForge from mixins.arclight.neoforge.json into net.minecraft.server.network.ServerCommonPacketListenerImpl
[076月2026 16:52:25.535] [Server thread/DEBUG] [mixin/]: mixins.arclight.core.json:server.network.ServerCommonPacketListenerImplMixin from mod (unknown)->@Inject::arclight$init(Lnet/minecraft/server/MinecraftServer;Lnet/minecraft/network/Connection;Lnet/minecraft/server/network/CommonListenerCookie;Lorg/spongepowered/asm/mixin/injection/callback/CallbackInfo;)V doesn't use it's CallbackInfo
[076月2026 16:52:25.535] [Server thread/DEBUG] [mixin/]: mixins.arclight.core.json:server.network.ServerCommonPacketListenerImplMixin from mod (unknown)->@Inject::arclight$init(Lnet/minecraft/server/MinecraftServer;Lnet/minecraft/network/Connection;Lnet/minecraft/server/network/CommonListenerCookie;Lorg/spongepowered/asm/mixin/injection/callback/CallbackInfo;)V has 0 override(s) in child classes
[076月2026 16:52:25.535] [Server thread/DEBUG] [mixin/]: mixins.arclight.core.json:server.network.ServerCommonPacketListenerImplMixin from mod (unknown)->@Inject::arclight$init(Lnet/minecraft/server/MinecraftServer;Lnet/minecraft/network/Connection;Lnet/minecraft/server/network/CommonListenerCookie;Lorg/spongepowered/asm/mixin/injection/callback/CallbackInfo;)V won't be passed a CallbackInfo as a result
[076月2026 16:52:25.535] [Server thread/DEBUG] [mixin/]: mixins.arclight.core.json:server.network.ServerCommonPacketListenerImplMixin from mod (unknown)->@Inject::arclight$updateCompassTarget(Lnet/minecraft/network/protocol/Packet;Lnet/minecraft/network/PacketSendListener;Lorg/spongepowered/asm/mixin/injection/callback/CallbackInfo;)V does use it's CallbackInfo
[076月2026 16:52:25.535] [Server thread/DEBUG] [mixin/]: mixins.arclight.core.json:server.network.ServerCommonPacketListenerImplMixin from mod (unknown)->@Inject::arclight$handleResourcePackStatus(Lnet/minecraft/network/protocol/common/ServerboundResourcePackPacket;Lorg/spongepowered/asm/mixin/injection/callback/CallbackInfo;)V doesn't use it's CallbackInfo
[076月2026 16:52:25.536] [Server thread/DEBUG] [mixin/]: mixins.arclight.core.json:server.network.ServerCommonPacketListenerImplMixin from mod (unknown)->@Inject::arclight$handleResourcePackStatus(Lnet/minecraft/network/protocol/common/ServerboundResourcePackPacket;Lorg/spongepowered/asm/mixin/injection/callback/CallbackInfo;)V has 0 override(s) in child classes
[076月2026 16:52:25.536] [Server thread/DEBUG] [mixin/]: mixins.arclight.core.json:server.network.ServerCommonPacketListenerImplMixin from mod (unknown)->@Inject::arclight$handleResourcePackStatus(Lnet/minecraft/network/protocol/common/ServerboundResourcePackPacket;Lorg/spongepowered/asm/mixin/injection/callback/CallbackInfo;)V won't be passed a CallbackInfo as a result
[076月2026 16:52:25.536] [Server thread/DEBUG] [mixin/]: mixins.arclight.core.json:server.network.ServerCommonPacketListenerImplMixin from mod (unknown)->@Inject::arclight$handleCookie(Lnet/minecraft/network/protocol/cookie/ServerboundCookieResponsePacket;Lorg/spongepowered/asm/mixin/injection/callback/CallbackInfo;)V does use it's CallbackInfo
[076月2026 16:52:25.538] [Server thread/DEBUG] [mixin/]: Mixing world.damagesource.CombatTrackerMixin from mixins.arclight.core.json into net.minecraft.world.damagesource.CombatTracker
[076月2026 16:52:25.539] [Server thread/DEBUG] [mixin/]: mixins.arclight.core.json:world.damagesource.CombatTrackerMixin from mod (unknown)->@Inject::arclight$useOverride(Lorg/spongepowered/asm/mixin/injection/callback/CallbackInfoReturnable;)V does use it's CallbackInfoReturnable
[076月2026 16:52:25.545] [Server thread/DEBUG] [mixin/]: Mixing server.PlayerAdvancementsMixin from mixins.arclight.core.json into net.minecraft.server.PlayerAdvancements
[076月2026 16:52:25.546] [Server thread/DEBUG] [mixin/]: mixins.arclight.core.json:server.PlayerAdvancementsMixin from mod (unknown)->@Inject::arclight$callEvent(Lnet/minecraft/advancements/AdvancementHolder;Ljava/lang/String;Lorg/spongepowered/asm/mixin/injection/callback/CallbackInfoReturnable;)V doesn't use it's CallbackInfoReturnable
[076月2026 16:52:25.546] [Server thread/DEBUG] [mixin/]: mixins.arclight.core.json:server.PlayerAdvancementsMixin from mod (unknown)->@Inject::arclight$callEvent(Lnet/minecraft/advancements/AdvancementHolder;Ljava/lang/String;Lorg/spongepowered/asm/mixin/injection/callback/CallbackInfoReturnable;)V has 0 override(s) in child classes
[076月2026 16:52:25.546] [Server thread/DEBUG] [mixin/]: mixins.arclight.core.json:server.PlayerAdvancementsMixin from mod (unknown)->@Inject::arclight$callEvent(Lnet/minecraft/advancements/AdvancementHolder;Ljava/lang/String;Lorg/spongepowered/asm/mixin/injection/callback/CallbackInfoReturnable;)V won't be passed a CallbackInfoReturnable as a result
[076月2026 16:52:25.550] [Server thread/DEBUG] [mixin/]: Generating mapped inner class net/minecraft/server/network/ServerCommonPacketListenerImpl$Anonymous$2ebe5e79fcd947878e5ef773f90c7768 (originally io/izzel/arclight/common/mixin/core/server/network/ServerCommonPacketListenerImplMixin$1)
[076月2026 16:52:25.569] [Server thread/DEBUG] [mixin/]: Mixing network.protocol.game.ClientboundSystemChatPacketMixin from mixins.arclight.core.json into net.minecraft.network.protocol.game.ClientboundSystemChatPacket
[076月2026 16:52:25.587] [Server thread/DEBUG] [mixin/]: Mixing world.level.portal.DimensionTransitionMixin from mixins.arclight.core.json into net.minecraft.world.level.portal.DimensionTransition
[076月2026 16:52:25.590] [Server thread/DEBUG] [mixin/]: Mixing core.network.protocol.status.ServerStatusMixin from mixins.arclight.neoforge.json into net.minecraft.network.protocol.status.ServerStatus
[076月2026 16:52:25.592] [Server thread/DEBUG] [mixin/]: Mixing world.food.FoodDataMixin from mixins.arclight.core.json into net.minecraft.world.food.FoodData
[076月2026 16:52:25.594] [Server thread/DEBUG] [mixin/]: Mixing core.world.food.FoodDataMixin_NeoForge from mixins.arclight.neoforge.json into net.minecraft.world.food.FoodData
[076月2026 16:52:25.595] [Server thread/DEBUG] [mixin/]: mixins.arclight.core.json:world.food.FoodDataMixin from mod (unknown)->@Inject::arclight$foodLevelChange2(Lnet/minecraft/world/entity/player/Player;Lorg/spongepowered/asm/mixin/injection/callback/CallbackInfo;)V doesn't use it's CallbackInfo
[076月2026 16:52:25.595] [Server thread/DEBUG] [mixin/]: mixins.arclight.core.json:world.food.FoodDataMixin from mod (unknown)->@Inject::arclight$foodLevelChange2(Lnet/minecraft/world/entity/player/Player;Lorg/spongepowered/asm/mixin/injection/callback/CallbackInfo;)V has 0 override(s) in child classes
[076月2026 16:52:25.595] [Server thread/DEBUG] [mixin/]: mixins.arclight.core.json:world.food.FoodDataMixin from mod (unknown)->@Inject::arclight$foodLevelChange2(Lnet/minecraft/world/entity/player/Player;Lorg/spongepowered/asm/mixin/injection/callback/CallbackInfo;)V won't be passed a CallbackInfo as a result
[076月2026 16:52:25.595] [Server thread/DEBUG] [mixin/]: mixins.arclight.core.json:world.food.FoodDataMixin from mod (unknown)->@Inject::arclight$heal(Lnet/minecraft/world/entity/player/Player;Lorg/spongepowered/asm/mixin/injection/callback/CallbackInfo;)V doesn't use it's CallbackInfo
[076月2026 16:52:25.595] [Server thread/DEBUG] [mixin/]: mixins.arclight.core.json:world.food.FoodDataMixin from mod (unknown)->@Inject::arclight$heal(Lnet/minecraft/world/entity/player/Player;Lorg/spongepowered/asm/mixin/injection/callback/CallbackInfo;)V has 0 override(s) in child classes
[076月2026 16:52:25.595] [Server thread/DEBUG] [mixin/]: mixins.arclight.core.json:world.food.FoodDataMixin from mod (unknown)->@Inject::arclight$heal(Lnet/minecraft/world/entity/player/Player;Lorg/spongepowered/asm/mixin/injection/callback/CallbackInfo;)V won't be passed a CallbackInfo as a result
[076月2026 16:52:25.595] [Server thread/DEBUG] [mixin/]: mixins.arclight.core.json:world.food.FoodDataMixin from mod (unknown)->@Inject::arclight$heal(Lnet/minecraft/world/entity/player/Player;Lorg/spongepowered/asm/mixin/injection/callback/CallbackInfo;)V doesn't use it's CallbackInfo
[076月2026 16:52:25.595] [Server thread/DEBUG] [mixin/]: mixins.arclight.core.json:world.food.FoodDataMixin from mod (unknown)->@Inject::arclight$heal(Lnet/minecraft/world/entity/player/Player;Lorg/spongepowered/asm/mixin/injection/callback/CallbackInfo;)V has 0 override(s) in child classes
[076月2026 16:52:25.595] [Server thread/DEBUG] [mixin/]: mixins.arclight.core.json:world.food.FoodDataMixin from mod (unknown)->@Inject::arclight$heal(Lnet/minecraft/world/entity/player/Player;Lorg/spongepowered/asm/mixin/injection/callback/CallbackInfo;)V won't be passed a CallbackInfo as a result
[076月2026 16:52:25.596] [Server thread/DEBUG] [mixin/]: Mixing world.inventory.PlayerEnderChestContainerMixin from mixins.arclight.core.json into net.minecraft.world.inventory.PlayerEnderChestContainer
[076月2026 16:52:25.602] [Server thread/DEBUG] [mixin/]: Mixing server.level.ServerEntityMixin from mixins.arclight.core.json into net.minecraft.server.level.ServerEntity
[076月2026 16:52:25.603] [Server thread/DEBUG] [mixin/]: Renaming synthetic method lambda$sendChanges$0(Lnet/minecraft/world/entity/Entity;)V to md93a37e$lambda$sendChanges$0$0 in mixins.arclight.core.json:server.level.ServerEntityMixin from mod (unknown)
[076月2026 16:52:25.614] [Server thread/DEBUG] [mixin/]: mixins.arclight.core.json:server.level.ServerEntityMixin from mod (unknown)->@Inject::arclight$init(Lnet/minecraft/server/level/ServerLevel;Lnet/minecraft/world/entity/Entity;IZLjava/util/function/Consumer;Lorg/spongepowered/asm/mixin/injection/callback/CallbackInfo;)V doesn't use it's CallbackInfo
[076月2026 16:52:25.614] [Server thread/DEBUG] [mixin/]: mixins.arclight.core.json:server.level.ServerEntityMixin from mod (unknown)->@Inject::arclight$init(Lnet/minecraft/server/level/ServerLevel;Lnet/minecraft/world/entity/Entity;IZLjava/util/function/Consumer;Lorg/spongepowered/asm/mixin/injection/callback/CallbackInfo;)V has 0 override(s) in child classes
[076月2026 16:52:25.614] [Server thread/DEBUG] [mixin/]: mixins.arclight.core.json:server.level.ServerEntityMixin from mod (unknown)->@Inject::arclight$init(Lnet/minecraft/server/level/ServerLevel;Lnet/minecraft/world/entity/Entity;IZLjava/util/function/Consumer;Lorg/spongepowered/asm/mixin/injection/callback/CallbackInfo;)V won't be passed a CallbackInfo as a result
[076月2026 16:52:25.615] [Server thread/DEBUG] [mixin/]: mixins.arclight.core.json:server.level.ServerEntityMixin from mod (unknown)->@Inject::arclight$sendScaledHealth(Lorg/spongepowered/asm/mixin/injection/callback/CallbackInfo;Lnet/minecraft/network/syncher/SynchedEntityData;Ljava/util/List;Ljava/util/Set;)V doesn't use it's CallbackInfo
[076月2026 16:52:25.615] [Server thread/DEBUG] [mixin/]: mixins.arclight.core.json:server.level.ServerEntityMixin from mod (unknown)->@Inject::arclight$sendScaledHealth(Lorg/spongepowered/asm/mixin/injection/callback/CallbackInfo;Lnet/minecraft/network/syncher/SynchedEntityData;Ljava/util/List;Ljava/util/Set;)V has 0 override(s) in child classes
[076月2026 16:52:25.615] [Server thread/DEBUG] [mixin/]: mixins.arclight.core.json:server.level.ServerEntityMixin from mod (unknown)->@Inject::arclight$sendScaledHealth(Lorg/spongepowered/asm/mixin/injection/callback/CallbackInfo;Lnet/minecraft/network/syncher/SynchedEntityData;Ljava/util/List;Ljava/util/Set;)V won't be passed a CallbackInfo as a result
[076月2026 16:52:25.615] [Server thread/DEBUG] [mixin/]: mixins.arclight.core.json:server.level.ServerEntityMixin from mod (unknown)->@Inject::arclight$returnIfRemoved(Lorg/spongepowered/asm/mixin/injection/callback/CallbackInfo;)V does use it's CallbackInfo
[076月2026 16:52:25.621] [Server thread/DEBUG] [mixin/]: Mixing server.level.ServerPlayer_RespawnPosAngleMixin from mixins.arclight.core.json into net.minecraft.server.level.ServerPlayer$RespawnPosAngle
[076月2026 16:52:25.636] [Server thread/DEBUG] [mixin/]: Mixing world.entity.raid.RaidMixin from mixins.arclight.core.json into net.minecraft.world.entity.raid.Raid
[076月2026 16:52:25.640] [Server thread/DEBUG] [mixin/]: mixins.arclight.core.json:world.entity.raid.RaidMixin from mod (unknown)->@Inject::arclight$stopPeace(Lorg/spongepowered/asm/mixin/injection/callback/CallbackInfo;)V doesn't use it's CallbackInfo
[076月2026 16:52:25.640] [Server thread/DEBUG] [mixin/]: mixins.arclight.core.json:world.entity.raid.RaidMixin from mod (unknown)->@Inject::arclight$stopPeace(Lorg/spongepowered/asm/mixin/injection/callback/CallbackInfo;)V has 0 override(s) in child classes
[076月2026 16:52:25.640] [Server thread/DEBUG] [mixin/]: mixins.arclight.core.json:world.entity.raid.RaidMixin from mod (unknown)->@Inject::arclight$stopPeace(Lorg/spongepowered/asm/mixin/injection/callback/CallbackInfo;)V won't be passed a CallbackInfo as a result
[076月2026 16:52:25.640] [Server thread/DEBUG] [mixin/]: mixins.arclight.core.json:world.entity.raid.RaidMixin from mod (unknown)->@Inject::arclight$stopNotInVillage(Lorg/spongepowered/asm/mixin/injection/callback/CallbackInfo;)V doesn't use it's CallbackInfo
[076月2026 16:52:25.640] [Server thread/DEBUG] [mixin/]: mixins.arclight.core.json:world.entity.raid.RaidMixin from mod (unknown)->@Inject::arclight$stopNotInVillage(Lorg/spongepowered/asm/mixin/injection/callback/CallbackInfo;)V has 0 override(s) in child classes
[076月2026 16:52:25.640] [Server thread/DEBUG] [mixin/]: mixins.arclight.core.json:world.entity.raid.RaidMixin from mod (unknown)->@Inject::arclight$stopNotInVillage(Lorg/spongepowered/asm/mixin/injection/callback/CallbackInfo;)V won't be passed a CallbackInfo as a result
[076月2026 16:52:25.640] [Server thread/DEBUG] [mixin/]: mixins.arclight.core.json:world.entity.raid.RaidMixin from mod (unknown)->@Inject::arclight$stopTimeout(Lorg/spongepowered/asm/mixin/injection/callback/CallbackInfo;)V doesn't use it's CallbackInfo
[076月2026 16:52:25.640] [Server thread/DEBUG] [mixin/]: mixins.arclight.core.json:world.entity.raid.RaidMixin from mod (unknown)->@Inject::arclight$stopTimeout(Lorg/spongepowered/asm/mixin/injection/callback/CallbackInfo;)V has 0 override(s) in child classes
[076月2026 16:52:25.640] [Server thread/DEBUG] [mixin/]: mixins.arclight.core.json:world.entity.raid.RaidMixin from mod (unknown)->@Inject::arclight$stopTimeout(Lorg/spongepowered/asm/mixin/injection/callback/CallbackInfo;)V won't be passed a CallbackInfo as a result
[076月2026 16:52:25.640] [Server thread/DEBUG] [mixin/]: mixins.arclight.core.json:world.entity.raid.RaidMixin from mod (unknown)->@Inject::arclight$stopUnspawnable(Lorg/spongepowered/asm/mixin/injection/callback/CallbackInfo;)V doesn't use it's CallbackInfo
[076月2026 16:52:25.640] [Server thread/DEBUG] [mixin/]: mixins.arclight.core.json:world.entity.raid.RaidMixin from mod (unknown)->@Inject::arclight$stopUnspawnable(Lorg/spongepowered/asm/mixin/injection/callback/CallbackInfo;)V has 0 override(s) in child classes
[076月2026 16:52:25.640] [Server thread/DEBUG] [mixin/]: mixins.arclight.core.json:world.entity.raid.RaidMixin from mod (unknown)->@Inject::arclight$stopUnspawnable(Lorg/spongepowered/asm/mixin/injection/callback/CallbackInfo;)V won't be passed a CallbackInfo as a result
[076月2026 16:52:25.640] [Server thread/DEBUG] [mixin/]: mixins.arclight.core.json:world.entity.raid.RaidMixin from mod (unknown)->@Inject::arclight$stopFinish(Lorg/spongepowered/asm/mixin/injection/callback/CallbackInfo;)V doesn't use it's CallbackInfo
[076月2026 16:52:25.640] [Server thread/DEBUG] [mixin/]: mixins.arclight.core.json:world.entity.raid.RaidMixin from mod (unknown)->@Inject::arclight$stopFinish(Lorg/spongepowered/asm/mixin/injection/callback/CallbackInfo;)V has 0 override(s) in child classes
[076月2026 16:52:25.640] [Server thread/DEBUG] [mixin/]: mixins.arclight.core.json:world.entity.raid.RaidMixin from mod (unknown)->@Inject::arclight$stopFinish(Lorg/spongepowered/asm/mixin/injection/callback/CallbackInfo;)V won't be passed a CallbackInfo as a result
[076月2026 16:52:25.640] [Server thread/DEBUG] [mixin/]: mixins.arclight.core.json:world.entity.raid.RaidMixin from mod (unknown)->@Inject::arclight$finishNone(Lorg/spongepowered/asm/mixin/injection/callback/CallbackInfo;)V doesn't use it's CallbackInfo
[076月2026 16:52:25.640] [Server thread/DEBUG] [mixin/]: mixins.arclight.core.json:world.entity.raid.RaidMixin from mod (unknown)->@Inject::arclight$finishNone(Lorg/spongepowered/asm/mixin/injection/callback/CallbackInfo;)V has 0 override(s) in child classes
[076月2026 16:52:25.640] [Server thread/DEBUG] [mixin/]: mixins.arclight.core.json:world.entity.raid.RaidMixin from mod (unknown)->@Inject::arclight$finishNone(Lorg/spongepowered/asm/mixin/injection/callback/CallbackInfo;)V won't be passed a CallbackInfo as a result
[076月2026 16:52:25.640] [Server thread/DEBUG] [mixin/]: mixins.arclight.core.json:world.entity.raid.RaidMixin from mod (unknown)->@Inject::arclight$finish(Lorg/spongepowered/asm/mixin/injection/callback/CallbackInfo;)V doesn't use it's CallbackInfo
[076月2026 16:52:25.640] [Server thread/DEBUG] [mixin/]: mixins.arclight.core.json:world.entity.raid.RaidMixin from mod (unknown)->@Inject::arclight$finish(Lorg/spongepowered/asm/mixin/injection/callback/CallbackInfo;)V has 0 override(s) in child classes
[076月2026 16:52:25.640] [Server thread/DEBUG] [mixin/]: mixins.arclight.core.json:world.entity.raid.RaidMixin from mod (unknown)->@Inject::arclight$finish(Lorg/spongepowered/asm/mixin/injection/callback/CallbackInfo;)V won't be passed a CallbackInfo as a result
[076月2026 16:52:25.641] [Server thread/DEBUG] [mixin/]: mixins.arclight.core.json:world.entity.raid.RaidMixin from mod (unknown)->@Inject::arclight$spawnWave(Lnet/minecraft/core/BlockPos;Lorg/spongepowered/asm/mixin/injection/callback/CallbackInfo;)V doesn't use it's CallbackInfo
[076月2026 16:52:25.641] [Server thread/DEBUG] [mixin/]: mixins.arclight.core.json:world.entity.raid.RaidMixin from mod (unknown)->@Inject::arclight$spawnWave(Lnet/minecraft/core/BlockPos;Lorg/spongepowered/asm/mixin/injection/callback/CallbackInfo;)V has 0 override(s) in child classes
[076月2026 16:52:25.641] [Server thread/DEBUG] [mixin/]: mixins.arclight.core.json:world.entity.raid.RaidMixin from mod (unknown)->@Inject::arclight$spawnWave(Lnet/minecraft/core/BlockPos;Lorg/spongepowered/asm/mixin/injection/callback/CallbackInfo;)V won't be passed a CallbackInfo as a result
[076月2026 16:52:25.641] [Server thread/DEBUG] [mixin/]: mixins.arclight.core.json:world.entity.raid.RaidMixin from mod (unknown)->@Inject::arclight$addEntity(ILnet/minecraft/world/entity/raid/Raider;Lnet/minecraft/core/BlockPos;ZLorg/spongepowered/asm/mixin/injection/callback/CallbackInfo;)V doesn't use it's CallbackInfo
[076月2026 16:52:25.641] [Server thread/DEBUG] [mixin/]: mixins.arclight.core.json:world.entity.raid.RaidMixin from mod (unknown)->@Inject::arclight$addEntity(ILnet/minecraft/world/entity/raid/Raider;Lnet/minecraft/core/BlockPos;ZLorg/spongepowered/asm/mixin/injection/callback/CallbackInfo;)V has 0 override(s) in child classes
[076月2026 16:52:25.641] [Server thread/DEBUG] [mixin/]: mixins.arclight.core.json:world.entity.raid.RaidMixin from mod (unknown)->@Inject::arclight$addEntity(ILnet/minecraft/world/entity/raid/Raider;Lnet/minecraft/core/BlockPos;ZLorg/spongepowered/asm/mixin/injection/callback/CallbackInfo;)V won't be passed a CallbackInfo as a result
[076月2026 16:52:25.738] [Server thread/INFO] [PlaceholderAPI/]: Fetching available expansion information...
[076月2026 16:52:25.740] [Server thread/INFO] [ZMusic/]: Enabling ZMusic v2.12.0
[076月2026 16:52:25.742] [Server thread/INFO] [Console/]: ZMusic >>> 正在加载中....
[076月2026 16:52:25.752] [Server thread/INFO] [Console/]: ZMusic >>> 正在注册Mod通信频道...
[076月2026 16:52:25.753] [Server thread/INFO] [Console/]: ZMusic >>> -- [AllMusic] 频道注册完毕.
[076月2026 16:52:25.753] [Server thread/INFO] [Console/]: ZMusic >>> -- [ZMusic Mod] 频道注册完毕.
[076月2026 16:52:25.753] [Server thread/INFO] [Console/]: ZMusic >>> -- [AudioBuffer] 服务端大于1.12，频道注册取消.
[076月2026 16:52:25.753] [Server thread/INFO] [Console/]: ZMusic >>> 已检测到PlaceholderAPI, 正在注册...
[076月2026 16:52:25.755] [Server thread/INFO] [PlaceholderAPI/]: Successfully registered internal expansion: zmusic [1.0.0]
[076月2026 16:52:25.755] [Server thread/INFO] [Console/]: ZMusic >>> -- [PlaceholderAPI] 注册成功!
[076月2026 16:52:25.755] [Server thread/INFO] [Console/]: ZMusic >>> 未找到Vault, 经济相关功能不生效.
[076月2026 16:52:25.755] [Server thread/INFO] [Console/]: ZMusic >>> 未找到ViaVersion, 高版本转发功能不生效.
[076月2026 16:52:25.756] [Server thread/INFO] [Console/]: ZMusic >>> 成功加载配置文件!
[076月2026 16:52:25.757] [Server thread/INFO] [ZMusic-Addon/]: Enabling ZMusic-Addon v2.5.0
[076月2026 16:52:25.758] [Server thread/WARN] [ZMusic-Addon/]: 请勿在子服安装ZMusic插件
[076月2026 16:52:25.766] [Server thread/INFO] [Minecraft/]: Server permissions file permissions.yml is empty, ignoring it
[076月2026 16:52:25.770] [Server thread/INFO] [PlaceholderAPI/]: Placeholder expansion registration initializing...
[076月2026 16:52:25.774] [Server thread/INFO] [Console/]: 0 placeholder hook(s) registered!
[076月2026 16:52:25.775] [Server thread/INFO] [net.minecraft.server.MinecraftServer/]: Preparing start region for dimension minecraft:overworld
[076月2026 16:52:25.796] [Worker-Main-4/INFO] [net.minecraft.server.level.progress.LoggerChunkProgressListener/]: Preparing spawn area: 2%
[076月2026 16:52:26.279] [Worker-Main-11/INFO] [net.minecraft.server.level.progress.LoggerChunkProgressListener/]: Preparing spawn area: 2%
[076月2026 16:52:26.499] [Worker-Main-4/DEBUG] [mixin/]: Mixing util.DelegatedGeneratorAccessMixin from mixins.arclight.bukkit.json into org.bukkit.craftbukkit.v1_21_R1.util.DelegatedGeneratorAccess
[076月2026 16:52:26.507] [Worker-Main-4/DEBUG] [Implementer/SWITCH_TABLE]: Candidate switch enum method <clinit>()V class net/minecraft/world/level/block/CrossCollisionBlock$1
[076月2026 16:52:26.780] [Worker-Main-3/INFO] [net.minecraft.server.level.progress.LoggerChunkProgressListener/]: Preparing spawn area: 18%
[076月2026 16:52:26.815] [Worker-Main-5/DEBUG] [Implementer/SWITCH_TABLE]: Candidate switch enum method <clinit>()V class net/minecraft/world/level/block/RailBlock$1
[076月2026 16:52:27.068] [Worker-Main-14/DEBUG] [Implementer/SWITCH_TABLE]: Candidate switch enum method <clinit>()V class net/minecraft/world/level/levelgen/structure/structures/OceanMonumentPieces$1
[076月2026 16:52:27.278] [Worker-Main-13/INFO] [net.minecraft.server.level.progress.LoggerChunkProgressListener/]: Preparing spawn area: 51%
[076月2026 16:52:27.316] [Worker-Main-13/DEBUG] [mixin/]: Mixing activationrange.ActivationRangeMixin from mixins.arclight.impl.optimization.json into org.spigotmc.ActivationRange
[076月2026 16:52:27.331] [Worker-Main-13/DEBUG] [Implementer/SWITCH_TABLE]: Candidate switch enum method <clinit>()V class net/minecraft/world/entity/Mob$1
[076月2026 16:52:27.568] [Worker-Main-9/DEBUG] [Implementer/SWITCH_TABLE]: Candidate switch enum method <clinit>()V class net/minecraft/world/level/block/state/BlockBehaviour$1
[076月2026 16:52:27.589] [Worker-Main-10/DEBUG] [mixin/]: Mixing world.entity.ItemBasedSteeringMixin from mixins.arclight.core.json into net.minecraft.world.entity.ItemBasedSteering
[076月2026 16:52:27.668] [Server thread/DEBUG] [mixin/]: Mixing ClassInstanceMultiMapMixin from mixins.arclight.impl.optimization.json into net.minecraft.util.ClassInstanceMultiMap
[076月2026 16:52:27.684] [Server thread/DEBUG] [mixin/]: Mixing server.level.ChunkMap_TrackedEntityMixin from mixins.arclight.core.json into net.minecraft.server.level.ChunkMap$TrackedEntity
[076月2026 16:52:27.684] [Server thread/DEBUG] [mixin/]: Mixing network.ChunkMapMixin_Optimize$TrackedEntityMixin from mixins.arclight.impl.optimization.json into net.minecraft.server.level.ChunkMap$TrackedEntity
[076月2026 16:52:27.686] [Server thread/DEBUG] [mixin/]: mixins.arclight.core.json:server.level.ChunkMap_TrackedEntityMixin from mod (unknown)->@Inject::arclight$setTrackedPlayers(Lnet/minecraft/server/level/ChunkMap;Lnet/minecraft/world/entity/Entity;IIZLorg/spongepowered/asm/mixin/injection/callback/CallbackInfo;)V doesn't use it's CallbackInfo
[076月2026 16:52:27.686] [Server thread/DEBUG] [mixin/]: mixins.arclight.core.json:server.level.ChunkMap_TrackedEntityMixin from mod (unknown)->@Inject::arclight$setTrackedPlayers(Lnet/minecraft/server/level/ChunkMap;Lnet/minecraft/world/entity/Entity;IIZLorg/spongepowered/asm/mixin/injection/callback/CallbackInfo;)V has 0 override(s) in child classes
[076月2026 16:52:27.686] [Server thread/DEBUG] [mixin/]: mixins.arclight.core.json:server.level.ChunkMap_TrackedEntityMixin from mod (unknown)->@Inject::arclight$setTrackedPlayers(Lnet/minecraft/server/level/ChunkMap;Lnet/minecraft/world/entity/Entity;IIZLorg/spongepowered/asm/mixin/injection/callback/CallbackInfo;)V won't be passed a CallbackInfo as a result
[076月2026 16:52:27.686] [Server thread/DEBUG] [Implementer/ASYNC_CATCHER]: Injecting net/minecraft/server/level/ChunkMap$TrackedEntity/removePlayer(Lnet/minecraft/server/level/ServerPlayer;)V for reason player tracker clear
[076月2026 16:52:27.686] [Server thread/DEBUG] [Implementer/ASYNC_CATCHER]: Injecting net/minecraft/server/level/ChunkMap$TrackedEntity/updatePlayer(Lnet/minecraft/server/level/ServerPlayer;)V for reason player tracker update
[076月2026 16:52:27.689] [Server thread/INFO] [net.minecraft.server.level.progress.LoggerChunkProgressListener/]: Time elapsed: 1913 ms
[076月2026 16:52:27.689] [Server thread/INFO] [net.minecraft.server.dedicated.DedicatedServer/]: Done (4.785s)! For help, type "help"
[076月2026 16:52:27.693] [Server thread/DEBUG] [net.neoforged.neoforge.network.DualStackUtils/]: Detected IPv6 address: "0:0:0:0:0:0:0:0"
[076月2026 16:52:27.707] [Server thread/DEBUG] [net.neoforged.neoforge.server.LanguageHook/]: Loaded 4 language files for en_us
[076月2026 16:52:27.711] [Server thread/DEBUG] [mixin/]: Mixing neoforge.PermissionAPIMixin from mixins.arclight.neoforge.json into net.neoforged.neoforge.server.permission.PermissionAPI
[076月2026 16:52:27.712] [Server thread/DEBUG] [mixin/]: mixins.arclight.neoforge.json:neoforge.PermissionAPIMixin from mod (unknown)->@Inject::arclight$init(Lorg/spongepowered/asm/mixin/injection/callback/CallbackInfo;)V doesn't use it's CallbackInfo
[076月2026 16:52:27.712] [Server thread/DEBUG] [mixin/]: mixins.arclight.neoforge.json:neoforge.PermissionAPIMixin from mod (unknown)->@Inject::arclight$init(Lorg/spongepowered/asm/mixin/injection/callback/CallbackInfo;)V doesn't use it's CallbackInfo
[076月2026 16:52:27.714] [Server thread/INFO] [net.neoforged.neoforge.server.permission.PermissionAPI/]: Successfully initialized permission handler neoforge:default_handler
[076月2026 16:52:27.714] [Server thread/INFO] [Arclight/]: Forwarding forge permission[neoforge:default_handler] to bukkit
[076月2026 16:52:27.722] [Craft Scheduler Thread - 1/INFO] [Console/]: ZMusic >>> 正在检查更新...
[076月2026 16:52:27.729] [Server thread/DEBUG] [mixin/]: Mixing world.level.NaturalSpawner_SpawnStateMixin from mixins.arclight.core.json into net.minecraft.world.level.NaturalSpawner$SpawnState
[076月2026 16:52:27.735] [Server thread/DEBUG] [mixin/]: Mixing world.level.chunk.storage.ChunkSerializerMixin from mixins.arclight.core.json into net.minecraft.world.level.chunk.storage.ChunkSerializer
[076月2026 16:52:27.739] [Server thread/DEBUG] [mixin/]: mixins.arclight.core.json:world.level.chunk.storage.ChunkSerializerMixin from mod (unknown)->@Inject::arclight$savePersistent(Lnet/minecraft/server/level/ServerLevel;Lnet/minecraft/world/level/chunk/ChunkAccess;Lorg/spongepowered/asm/mixin/injection/callback/CallbackInfoReturnable;)V does use it's CallbackInfoReturnable
[076月2026 16:52:27.751] [IO-Worker-2/DEBUG] [mixin/]: Mixing world.level.chunk.storage.RegionFileMixin from mixins.arclight.core.json into net.minecraft.world.level.chunk.storage.RegionFile
[076月2026 16:52:27.776] [Server thread/DEBUG] [Implementer/SWITCH_TABLE]: Candidate switch enum method <clinit>()V class org/bukkit/craftbukkit/v1_21_R1/block/CraftBlock$1
[076月2026 16:52:28.010] [Craft Scheduler Thread - 1/INFO] [Console/]: ZMusic >>> 已是最新版本!
[076月2026 16:52:28.011] [Craft Scheduler Thread - 1/INFO] [Console/]: ZMusic >>> 初始化语言系统...
[076月2026 16:52:28.011] [Craft Scheduler Thread - 1/INFO] [Console/]: ZMusic >>> 语言文件zh_CN[中文 (中国)]加载完成
[076月2026 16:52:28.011] [Craft Scheduler Thread - 1/INFO] [Console/]: ZMusic >>> 语言文件作者: 真心
[076月2026 16:52:28.330] [Craft Scheduler Thread - 1/INFO] [Console/]: ZMusic >>> 您未登录网易云音乐, 自动转为匿名登录.
[076月2026 16:52:28.330] [Craft Scheduler Thread - 1/INFO] [Console/]: ZMusic >>> 匿名登录将无法获取您的个人信息, 仅能播放公开音乐.
[076月2026 16:52:28.330] [Craft Scheduler Thread - 1/INFO] [Console/]: ZMusic >>> 请使用 /zm login 命令登录网易云音乐.
[076月2026 16:52:28.330] [Craft Scheduler Thread - 1/INFO] [Console/]: ZMusic >>> 插件作者: 真心
[076月2026 16:52:28.330] [Craft Scheduler Thread - 1/INFO] [Console/]: ZMusic >>> 主页：zhenxin.me
[076月2026 16:52:28.330] [Craft Scheduler Thread - 1/INFO] [Console/]: ZMusic >>> 插件交流群：1032722724
[076月2026 16:52:28.330] [Craft Scheduler Thread - 1/INFO] [Console/]: ZMusic >>> 插件已加载完成!
[076月2026 16:52:46.573] [Server thread/INFO] [net.minecraft.server.MinecraftServer/]: Stopping the server
[076月2026 16:52:46.617] [Server thread/INFO] [net.minecraft.server.MinecraftServer/]: Stopping server
[076月2026 16:52:46.618] [Server thread/INFO] [ZMusic/]: Disabling ZMusic v2.12.0
[076月2026 16:52:46.618] [Server thread/INFO] [Console/]: ZMusic >>> 正在卸载中....
[076月2026 16:52:46.618] [Server thread/INFO] [Console/]: ZMusic >>> 插件作者: 真心
[076月2026 16:52:46.618] [Server thread/INFO] [Console/]: ZMusic >>> 主页：zhenxin.me
[076月2026 16:52:46.618] [Server thread/INFO] [Console/]: ZMusic >>> 插件交流群：1032722724
[076月2026 16:52:46.618] [Server thread/INFO] [Console/]: ZMusic >>> 插件已卸载完成!
[076月2026 16:52:46.619] [Server thread/INFO] [PlaceholderAPI/]: Disabling PlaceholderAPI v2.12.2
[076月2026 16:52:46.619] [Server thread/INFO] [CoreProtect/]: Disabling CoreProtect v23.2
[076月2026 16:52:46.620] [Server thread/INFO] [Minecraft/]: [CoreProtect] Finishing up data logging. Please wait...
[076月2026 16:52:47.526] [Server thread/INFO] [Minecraft/]: [CoreProtect] Success! Disabled CoreProtect v23.2
[076月2026 16:52:47.527] [Server thread/INFO] [net.minecraft.server.MinecraftServer/]: Saving players
[076月2026 16:52:47.527] [Server thread/INFO] [net.minecraft.server.MinecraftServer/]: Saving worlds
[076月2026 16:52:47.766] [Server thread/INFO] [net.minecraft.server.MinecraftServer/]: Saving chunks for level 'ServerLevel[world]'/minecraft:overworld
[076月2026 16:52:48.209] [Server thread/DEBUG] [net.neoforged.neoforge.common.CommonHooks/WP]: Gathered mod list to write to world save world
[076月2026 16:52:48.213] [Server thread/INFO] [net.minecraft.server.MinecraftServer/]: Saving chunks for level 'ServerLevel[world/DIM-1]'/minecraft:the_nether
[076月2026 16:52:48.222] [Server thread/INFO] [net.minecraft.server.MinecraftServer/]: Saving chunks for level 'ServerLevel[world/DIM1]'/minecraft:the_end
[076月2026 16:52:48.247] [Server thread/DEBUG] [net.neoforged.fml.config.ConfigTracker/CONFIG]: Unloading configs type SERVER
[076月2026 16:52:53.248] [Exit Thread/DEBUG] [Arclight/]: Threads placeholderapi-io-#0 not shutting down
[076月2026 16:52:53.248] [Exit Thread/INFO] [Arclight/]: 1 threads not shutting down correctly, force exiting
[076月2026 16:52:53.249] [Log4j2-AsyncAppenderEventDispatcher-1-Async/DEBUG] [org.jline/]: jnaSupport.isConsoleOutput(): 
java.util.NoSuchElementException: null
	at java.base/java.util.ServiceLoader$2.next(ServiceLoader.java:1318) ~[?:?] {}
	at java.base/java.util.ServiceLoader$2.next(ServiceLoader.java:1306) ~[?:?] {}
	at java.base/java.util.ServiceLoader$3.next(ServiceLoader.java:1403) ~[?:?] {}
	at MC-BOOTSTRAP/org.jline.terminal@3.20.0/org.jline.terminal.TerminalBuilder.load(TerminalBuilder.java:503) ~[jline-terminal-3.20.0.jar%23116!/:?] {}
	at MC-BOOTSTRAP/org.jline.terminal@3.20.0/org.jline.terminal.TerminalBuilder.access$000(TerminalBuilder.java:40) ~[jline-terminal-3.20.0.jar%23116!/:?] {}
	at MC-BOOTSTRAP/org.jline.terminal@3.20.0/org.jline.terminal.TerminalBuilder$TerminalBuilderSupport.<init>(TerminalBuilder.java:548) [jline-terminal-3.20.0.jar%23116!/:?] {}
	at MC-BOOTSTRAP/org.jline.terminal@3.20.0/org.jline.terminal.TerminalBuilder.doBuild(TerminalBuilder.java:330) [jline-terminal-3.20.0.jar%23116!/:?] {}
	at MC-BOOTSTRAP/org.jline.terminal@3.20.0/org.jline.terminal.TerminalBuilder.build(TerminalBuilder.java:271) [jline-terminal-3.20.0.jar%23116!/:?] {}
	at MC-BOOTSTRAP/net.minecrell.terminalconsole@1.3.0/net.minecrell.terminalconsole.TerminalConsoleAppender.initializeTerminal(TerminalConsoleAppender.java:234) [terminalconsoleappender-1.3.0.jar%23104!/:?] {re:mixin}
	at MC-BOOTSTRAP/net.minecrell.terminalconsole@1.3.0/net.minecrell.terminalconsole.TerminalConsoleAppender.isAnsiSupported(TerminalConsoleAppender.java:191) [terminalconsoleappender-1.3.0.jar%23104!/:?] {re:mixin}
	at MC-BOOTSTRAP/net.minecrell.terminalconsole@1.3.0/net.minecrell.terminalconsole.MinecraftFormattingConverter.format(MinecraftFormattingConverter.java:148) [terminalconsoleappender-1.3.0.jar%23104!/:?] {}
	at MC-BOOTSTRAP/org.apache.logging.log4j.core@2.22.1/org.apache.logging.log4j.core.pattern.PatternFormatter.format(PatternFormatter.java:44) [log4j-core-2.22.1.jar%23113!/:2.22.1] {}
	at MC-BOOTSTRAP/org.apache.logging.log4j.core@2.22.1/org.apache.logging.log4j.core.pattern.HighlightConverter.format(HighlightConverter.java:248) [log4j-core-2.22.1.jar%23113!/:2.22.1] {}
	at MC-BOOTSTRAP/org.apache.logging.log4j.core@2.22.1/org.apache.logging.log4j.core.pattern.PatternFormatter.format(PatternFormatter.java:44) [log4j-core-2.22.1.jar%23113!/:2.22.1] {}
	at MC-BOOTSTRAP/org.apache.logging.log4j.core@2.22.1/org.apache.logging.log4j.core.layout.PatternLayout$PatternSelectorSerializer.toSerializable(PatternLayout.java:567) [log4j-core-2.22.1.jar%23113!/:2.22.1] {}
	at MC-BOOTSTRAP/org.apache.logging.log4j.core@2.22.1/org.apache.logging.log4j.core.layout.PatternLayout$PatternSelectorSerializer.toSerializable(PatternLayout.java:558) [log4j-core-2.22.1.jar%23113!/:2.22.1] {}
	at MC-BOOTSTRAP/org.apache.logging.log4j.core@2.22.1/org.apache.logging.log4j.core.layout.PatternLayout.toSerializable(PatternLayout.java:229) [log4j-core-2.22.1.jar%23113!/:2.22.1] {}
	at MC-BOOTSTRAP/org.apache.logging.log4j.core@2.22.1/org.apache.logging.log4j.core.layout.PatternLayout.toSerializable(PatternLayout.java:58) [log4j-core-2.22.1.jar%23113!/:2.22.1] {}
	at MC-BOOTSTRAP/net.minecrell.terminalconsole@1.3.0/net.minecrell.terminalconsole.TerminalConsoleAppender.append(TerminalConsoleAppender.java:256) [terminalconsoleappender-1.3.0.jar%23104!/:?] {re:mixin}
	at MC-BOOTSTRAP/org.apache.logging.log4j.core@2.22.1/org.apache.logging.log4j.core.config.AppenderControl.tryCallAppender(AppenderControl.java:160) [log4j-core-2.22.1.jar%23113!/:2.22.1] {}
	at MC-BOOTSTRAP/org.apache.logging.log4j.core@2.22.1/org.apache.logging.log4j.core.config.AppenderControl.callAppender0(AppenderControl.java:133) [log4j-core-2.22.1.jar%23113!/:2.22.1] {}
	at MC-BOOTSTRAP/org.apache.logging.log4j.core@2.22.1/org.apache.logging.log4j.core.config.AppenderControl.callAppenderPreventRecursion(AppenderControl.java:124) [log4j-core-2.22.1.jar%23113!/:2.22.1] {}
	at MC-BOOTSTRAP/org.apache.logging.log4j.core@2.22.1/org.apache.logging.log4j.core.config.AppenderControl.callAppender(AppenderControl.java:88) [log4j-core-2.22.1.jar%23113!/:2.22.1] {}
	at MC-BOOTSTRAP/org.apache.logging.log4j.core@2.22.1/org.apache.logging.log4j.core.appender.AsyncAppenderEventDispatcher.dispatch(AsyncAppenderEventDispatcher.java:127) [log4j-core-2.22.1.jar%23113!/:2.22.1] {}
	at MC-BOOTSTRAP/org.apache.logging.log4j.core@2.22.1/org.apache.logging.log4j.core.appender.AsyncAppenderEventDispatcher.dispatchAll(AsyncAppenderEventDispatcher.java:91) [log4j-core-2.22.1.jar%23113!/:2.22.1] {}
	at MC-BOOTSTRAP/org.apache.logging.log4j.core@2.22.1/org.apache.logging.log4j.core.appender.AsyncAppenderEventDispatcher.run(AsyncAppenderEventDispatcher.java:73) [log4j-core-2.22.1.jar%23113!/:2.22.1] {}
[076月2026 16:52:53.249] [Log4j2-AsyncAppenderEventDispatcher-1-Async/DEBUG] [org.jline/]: jansiSupport.isConsoleOutput(): 
java.lang.AbstractMethodError: Receiver class org.jline.terminal.impl.jansi.JansiSupportImpl does not define or inherit an implementation of the resolved method 'abstract boolean isConsoleOutput()' of interface org.jline.terminal.spi.JansiSupport.
	at MC-BOOTSTRAP/org.jline.terminal@3.20.0/org.jline.terminal.TerminalBuilder$TerminalBuilderSupport.<init>(TerminalBuilder.java:558) [jline-terminal-3.20.0.jar%23116!/:?] {}
	at MC-BOOTSTRAP/org.jline.terminal@3.20.0/org.jline.terminal.TerminalBuilder.doBuild(TerminalBuilder.java:330) [jline-terminal-3.20.0.jar%23116!/:?] {}
	at MC-BOOTSTRAP/org.jline.terminal@3.20.0/org.jline.terminal.TerminalBuilder.build(TerminalBuilder.java:271) [jline-terminal-3.20.0.jar%23116!/:?] {}
	at MC-BOOTSTRAP/net.minecrell.terminalconsole@1.3.0/net.minecrell.terminalconsole.TerminalConsoleAppender.initializeTerminal(TerminalConsoleAppender.java:234) [terminalconsoleappender-1.3.0.jar%23104!/:?] {re:mixin}
	at MC-BOOTSTRAP/net.minecrell.terminalconsole@1.3.0/net.minecrell.terminalconsole.TerminalConsoleAppender.isAnsiSupported(TerminalConsoleAppender.java:191) [terminalconsoleappender-1.3.0.jar%23104!/:?] {re:mixin}
	at MC-BOOTSTRAP/net.minecrell.terminalconsole@1.3.0/net.minecrell.terminalconsole.MinecraftFormattingConverter.format(MinecraftFormattingConverter.java:148) [terminalconsoleappender-1.3.0.jar%23104!/:?] {}
	at MC-BOOTSTRAP/org.apache.logging.log4j.core@2.22.1/org.apache.logging.log4j.core.pattern.PatternFormatter.format(PatternFormatter.java:44) [log4j-core-2.22.1.jar%23113!/:2.22.1] {}
	at MC-BOOTSTRAP/org.apache.logging.log4j.core@2.22.1/org.apache.logging.log4j.core.pattern.HighlightConverter.format(HighlightConverter.java:248) [log4j-core-2.22.1.jar%23113!/:2.22.1] {}
	at MC-BOOTSTRAP/org.apache.logging.log4j.core@2.22.1/org.apache.logging.log4j.core.pattern.PatternFormatter.format(PatternFormatter.java:44) [log4j-core-2.22.1.jar%23113!/:2.22.1] {}
	at MC-BOOTSTRAP/org.apache.logging.log4j.core@2.22.1/org.apache.logging.log4j.core.layout.PatternLayout$PatternSelectorSerializer.toSerializable(PatternLayout.java:567) [log4j-core-2.22.1.jar%23113!/:2.22.1] {}
	at MC-BOOTSTRAP/org.apache.logging.log4j.core@2.22.1/org.apache.logging.log4j.core.layout.PatternLayout$PatternSelectorSerializer.toSerializable(PatternLayout.java:558) [log4j-core-2.22.1.jar%23113!/:2.22.1] {}
	at MC-BOOTSTRAP/org.apache.logging.log4j.core@2.22.1/org.apache.logging.log4j.core.layout.PatternLayout.toSerializable(PatternLayout.java:229) [log4j-core-2.22.1.jar%23113!/:2.22.1] {}
	at MC-BOOTSTRAP/org.apache.logging.log4j.core@2.22.1/org.apache.logging.log4j.core.layout.PatternLayout.toSerializable(PatternLayout.java:58) [log4j-core-2.22.1.jar%23113!/:2.22.1] {}
	at MC-BOOTSTRAP/net.minecrell.terminalconsole@1.3.0/net.minecrell.terminalconsole.TerminalConsoleAppender.append(TerminalConsoleAppender.java:256) [terminalconsoleappender-1.3.0.jar%23104!/:?] {re:mixin}
	at MC-BOOTSTRAP/org.apache.logging.log4j.core@2.22.1/org.apache.logging.log4j.core.config.AppenderControl.tryCallAppender(AppenderControl.java:160) [log4j-core-2.22.1.jar%23113!/:2.22.1] {}
	at MC-BOOTSTRAP/org.apache.logging.log4j.core@2.22.1/org.apache.logging.log4j.core.config.AppenderControl.callAppender0(AppenderControl.java:133) [log4j-core-2.22.1.jar%23113!/:2.22.1] {}
	at MC-BOOTSTRAP/org.apache.logging.log4j.core@2.22.1/org.apache.logging.log4j.core.config.AppenderControl.callAppenderPreventRecursion(AppenderControl.java:124) [log4j-core-2.22.1.jar%23113!/:2.22.1] {}
	at MC-BOOTSTRAP/org.apache.logging.log4j.core@2.22.1/org.apache.logging.log4j.core.config.AppenderControl.callAppender(AppenderControl.java:88) [log4j-core-2.22.1.jar%23113!/:2.22.1] {}
	at MC-BOOTSTRAP/org.apache.logging.log4j.core@2.22.1/org.apache.logging.log4j.core.appender.AsyncAppenderEventDispatcher.dispatch(AsyncAppenderEventDispatcher.java:127) [log4j-core-2.22.1.jar%23113!/:2.22.1] {}
	at MC-BOOTSTRAP/org.apache.logging.log4j.core@2.22.1/org.apache.logging.log4j.core.appender.AsyncAppenderEventDispatcher.dispatchAll(AsyncAppenderEventDispatcher.java:91) [log4j-core-2.22.1.jar%23113!/:2.22.1] {}
	at MC-BOOTSTRAP/org.apache.logging.log4j.core@2.22.1/org.apache.logging.log4j.core.appender.AsyncAppenderEventDispatcher.run(AsyncAppenderEventDispatcher.java:73) [log4j-core-2.22.1.jar%23113!/:2.22.1] {}
